solid OpenSCAD_Model
  facet normal 0.471451 -0.881892 0
    outer loop
      vertex 57.9134 -37.6194 0
      vertex 58.7778 -37.1573 34
      vertex 57.9134 -37.6194 34
    endloop
  endfacet
  facet normal 0.471451 -0.881892 0
    outer loop
      vertex 58.7778 -37.1573 34
      vertex 57.9134 -37.6194 0
      vertex 58.7778 -37.1573 0
    endloop
  endfacet
  facet normal 0.290248 -0.956951 0
    outer loop
      vertex 56.9754 -37.9039 0
      vertex 57.9134 -37.6194 34
      vertex 56.9754 -37.9039 34
    endloop
  endfacet
  facet normal 0.290248 -0.956951 0
    outer loop
      vertex 57.9134 -37.6194 34
      vertex 56.9754 -37.9039 0
      vertex 57.9134 -37.6194 0
    endloop
  endfacet
  facet normal -1 0 0
    outer loop
      vertex -61 -33 0
      vertex -61 33 34
      vertex -61 33 0
    endloop
  endfacet
  facet normal -1 -0 0
    outer loop
      vertex -61 33 34
      vertex -61 -33 0
      vertex -61 -33 34
    endloop
  endfacet
  facet normal 0.098049 -0.995182 0
    outer loop
      vertex 56 -38 0
      vertex 56.9754 -37.9039 34
      vertex 56 -38 34
    endloop
  endfacet
  facet normal 0.098049 -0.995182 0
    outer loop
      vertex 56.9754 -37.9039 34
      vertex 56 -38 0
      vertex 56.9754 -37.9039 0
    endloop
  endfacet
  facet normal 0.471451 0.881892 -0
    outer loop
      vertex 58.7778 37.1573 0
      vertex 57.9134 37.6194 34
      vertex 58.7778 37.1573 34
    endloop
  endfacet
  facet normal 0.471451 0.881892 0
    outer loop
      vertex 57.9134 37.6194 34
      vertex 58.7778 37.1573 0
      vertex 57.9134 37.6194 0
    endloop
  endfacet
  facet normal -0.471451 -0.881892 0
    outer loop
      vertex -58.7778 -37.1573 0
      vertex -57.9134 -37.6194 34
      vertex -58.7778 -37.1573 34
    endloop
  endfacet
  facet normal -0.471451 -0.881892 -0
    outer loop
      vertex -57.9134 -37.6194 34
      vertex -58.7778 -37.1573 0
      vertex -57.9134 -37.6194 0
    endloop
  endfacet
  facet normal 0 -1 0
    outer loop
      vertex 15 -38 6.5
      vertex 35.5 -38 19.5
      vertex 15 -38 19.5
    endloop
  endfacet
  facet normal 0 -1 -0
    outer loop
      vertex 35.5 -38 19.5
      vertex 15 -38 6.5
      vertex 35.5 -38 6.5
    endloop
  endfacet
  facet normal 0 -1 0
    outer loop
      vertex -1.5 -38 6.5
      vertex 2 -38 19.5
      vertex -1.5 -38 19.5
    endloop
  endfacet
  facet normal 0 -1 -0
    outer loop
      vertex 2 -38 19.5
      vertex -1.5 -38 6.5
      vertex 2 -38 6.5
    endloop
  endfacet
  facet normal 0 -1 0
    outer loop
      vertex -16.5 -38 6.5
      vertex -14.5 -38 19.5
      vertex -16.5 -38 19.5
    endloop
  endfacet
  facet normal 0 -1 -0
    outer loop
      vertex -14.5 -38 19.5
      vertex -16.5 -38 6.5
      vertex -14.5 -38 6.5
    endloop
  endfacet
  facet normal 0 -1 0
    outer loop
      vertex -16.5 -38 19.5
      vertex -56 -38 34
      vertex -29.5 -38 19.5
    endloop
  endfacet
  facet normal 0 -1 0
    outer loop
      vertex -56 -38 0
      vertex -29.5 -38 19.5
      vertex -56 -38 34
    endloop
  endfacet
  facet normal 0 -1 0
    outer loop
      vertex -56 -38 0
      vertex -16.5 -38 6.5
      vertex -29.5 -38 6.5
    endloop
  endfacet
  facet normal 0 -1 -0
    outer loop
      vertex -16.5 -38 6.5
      vertex -56 -38 0
      vertex -14.5 -38 6.5
    endloop
  endfacet
  facet normal 0 -1 -0
    outer loop
      vertex -14.5 -38 6.5
      vertex -56 -38 0
      vertex -1.5 -38 6.5
    endloop
  endfacet
  facet normal 0 -1 -0
    outer loop
      vertex -1.5 -38 6.5
      vertex -56 -38 0
      vertex 2 -38 6.5
    endloop
  endfacet
  facet normal 0 -1 0
    outer loop
      vertex 56 -38 0
      vertex 2 -38 6.5
      vertex -56 -38 0
    endloop
  endfacet
  facet normal 0 -1 0
    outer loop
      vertex 15 -38 6.5
      vertex 56 -38 0
      vertex 35.5 -38 6.5
    endloop
  endfacet
  facet normal 0 -1 0
    outer loop
      vertex 2 -38 6.5
      vertex 56 -38 0
      vertex 15 -38 6.5
    endloop
  endfacet
  facet normal 0 -1 -0
    outer loop
      vertex -29.5 -38 19.5
      vertex -56 -38 0
      vertex -29.5 -38 6.5
    endloop
  endfacet
  facet normal 0 -1 0
    outer loop
      vertex -14.5 -38 19.5
      vertex -56 -38 34
      vertex -16.5 -38 19.5
    endloop
  endfacet
  facet normal 0 -1 0
    outer loop
      vertex -1.5 -38 19.5
      vertex -56 -38 34
      vertex -14.5 -38 19.5
    endloop
  endfacet
  facet normal 0 -1 0
    outer loop
      vertex -56 -38 34
      vertex -1.5 -38 19.5
      vertex 56 -38 34
    endloop
  endfacet
  facet normal 0 -1 0
    outer loop
      vertex 2 -38 19.5
      vertex 56 -38 34
      vertex -1.5 -38 19.5
    endloop
  endfacet
  facet normal 0 -1 0
    outer loop
      vertex 15 -38 19.5
      vertex 56 -38 34
      vertex 2 -38 19.5
    endloop
  endfacet
  facet normal 0 -1 0
    outer loop
      vertex 35.5 -38 19.5
      vertex 56 -38 34
      vertex 15 -38 19.5
    endloop
  endfacet
  facet normal 0 -1 0
    outer loop
      vertex 46.5 -38 19.5
      vertex 56 -38 34
      vertex 35.5 -38 19.5
    endloop
  endfacet
  facet normal 0 -1 0
    outer loop
      vertex 56 -38 0
      vertex 46.5 -38 19.5
      vertex 46.5 -38 6.5
    endloop
  endfacet
  facet normal 0 -1 0
    outer loop
      vertex 46.5 -38 19.5
      vertex 56 -38 0
      vertex 56 -38 34
    endloop
  endfacet
  facet normal 0 -1 0
    outer loop
      vertex 35.5 -38 6.5
      vertex 56 -38 0
      vertex 46.5 -38 6.5
    endloop
  endfacet
  facet normal -0.098049 0.995182 0
    outer loop
      vertex -56 38 0
      vertex -56.9754 37.9039 34
      vertex -56 38 34
    endloop
  endfacet
  facet normal -0.098049 0.995182 0
    outer loop
      vertex -56.9754 37.9039 34
      vertex -56 38 0
      vertex -56.9754 37.9039 0
    endloop
  endfacet
  facet normal 1 0 0
    outer loop
      vertex 61 28.5 6.5
      vertex 61 33 34
      vertex 61 28.5 29.5
    endloop
  endfacet
  facet normal 1 0 0
    outer loop
      vertex 61 33 34
      vertex 61 -28.5 29.5
      vertex 61 28.5 29.5
    endloop
  endfacet
  facet normal 1 0 0
    outer loop
      vertex 61 -28.5 29.5
      vertex 61 -33 34
      vertex 61 -28.5 6.5
    endloop
  endfacet
  facet normal 1 -0 0
    outer loop
      vertex 61 -33 34
      vertex 61 -28.5 29.5
      vertex 61 33 34
    endloop
  endfacet
  facet normal 1 0 0
    outer loop
      vertex 61 33 34
      vertex 61 28.5 6.5
      vertex 61 33 0
    endloop
  endfacet
  facet normal 1 -0 0
    outer loop
      vertex 61 -28.5 6.5
      vertex 61 33 0
      vertex 61 28.5 6.5
    endloop
  endfacet
  facet normal 1 0 0
    outer loop
      vertex 61 -28.5 6.5
      vertex 61 -33 0
      vertex 61 33 0
    endloop
  endfacet
  facet normal 1 0 0
    outer loop
      vertex 61 -33 0
      vertex 61 -28.5 6.5
      vertex 61 -33 34
    endloop
  endfacet
  facet normal 0 0 -1
    outer loop
      vertex -57.25 -29 0
      vertex -36.75 29 0
      vertex -36.75 -29 0
    endloop
  endfacet
  facet normal -0 0 -1
    outer loop
      vertex -36.75 29 0
      vertex -57.25 -29 0
      vertex -57.25 29 0
    endloop
  endfacet
  facet normal 0 0 -1
    outer loop
      vertex 36.75 -29 0
      vertex 57.25 29 0
      vertex 57.25 -29 0
    endloop
  endfacet
  facet normal -0 0 -1
    outer loop
      vertex 57.25 29 0
      vertex 36.75 -29 0
      vertex 36.75 29 0
    endloop
  endfacet
  facet normal 0 0 -1
    outer loop
      vertex 57.25 -33 0
      vertex 61 -33 0
      vertex 60.9039 -33.9754 0
    endloop
  endfacet
  facet normal 0 0 -1
    outer loop
      vertex 61 -33 0
      vertex 57.25 -29 0
      vertex 61 33 0
    endloop
  endfacet
  facet normal 0 0 -1
    outer loop
      vertex 57.25 -33 0
      vertex 60.9039 -33.9754 0
      vertex 60.6194 -34.9134 0
    endloop
  endfacet
  facet normal 0 0 -1
    outer loop
      vertex 57.25 29 0
      vertex 61 33 0
      vertex 57.25 -29 0
    endloop
  endfacet
  facet normal 0 0 -1
    outer loop
      vertex 57.25 -33 0
      vertex 60.6194 -34.9134 0
      vertex 60.1573 -35.7778 0
    endloop
  endfacet
  facet normal 0 0 -1
    outer loop
      vertex 57.25 33 0
      vertex 61 33 0
      vertex 57.25 29 0
    endloop
  endfacet
  facet normal 0 0 -1
    outer loop
      vertex 57.25 -33 0
      vertex 60.1573 -35.7778 0
      vertex 59.5355 -36.5355 0
    endloop
  endfacet
  facet normal 0 0 -1
    outer loop
      vertex 61 33 0
      vertex 57.25 33 0
      vertex 60.9039 33.9754 0
    endloop
  endfacet
  facet normal 0 0 -1
    outer loop
      vertex 57.25 -33 0
      vertex 59.5355 -36.5355 0
      vertex 58.7778 -37.1573 0
    endloop
  endfacet
  facet normal -0 0 -1
    outer loop
      vertex 60.9039 33.9754 0
      vertex 57.25 33 0
      vertex 60.6194 34.9134 0
    endloop
  endfacet
  facet normal 0 0 -1
    outer loop
      vertex 57.25 -33 0
      vertex 58.7778 -37.1573 0
      vertex 57.9134 -37.6194 0
    endloop
  endfacet
  facet normal -0 0 -1
    outer loop
      vertex 60.6194 34.9134 0
      vertex 57.25 33 0
      vertex 60.1573 35.7778 0
    endloop
  endfacet
  facet normal 0 0 -1
    outer loop
      vertex 61 -33 0
      vertex 57.25 -33 0
      vertex 57.25 -29 0
    endloop
  endfacet
  facet normal 0 0 -1
    outer loop
      vertex 56.9754 -37.9039 0
      vertex 57.25 -33 0
      vertex 57.9134 -37.6194 0
    endloop
  endfacet
  facet normal 0 0 -1
    outer loop
      vertex 56 -38 0
      vertex 57.25 -33 0
      vertex 56.9754 -37.9039 0
    endloop
  endfacet
  facet normal 0 0 -1
    outer loop
      vertex 56 -38 0
      vertex 36.75 -33 0
      vertex 57.25 -33 0
    endloop
  endfacet
  facet normal 0 0 -1
    outer loop
      vertex -36.75 -29 0
      vertex 36.75 -29 0
      vertex 36.75 -33 0
    endloop
  endfacet
  facet normal 0 0 -1
    outer loop
      vertex 36.75 -29 0
      vertex -36.75 -29 0
      vertex 36.75 29 0
    endloop
  endfacet
  facet normal 0 0 -1
    outer loop
      vertex -36.75 -29 0
      vertex 36.75 -33 0
      vertex -36.75 -33 0
    endloop
  endfacet
  facet normal 0 0 -1
    outer loop
      vertex 56 -38 0
      vertex -36.75 -33 0
      vertex 36.75 -33 0
    endloop
  endfacet
  facet normal 0 0 -1
    outer loop
      vertex -56 -38 0
      vertex -36.75 -33 0
      vertex 56 -38 0
    endloop
  endfacet
  facet normal 0 0 -1
    outer loop
      vertex -57.25 -33 0
      vertex -56 -38 0
      vertex -56.9754 -37.9039 0
    endloop
  endfacet
  facet normal 0 0 -1
    outer loop
      vertex -56 -38 0
      vertex -57.25 -33 0
      vertex -36.75 -33 0
    endloop
  endfacet
  facet normal 0 0 -1
    outer loop
      vertex -61 -33 0
      vertex -57.25 -29 0
      vertex -57.25 -33 0
    endloop
  endfacet
  facet normal -0 0 -1
    outer loop
      vertex -57.25 -29 0
      vertex -61 -33 0
      vertex -57.25 29 0
    endloop
  endfacet
  facet normal 0 0 -1
    outer loop
      vertex -58.7778 -37.1573 0
      vertex -57.25 -33 0
      vertex -57.9134 -37.6194 0
    endloop
  endfacet
  facet normal 0 0 -1
    outer loop
      vertex -57.9134 -37.6194 0
      vertex -57.25 -33 0
      vertex -56.9754 -37.9039 0
    endloop
  endfacet
  facet normal -0 0 -1
    outer loop
      vertex 60.1573 35.7778 0
      vertex 57.25 33 0
      vertex 59.5355 36.5355 0
    endloop
  endfacet
  facet normal -0 0 -1
    outer loop
      vertex 59.5355 36.5355 0
      vertex 57.25 33 0
      vertex 58.7778 37.1573 0
    endloop
  endfacet
  facet normal -0 0 -1
    outer loop
      vertex 58.7778 37.1573 0
      vertex 57.25 33 0
      vertex 57.9134 37.6194 0
    endloop
  endfacet
  facet normal 0 0 -1
    outer loop
      vertex 57.25 33 0
      vertex 56.9754 37.9039 0
      vertex 57.9134 37.6194 0
    endloop
  endfacet
  facet normal 0 0 -1
    outer loop
      vertex 57.25 33 0
      vertex 56 38 0
      vertex 56.9754 37.9039 0
    endloop
  endfacet
  facet normal 0 0 -1
    outer loop
      vertex 36.75 33 0
      vertex 56 38 0
      vertex 57.25 33 0
    endloop
  endfacet
  facet normal 0 0 -1
    outer loop
      vertex -36.75 29 0
      vertex 36.75 29 0
      vertex -36.75 -29 0
    endloop
  endfacet
  facet normal 0 0 -1
    outer loop
      vertex 36.75 29 0
      vertex -36.75 29 0
      vertex 36.75 33 0
    endloop
  endfacet
  facet normal 0 0 -1
    outer loop
      vertex -36.75 33 0
      vertex 36.75 33 0
      vertex -36.75 29 0
    endloop
  endfacet
  facet normal 0 0 -1
    outer loop
      vertex 36.75 33 0
      vertex -36.75 33 0
      vertex 56 38 0
    endloop
  endfacet
  facet normal 0 0 -1
    outer loop
      vertex -36.75 33 0
      vertex -56 38 0
      vertex 56 38 0
    endloop
  endfacet
  facet normal 0 0 -1
    outer loop
      vertex -57.25 33 0
      vertex -56 38 0
      vertex -36.75 33 0
    endloop
  endfacet
  facet normal 0 0 -1
    outer loop
      vertex -56 38 0
      vertex -57.25 33 0
      vertex -56.9754 37.9039 0
    endloop
  endfacet
  facet normal 0 0 -1
    outer loop
      vertex -57.25 33 0
      vertex -57.9134 37.6194 0
      vertex -56.9754 37.9039 0
    endloop
  endfacet
  facet normal 0 0 -1
    outer loop
      vertex -61 33 0
      vertex -57.25 29 0
      vertex -61 -33 0
    endloop
  endfacet
  facet normal 0 0 -1
    outer loop
      vertex -59.5355 -36.5355 0
      vertex -57.25 -33 0
      vertex -58.7778 -37.1573 0
    endloop
  endfacet
  facet normal 0 0 -1
    outer loop
      vertex -57.25 29 0
      vertex -61 33 0
      vertex -57.25 33 0
    endloop
  endfacet
  facet normal 0 0 -1
    outer loop
      vertex -60.1573 -35.7778 0
      vertex -57.25 -33 0
      vertex -59.5355 -36.5355 0
    endloop
  endfacet
  facet normal 0 -0 -1
    outer loop
      vertex -60.9039 33.9754 0
      vertex -57.25 33 0
      vertex -61 33 0
    endloop
  endfacet
  facet normal 0 0 -1
    outer loop
      vertex -60.6194 -34.9134 0
      vertex -57.25 -33 0
      vertex -60.1573 -35.7778 0
    endloop
  endfacet
  facet normal 0 0 -1
    outer loop
      vertex -57.25 33 0
      vertex -58.7778 37.1573 0
      vertex -57.9134 37.6194 0
    endloop
  endfacet
  facet normal 0 0 -1
    outer loop
      vertex -60.9039 -33.9754 0
      vertex -57.25 -33 0
      vertex -60.6194 -34.9134 0
    endloop
  endfacet
  facet normal 0 0 -1
    outer loop
      vertex -57.25 33 0
      vertex -59.5355 36.5355 0
      vertex -58.7778 37.1573 0
    endloop
  endfacet
  facet normal -0 0 -1
    outer loop
      vertex -57.25 -33 0
      vertex -60.9039 -33.9754 0
      vertex -61 -33 0
    endloop
  endfacet
  facet normal 0 0 -1
    outer loop
      vertex -57.25 33 0
      vertex -60.1573 35.7778 0
      vertex -59.5355 36.5355 0
    endloop
  endfacet
  facet normal 0 0 -1
    outer loop
      vertex -57.25 33 0
      vertex -60.6194 34.9134 0
      vertex -60.1573 35.7778 0
    endloop
  endfacet
  facet normal 0 0 -1
    outer loop
      vertex -57.25 33 0
      vertex -60.9039 33.9754 0
      vertex -60.6194 34.9134 0
    endloop
  endfacet
  facet normal -0.290248 -0.956951 0
    outer loop
      vertex -57.9134 -37.6194 0
      vertex -56.9754 -37.9039 34
      vertex -57.9134 -37.6194 34
    endloop
  endfacet
  facet normal -0.290248 -0.956951 -0
    outer loop
      vertex -56.9754 -37.9039 34
      vertex -57.9134 -37.6194 0
      vertex -56.9754 -37.9039 0
    endloop
  endfacet
  facet normal -0.290248 0.956951 0
    outer loop
      vertex -56.9754 37.9039 0
      vertex -57.9134 37.6194 34
      vertex -56.9754 37.9039 34
    endloop
  endfacet
  facet normal -0.290248 0.956951 0
    outer loop
      vertex -57.9134 37.6194 34
      vertex -56.9754 37.9039 0
      vertex -57.9134 37.6194 0
    endloop
  endfacet
  facet normal 0.098049 0.995182 -0
    outer loop
      vertex 56.9754 37.9039 0
      vertex 56 38 34
      vertex 56.9754 37.9039 34
    endloop
  endfacet
  facet normal 0.098049 0.995182 0
    outer loop
      vertex 56 38 34
      vertex 56.9754 37.9039 0
      vertex 56 38 0
    endloop
  endfacet
  facet normal 0.290248 0.956951 -0
    outer loop
      vertex 57.9134 37.6194 0
      vertex 56.9754 37.9039 34
      vertex 57.9134 37.6194 34
    endloop
  endfacet
  facet normal 0.290248 0.956951 0
    outer loop
      vertex 56.9754 37.9039 34
      vertex 57.9134 37.6194 0
      vertex 56.9754 37.9039 0
    endloop
  endfacet
  facet normal 0 1 -0
    outer loop
      vertex -6.5 38 19.5
      vertex -10.5 38 23.5
      vertex -6.5 38 23.5
    endloop
  endfacet
  facet normal 0 1 0
    outer loop
      vertex -10.5 38 23.5
      vertex -6.5 38 19.5
      vertex -10.5 38 19.5
    endloop
  endfacet
  facet normal 0 1 -0
    outer loop
      vertex 6.5 38 19.5
      vertex 2.5 38 23.5
      vertex 6.5 38 23.5
    endloop
  endfacet
  facet normal 0 1 0
    outer loop
      vertex 2.5 38 23.5
      vertex 6.5 38 19.5
      vertex 2.5 38 19.5
    endloop
  endfacet
  facet normal 0 1 -0
    outer loop
      vertex 19.5 38 19.5
      vertex 15.5 38 23.5
      vertex 19.5 38 23.5
    endloop
  endfacet
  facet normal 0 1 0
    outer loop
      vertex 15.5 38 23.5
      vertex 19.5 38 19.5
      vertex 15.5 38 19.5
    endloop
  endfacet
  facet normal 0 1 -0
    outer loop
      vertex 32.5 38 19.5
      vertex 28.5 38 23.5
      vertex 32.5 38 23.5
    endloop
  endfacet
  facet normal 0 1 0
    outer loop
      vertex 28.5 38 23.5
      vertex 32.5 38 19.5
      vertex 28.5 38 19.5
    endloop
  endfacet
  facet normal 0 1 -0
    outer loop
      vertex 45.5 38 19.5
      vertex 41.5 38 23.5
      vertex 45.5 38 23.5
    endloop
  endfacet
  facet normal 0 1 0
    outer loop
      vertex 41.5 38 23.5
      vertex 45.5 38 19.5
      vertex 41.5 38 19.5
    endloop
  endfacet
  facet normal 0 1 0
    outer loop
      vertex 49.9 38 31.5
      vertex 46.9 38 30.6
      vertex 28.1 38 31.5
    endloop
  endfacet
  facet normal 0 1 0
    outer loop
      vertex 49.9 38 31.5
      vertex 47.3097 38 30.5596
      vertex 46.9 38 30.6
    endloop
  endfacet
  facet normal 0 1 0
    outer loop
      vertex 49.9 38 31.5
      vertex 47.7036 38 30.4401
      vertex 47.3097 38 30.5596
    endloop
  endfacet
  facet normal 0 1 0
    outer loop
      vertex 49.9 38 31.5
      vertex 48.0667 38 30.2461
      vertex 47.7036 38 30.4401
    endloop
  endfacet
  facet normal 0 1 0
    outer loop
      vertex 49.9 38 31.5
      vertex 48.3849 38 29.9849
      vertex 48.0667 38 30.2461
    endloop
  endfacet
  facet normal 0 1 0
    outer loop
      vertex 49.9 38 31.5
      vertex 48.6461 38 29.6667
      vertex 48.3849 38 29.9849
    endloop
  endfacet
  facet normal 0 1 0
    outer loop
      vertex 49.9 38 31.5
      vertex 48.8401 38 29.3036
      vertex 48.6461 38 29.6667
    endloop
  endfacet
  facet normal 0 1 0
    outer loop
      vertex 49.9 38 31.5
      vertex 48.9596 38 28.9097
      vertex 48.8401 38 29.3036
    endloop
  endfacet
  facet normal 0 1 0
    outer loop
      vertex 49.9 38 31.5
      vertex 49 38 28.5
      vertex 48.9596 38 28.9097
    endloop
  endfacet
  facet normal 0 1 -0
    outer loop
      vertex 49.9 38 25.5
      vertex 49 38 28.5
      vertex 49.9 38 31.5
    endloop
  endfacet
  facet normal 0 1 0
    outer loop
      vertex 46.9 38 26.4
      vertex 49.9 38 25.5
      vertex 31.1 38 26.4
    endloop
  endfacet
  facet normal 0 1 0
    outer loop
      vertex 47.3097 38 26.4403
      vertex 49.9 38 25.5
      vertex 46.9 38 26.4
    endloop
  endfacet
  facet normal 0 1 0
    outer loop
      vertex 47.7036 38 26.5599
      vertex 49.9 38 25.5
      vertex 47.3097 38 26.4403
    endloop
  endfacet
  facet normal 0 1 0
    outer loop
      vertex 48.0667 38 26.7539
      vertex 49.9 38 25.5
      vertex 47.7036 38 26.5599
    endloop
  endfacet
  facet normal 0 1 0
    outer loop
      vertex 48.3849 38 27.0151
      vertex 49.9 38 25.5
      vertex 48.0667 38 26.7539
    endloop
  endfacet
  facet normal 0 1 0
    outer loop
      vertex 48.6461 38 27.3333
      vertex 49.9 38 25.5
      vertex 48.3849 38 27.0151
    endloop
  endfacet
  facet normal 0 1 0
    outer loop
      vertex 48.8401 38 27.6964
      vertex 49.9 38 25.5
      vertex 48.6461 38 27.3333
    endloop
  endfacet
  facet normal 0 1 0
    outer loop
      vertex 48.9596 38 28.0903
      vertex 49.9 38 25.5
      vertex 48.8401 38 27.6964
    endloop
  endfacet
  facet normal 0 1 0
    outer loop
      vertex 49 38 28.5
      vertex 49.9 38 25.5
      vertex 48.9596 38 28.0903
    endloop
  endfacet
  facet normal 0 1 0
    outer loop
      vertex 49.9 38 31.5
      vertex 56 38 34
      vertex 53.1 38 31.5
    endloop
  endfacet
  facet normal 0 1 0
    outer loop
      vertex 56 38 34
      vertex 53.1 38 25.5
      vertex 53.1 38 31.5
    endloop
  endfacet
  facet normal 0 1 0
    outer loop
      vertex 54.5 38 23.5
      vertex 49.9 38 25.5
      vertex 53.1 38 25.5
    endloop
  endfacet
  facet normal 0 1 0
    outer loop
      vertex 49.9 38 25.5
      vertex 41.5 38 23.5
      vertex 28.1 38 25.5
    endloop
  endfacet
  facet normal 0 1 0
    outer loop
      vertex 49.9 38 25.5
      vertex 54.5 38 23.5
      vertex 45.5 38 23.5
    endloop
  endfacet
  facet normal 0 1 0
    outer loop
      vertex 56 38 34
      vertex 54.5 38 23.5
      vertex 53.1 38 25.5
    endloop
  endfacet
  facet normal 0 1 0
    outer loop
      vertex 56 38 34
      vertex 54.5 38 19.5
      vertex 54.5 38 23.5
    endloop
  endfacet
  facet normal 0 1 0
    outer loop
      vertex 56 38 0
      vertex 45.5 38 19.5
      vertex 54.5 38 19.5
    endloop
  endfacet
  facet normal 0 1 0
    outer loop
      vertex 45.5 38 19.5
      vertex 56 38 0
      vertex 41.5 38 19.5
    endloop
  endfacet
  facet normal 0 1 0
    outer loop
      vertex 41.5 38 19.5
      vertex 56 38 0
      vertex 32.5 38 19.5
    endloop
  endfacet
  facet normal 0 1 0
    outer loop
      vertex 32.5 38 19.5
      vertex 56 38 0
      vertex 28.5 38 19.5
    endloop
  endfacet
  facet normal 0 1 0
    outer loop
      vertex 28.5 38 19.5
      vertex 56 38 0
      vertex 19.5 38 19.5
    endloop
  endfacet
  facet normal 0 1 0
    outer loop
      vertex 19.5 38 19.5
      vertex 56 38 0
      vertex 15.5 38 19.5
    endloop
  endfacet
  facet normal 0 1 0
    outer loop
      vertex 15.5 38 19.5
      vertex 56 38 0
      vertex 6.5 38 19.5
    endloop
  endfacet
  facet normal 0 1 0
    outer loop
      vertex 6.5 38 19.5
      vertex 56 38 0
      vertex 2.5 38 19.5
    endloop
  endfacet
  facet normal 0 1 0
    outer loop
      vertex -56 38 0
      vertex 2.5 38 19.5
      vertex 56 38 0
    endloop
  endfacet
  facet normal 0 1 0
    outer loop
      vertex 2.5 38 19.5
      vertex -56 38 0
      vertex -6.5 38 19.5
    endloop
  endfacet
  facet normal 0 1 0
    outer loop
      vertex -6.5 38 19.5
      vertex -56 38 0
      vertex -10.5 38 19.5
    endloop
  endfacet
  facet normal 0 1 -0
    outer loop
      vertex 56 38 0
      vertex 54.5 38 19.5
      vertex 56 38 34
    endloop
  endfacet
  facet normal 0 1 0
    outer loop
      vertex 28.1 38 31.5
      vertex 56 38 34
      vertex 49.9 38 31.5
    endloop
  endfacet
  facet normal 0 1 0
    outer loop
      vertex 24.9 38 31.5
      vertex 56 38 34
      vertex 28.1 38 31.5
    endloop
  endfacet
  facet normal 0 1 0
    outer loop
      vertex 56 38 34
      vertex 24.9 38 31.5
      vertex -56 38 34
    endloop
  endfacet
  facet normal 0 1 0
    outer loop
      vertex 19.5 38 23.5
      vertex 24.9 38 31.5
      vertex 24.9 38 25.5
    endloop
  endfacet
  facet normal 0 1 0
    outer loop
      vertex 49.9 38 25.5
      vertex 45.5 38 23.5
      vertex 41.5 38 23.5
    endloop
  endfacet
  facet normal 0 1 -0
    outer loop
      vertex 32.5 38 23.5
      vertex 28.1 38 25.5
      vertex 41.5 38 23.5
    endloop
  endfacet
  facet normal 0 1 -0
    outer loop
      vertex 28.5 38 23.5
      vertex 28.1 38 25.5
      vertex 32.5 38 23.5
    endloop
  endfacet
  facet normal 0 1 0
    outer loop
      vertex 28.1 38 25.5
      vertex 28.5 38 23.5
      vertex 24.9 38 25.5
    endloop
  endfacet
  facet normal 0 1 0
    outer loop
      vertex 19.5 38 23.5
      vertex 24.9 38 25.5
      vertex 28.5 38 23.5
    endloop
  endfacet
  facet normal 0 1 0
    outer loop
      vertex 24.9 38 31.5
      vertex 19.5 38 23.5
      vertex 15.5 38 23.5
    endloop
  endfacet
  facet normal 0 1 0
    outer loop
      vertex 24.9 38 31.5
      vertex 15.5 38 23.5
      vertex 6.5 38 23.5
    endloop
  endfacet
  facet normal 0 1 0
    outer loop
      vertex 24.9 38 31.5
      vertex 6.5 38 23.5
      vertex 2.5 38 23.5
    endloop
  endfacet
  facet normal 0 1 0
    outer loop
      vertex -6.5 38 23.5
      vertex 24.9 38 31.5
      vertex 2.5 38 23.5
    endloop
  endfacet
  facet normal 0 1 0
    outer loop
      vertex -10.5 38 23.5
      vertex 24.9 38 31.5
      vertex -6.5 38 23.5
    endloop
  endfacet
  facet normal 0 1 0
    outer loop
      vertex 24.9 38 31.5
      vertex -10.5 38 23.5
      vertex -56 38 34
    endloop
  endfacet
  facet normal 0 1 -0
    outer loop
      vertex -19.5 38 23.5
      vertex -56 38 34
      vertex -10.5 38 23.5
    endloop
  endfacet
  facet normal 0 1 -0
    outer loop
      vertex -19.5 38 19.5
      vertex -56 38 34
      vertex -19.5 38 23.5
    endloop
  endfacet
  facet normal 0 1 0
    outer loop
      vertex -19.5 38 19.5
      vertex -56 38 0
      vertex -56 38 34
    endloop
  endfacet
  facet normal 0 1 0
    outer loop
      vertex -10.5 38 19.5
      vertex -56 38 0
      vertex -19.5 38 19.5
    endloop
  endfacet
  facet normal 0 1 -0
    outer loop
      vertex 31.1 38 30.6
      vertex 28.1 38 31.5
      vertex 46.9 38 30.6
    endloop
  endfacet
  facet normal 0 1 -0
    outer loop
      vertex 30.6903 38 30.5596
      vertex 28.1 38 31.5
      vertex 31.1 38 30.6
    endloop
  endfacet
  facet normal 0 1 -0
    outer loop
      vertex 30.2964 38 30.4401
      vertex 28.1 38 31.5
      vertex 30.6903 38 30.5596
    endloop
  endfacet
  facet normal 0 1 -0
    outer loop
      vertex 29.9333 38 30.2461
      vertex 28.1 38 31.5
      vertex 30.2964 38 30.4401
    endloop
  endfacet
  facet normal 0 1 -0
    outer loop
      vertex 29.6151 38 29.9849
      vertex 28.1 38 31.5
      vertex 29.9333 38 30.2461
    endloop
  endfacet
  facet normal 0 1 -0
    outer loop
      vertex 29.3539 38 29.6667
      vertex 28.1 38 31.5
      vertex 29.6151 38 29.9849
    endloop
  endfacet
  facet normal 0 1 -0
    outer loop
      vertex 29.1599 38 29.3036
      vertex 28.1 38 31.5
      vertex 29.3539 38 29.6667
    endloop
  endfacet
  facet normal 0 1 -0
    outer loop
      vertex 29.0403 38 28.9097
      vertex 28.1 38 31.5
      vertex 29.1599 38 29.3036
    endloop
  endfacet
  facet normal 0 1 -0
    outer loop
      vertex 29 38 28.5
      vertex 28.1 38 31.5
      vertex 29.0403 38 28.9097
    endloop
  endfacet
  facet normal 0 1 0
    outer loop
      vertex 28.1 38 25.5
      vertex 29 38 28.5
      vertex 29.0403 38 28.0903
    endloop
  endfacet
  facet normal 0 1 0
    outer loop
      vertex 29 38 28.5
      vertex 28.1 38 25.5
      vertex 28.1 38 31.5
    endloop
  endfacet
  facet normal 0 1 0
    outer loop
      vertex 29.1599 38 27.6964
      vertex 28.1 38 25.5
      vertex 29.0403 38 28.0903
    endloop
  endfacet
  facet normal 0 1 0
    outer loop
      vertex 29.3539 38 27.3333
      vertex 28.1 38 25.5
      vertex 29.1599 38 27.6964
    endloop
  endfacet
  facet normal 0 1 0
    outer loop
      vertex 29.6151 38 27.0151
      vertex 28.1 38 25.5
      vertex 29.3539 38 27.3333
    endloop
  endfacet
  facet normal 0 1 0
    outer loop
      vertex 29.9333 38 26.7539
      vertex 28.1 38 25.5
      vertex 29.6151 38 27.0151
    endloop
  endfacet
  facet normal 0 1 0
    outer loop
      vertex 30.2964 38 26.5599
      vertex 28.1 38 25.5
      vertex 29.9333 38 26.7539
    endloop
  endfacet
  facet normal 0 1 0
    outer loop
      vertex 30.6903 38 26.4403
      vertex 28.1 38 25.5
      vertex 30.2964 38 26.5599
    endloop
  endfacet
  facet normal 0 1 0
    outer loop
      vertex 31.1 38 26.4
      vertex 28.1 38 25.5
      vertex 30.6903 38 26.4403
    endloop
  endfacet
  facet normal 0 1 0
    outer loop
      vertex 28.1 38 25.5
      vertex 31.1 38 26.4
      vertex 49.9 38 25.5
    endloop
  endfacet
  facet normal 0.956951 -0.290248 0
    outer loop
      vertex 60.6194 -34.9134 34
      vertex 60.9039 -33.9754 0
      vertex 60.9039 -33.9754 34
    endloop
  endfacet
  facet normal 0.956951 -0.290248 0
    outer loop
      vertex 60.9039 -33.9754 0
      vertex 60.6194 -34.9134 34
      vertex 60.6194 -34.9134 0
    endloop
  endfacet
  facet normal 0.634376 -0.773025 0
    outer loop
      vertex 58.7778 -37.1573 0
      vertex 59.5355 -36.5355 34
      vertex 58.7778 -37.1573 34
    endloop
  endfacet
  facet normal 0.634376 -0.773025 0
    outer loop
      vertex 59.5355 -36.5355 34
      vertex 58.7778 -37.1573 0
      vertex 59.5355 -36.5355 0
    endloop
  endfacet
  facet normal -0.471451 0.881892 0
    outer loop
      vertex -57.9134 37.6194 0
      vertex -58.7778 37.1573 34
      vertex -57.9134 37.6194 34
    endloop
  endfacet
  facet normal -0.471451 0.881892 0
    outer loop
      vertex -58.7778 37.1573 34
      vertex -57.9134 37.6194 0
      vertex -58.7778 37.1573 0
    endloop
  endfacet
  facet normal -0.881892 0.471451 0
    outer loop
      vertex -60.6194 34.9134 0
      vertex -60.1573 35.7778 34
      vertex -60.1573 35.7778 0
    endloop
  endfacet
  facet normal -0.881892 0.471451 0
    outer loop
      vertex -60.1573 35.7778 34
      vertex -60.6194 34.9134 0
      vertex -60.6194 34.9134 34
    endloop
  endfacet
  facet normal -0.995182 0.098049 0
    outer loop
      vertex -61 33 0
      vertex -60.9039 33.9754 34
      vertex -60.9039 33.9754 0
    endloop
  endfacet
  facet normal -0.995182 0.098049 0
    outer loop
      vertex -60.9039 33.9754 34
      vertex -61 33 0
      vertex -61 33 34
    endloop
  endfacet
  facet normal -0.634376 0.773025 0
    outer loop
      vertex -58.7778 37.1573 0
      vertex -59.5355 36.5355 34
      vertex -58.7778 37.1573 34
    endloop
  endfacet
  facet normal -0.634376 0.773025 0
    outer loop
      vertex -59.5355 36.5355 34
      vertex -58.7778 37.1573 0
      vertex -59.5355 36.5355 0
    endloop
  endfacet
  facet normal -0.773025 0.634376 0
    outer loop
      vertex -60.1573 35.7778 0
      vertex -59.5355 36.5355 34
      vertex -59.5355 36.5355 0
    endloop
  endfacet
  facet normal -0.773025 0.634376 0
    outer loop
      vertex -59.5355 36.5355 34
      vertex -60.1573 35.7778 0
      vertex -60.1573 35.7778 34
    endloop
  endfacet
  facet normal -0.995182 -0.098049 0
    outer loop
      vertex -60.9039 -33.9754 0
      vertex -61 -33 34
      vertex -61 -33 0
    endloop
  endfacet
  facet normal -0.995182 -0.098049 0
    outer loop
      vertex -61 -33 34
      vertex -60.9039 -33.9754 0
      vertex -60.9039 -33.9754 34
    endloop
  endfacet
  facet normal -0.098049 -0.995182 0
    outer loop
      vertex -56.9754 -37.9039 0
      vertex -56 -38 34
      vertex -56.9754 -37.9039 34
    endloop
  endfacet
  facet normal -0.098049 -0.995182 -0
    outer loop
      vertex -56 -38 34
      vertex -56.9754 -37.9039 0
      vertex -56 -38 0
    endloop
  endfacet
  facet normal 0.995182 -0.098049 0
    outer loop
      vertex 60.9039 -33.9754 34
      vertex 61 -33 0
      vertex 61 -33 34
    endloop
  endfacet
  facet normal 0.995182 -0.098049 0
    outer loop
      vertex 61 -33 0
      vertex 60.9039 -33.9754 34
      vertex 60.9039 -33.9754 0
    endloop
  endfacet
  facet normal 0.773025 -0.634376 0
    outer loop
      vertex 59.5355 -36.5355 34
      vertex 60.1573 -35.7778 0
      vertex 60.1573 -35.7778 34
    endloop
  endfacet
  facet normal 0.773025 -0.634376 0
    outer loop
      vertex 60.1573 -35.7778 0
      vertex 59.5355 -36.5355 34
      vertex 59.5355 -36.5355 0
    endloop
  endfacet
  facet normal 0.956951 0.290248 0
    outer loop
      vertex 60.9039 33.9754 34
      vertex 60.6194 34.9134 0
      vertex 60.6194 34.9134 34
    endloop
  endfacet
  facet normal 0.956951 0.290248 0
    outer loop
      vertex 60.6194 34.9134 0
      vertex 60.9039 33.9754 34
      vertex 60.9039 33.9754 0
    endloop
  endfacet
  facet normal 0.995182 0.098049 0
    outer loop
      vertex 61 33 34
      vertex 60.9039 33.9754 0
      vertex 60.9039 33.9754 34
    endloop
  endfacet
  facet normal 0.995182 0.098049 0
    outer loop
      vertex 60.9039 33.9754 0
      vertex 61 33 34
      vertex 61 33 0
    endloop
  endfacet
  facet normal 0.634376 0.773025 -0
    outer loop
      vertex 59.5355 36.5355 0
      vertex 58.7778 37.1573 34
      vertex 59.5355 36.5355 34
    endloop
  endfacet
  facet normal 0.634376 0.773025 0
    outer loop
      vertex 58.7778 37.1573 34
      vertex 59.5355 36.5355 0
      vertex 58.7778 37.1573 0
    endloop
  endfacet
  facet normal -0.956951 0.290248 0
    outer loop
      vertex -60.9039 33.9754 0
      vertex -60.6194 34.9134 34
      vertex -60.6194 34.9134 0
    endloop
  endfacet
  facet normal -0.956951 0.290248 0
    outer loop
      vertex -60.6194 34.9134 34
      vertex -60.9039 33.9754 0
      vertex -60.9039 33.9754 34
    endloop
  endfacet
  facet normal -0.881892 -0.471451 0
    outer loop
      vertex -60.1573 -35.7778 0
      vertex -60.6194 -34.9134 34
      vertex -60.6194 -34.9134 0
    endloop
  endfacet
  facet normal -0.881892 -0.471451 0
    outer loop
      vertex -60.6194 -34.9134 34
      vertex -60.1573 -35.7778 0
      vertex -60.1573 -35.7778 34
    endloop
  endfacet
  facet normal -0.634376 -0.773025 0
    outer loop
      vertex -59.5355 -36.5355 0
      vertex -58.7778 -37.1573 34
      vertex -59.5355 -36.5355 34
    endloop
  endfacet
  facet normal -0.634376 -0.773025 -0
    outer loop
      vertex -58.7778 -37.1573 34
      vertex -59.5355 -36.5355 0
      vertex -58.7778 -37.1573 0
    endloop
  endfacet
  facet normal -0.956951 -0.290248 0
    outer loop
      vertex -60.6194 -34.9134 0
      vertex -60.9039 -33.9754 34
      vertex -60.9039 -33.9754 0
    endloop
  endfacet
  facet normal -0.956951 -0.290248 0
    outer loop
      vertex -60.9039 -33.9754 34
      vertex -60.6194 -34.9134 0
      vertex -60.6194 -34.9134 34
    endloop
  endfacet
  facet normal 0 0 1
    outer loop
      vertex -53.65 -32 34
      vertex -51 -32 34
      vertex -51.0769 -31.2196 34
    endloop
  endfacet
  facet normal 0 0 1
    outer loop
      vertex -53.6759 -31.7366 34
      vertex -51.0769 -31.2196 34
      vertex -51.3045 -30.4693 34
    endloop
  endfacet
  facet normal 0 0 1
    outer loop
      vertex -51 -32 34
      vertex -53.65 -32 34
      vertex -51.0769 -32.7804 34
    endloop
  endfacet
  facet normal 0 0 1
    outer loop
      vertex -53.7528 -31.4834 34
      vertex -51.3045 -30.4693 34
      vertex -51.6741 -29.7777 34
    endloop
  endfacet
  facet normal -0 0 1
    outer loop
      vertex -53.6759 -32.2634 34
      vertex -51.0769 -32.7804 34
      vertex -53.65 -32 34
    endloop
  endfacet
  facet normal 0 0 1
    outer loop
      vertex -53.8775 -31.25 34
      vertex -51.6741 -29.7777 34
      vertex -52.1716 -29.1716 34
    endloop
  endfacet
  facet normal 0 0 1
    outer loop
      vertex -51.0769 -32.7804 34
      vertex -53.6759 -32.2634 34
      vertex -51.3045 -33.5307 34
    endloop
  endfacet
  facet normal 0 0 1
    outer loop
      vertex -54.0454 -31.0454 34
      vertex -52.1716 -29.1716 34
      vertex -52.7777 -28.6741 34
    endloop
  endfacet
  facet normal -0 0 1
    outer loop
      vertex -53.7528 -32.5166 34
      vertex -51.3045 -33.5307 34
      vertex -53.6759 -32.2634 34
    endloop
  endfacet
  facet normal 0 0 1
    outer loop
      vertex -51.3045 -33.5307 34
      vertex -53.7528 -32.5166 34
      vertex -51.6741 -34.2223 34
    endloop
  endfacet
  facet normal 0 0 1
    outer loop
      vertex -54.25 -30.8775 34
      vertex -52.7777 -28.6741 34
      vertex -53.4693 -28.3045 34
    endloop
  endfacet
  facet normal -0 0 1
    outer loop
      vertex 51.3045 -30.4693 34
      vertex 53.7528 -31.4834 34
      vertex 51.6741 -29.7777 34
    endloop
  endfacet
  facet normal 0 0 1
    outer loop
      vertex 53.7528 -31.4834 34
      vertex 51.3045 -30.4693 34
      vertex 53.6759 -31.7366 34
    endloop
  endfacet
  facet normal 0 -0 1
    outer loop
      vertex 52.7777 -35.3259 34
      vertex 53.65 -32 34
      vertex 52.1716 -34.8284 34
    endloop
  endfacet
  facet normal 0 0 1
    outer loop
      vertex 53.65 -32 34
      vertex 52.7777 -35.3259 34
      vertex 53.2906 -35.6 34
    endloop
  endfacet
  facet normal -0 0 1
    outer loop
      vertex 51.0769 -31.2196 34
      vertex 53.6759 -31.7366 34
      vertex 51.3045 -30.4693 34
    endloop
  endfacet
  facet normal 0 0 1
    outer loop
      vertex 53.65 -32 34
      vertex 51.6741 -34.2223 34
      vertex 52.1716 -34.8284 34
    endloop
  endfacet
  facet normal 0 0 1
    outer loop
      vertex 53.6759 -31.7366 34
      vertex 51.0769 -31.2196 34
      vertex 53.65 -32 34
    endloop
  endfacet
  facet normal 0 0 1
    outer loop
      vertex 53.65 -32 34
      vertex 51.3045 -33.5307 34
      vertex 51.6741 -34.2223 34
    endloop
  endfacet
  facet normal 0 0 1
    outer loop
      vertex 51 -32 34
      vertex 53.65 -32 34
      vertex 51.0769 -31.2196 34
    endloop
  endfacet
  facet normal 0 0 1
    outer loop
      vertex 53.65 -32 34
      vertex 51.0769 -32.7804 34
      vertex 51.3045 -33.5307 34
    endloop
  endfacet
  facet normal 0 0 1
    outer loop
      vertex 53.65 -32 34
      vertex 51 -32 34
      vertex 51.0769 -32.7804 34
    endloop
  endfacet
  facet normal -0 0 1
    outer loop
      vertex 51.3045 33.5307 34
      vertex 53.7528 32.5166 34
      vertex 51.6741 34.2223 34
    endloop
  endfacet
  facet normal 0 0 1
    outer loop
      vertex 53.65 32 34
      vertex 52.7777 28.6741 34
      vertex 53.4693 28.3045 34
    endloop
  endfacet
  facet normal 0 0 1
    outer loop
      vertex 53.7528 32.5166 34
      vertex 51.3045 33.5307 34
      vertex 53.6759 32.2634 34
    endloop
  endfacet
  facet normal 0 0 1
    outer loop
      vertex 53.65 32 34
      vertex 52.1716 29.1716 34
      vertex 52.7777 28.6741 34
    endloop
  endfacet
  facet normal -0 0 1
    outer loop
      vertex 51.0769 32.7804 34
      vertex 53.6759 32.2634 34
      vertex 51.3045 33.5307 34
    endloop
  endfacet
  facet normal 0 0 1
    outer loop
      vertex 53.65 32 34
      vertex 51.6741 29.7777 34
      vertex 52.1716 29.1716 34
    endloop
  endfacet
  facet normal 0 0 1
    outer loop
      vertex 53.6759 32.2634 34
      vertex 51.0769 32.7804 34
      vertex 53.65 32 34
    endloop
  endfacet
  facet normal 0 0 1
    outer loop
      vertex 53.65 32 34
      vertex 51.3045 30.4693 34
      vertex 51.6741 29.7777 34
    endloop
  endfacet
  facet normal 0 0 1
    outer loop
      vertex 51 32 34
      vertex 53.65 32 34
      vertex 51.0769 32.7804 34
    endloop
  endfacet
  facet normal 0 0 1
    outer loop
      vertex 53.65 32 34
      vertex 51.0769 31.2196 34
      vertex 51.3045 30.4693 34
    endloop
  endfacet
  facet normal 0 0 1
    outer loop
      vertex 53.65 32 34
      vertex 51 32 34
      vertex 51.0769 31.2196 34
    endloop
  endfacet
  facet normal 0 0 1
    outer loop
      vertex -53.65 32 34
      vertex -51 32 34
      vertex -51.0769 32.7804 34
    endloop
  endfacet
  facet normal 0 0 1
    outer loop
      vertex -53.6759 32.2634 34
      vertex -51.0769 32.7804 34
      vertex -51.3045 33.5307 34
    endloop
  endfacet
  facet normal 0 0 1
    outer loop
      vertex -51 32 34
      vertex -53.65 32 34
      vertex -51.0769 31.2196 34
    endloop
  endfacet
  facet normal 0 0 1
    outer loop
      vertex -53.7528 32.5166 34
      vertex -51.3045 33.5307 34
      vertex -51.6741 34.2223 34
    endloop
  endfacet
  facet normal -0 0 1
    outer loop
      vertex -53.6759 31.7366 34
      vertex -51.0769 31.2196 34
      vertex -53.65 32 34
    endloop
  endfacet
  facet normal 0 0 1
    outer loop
      vertex -53.8775 32.75 34
      vertex -51.6741 34.2223 34
      vertex -52.1716 34.8284 34
    endloop
  endfacet
  facet normal 0 0 1
    outer loop
      vertex -51.0769 31.2196 34
      vertex -53.6759 31.7366 34
      vertex -51.3045 30.4693 34
    endloop
  endfacet
  facet normal 0 0 1
    outer loop
      vertex -54.0454 32.9546 34
      vertex -52.1716 34.8284 34
      vertex -52.7777 35.3259 34
    endloop
  endfacet
  facet normal -0 0 1
    outer loop
      vertex -53.7528 31.4834 34
      vertex -51.3045 30.4693 34
      vertex -53.6759 31.7366 34
    endloop
  endfacet
  facet normal 0 0 1
    outer loop
      vertex -54.25 33.1225 34
      vertex -52.7777 35.3259 34
      vertex -53.2906 35.6 34
    endloop
  endfacet
  facet normal 0 0 1
    outer loop
      vertex -51.3045 30.4693 34
      vertex -53.7528 31.4834 34
      vertex -51.6741 29.7777 34
    endloop
  endfacet
  facet normal 0 0 1
    outer loop
      vertex -56.2472 -31.4834 34
      vertex -58.6 -30.2906 34
      vertex -56.3241 -31.7366 34
    endloop
  endfacet
  facet normal 0 -0 1
    outer loop
      vertex -57.8284 -34.8284 34
      vertex -56.35 -32 34
      vertex -58.196 -34.3805 34
    endloop
  endfacet
  facet normal 0 0 1
    outer loop
      vertex -56.35 -32 34
      vertex -57.8284 -34.8284 34
      vertex -57.3805 -35.196 34
    endloop
  endfacet
  facet normal 0 0 1
    outer loop
      vertex -56.3241 -31.7366 34
      vertex -58.6 -30.2906 34
      vertex -56.35 -32 34
    endloop
  endfacet
  facet normal 0 0 1
    outer loop
      vertex -56.3241 32.2634 34
      vertex -58.196 34.3805 34
      vertex -56.35 32 34
    endloop
  endfacet
  facet normal 0 0 1
    outer loop
      vertex -58.6 30.2906 34
      vertex -56.35 32 34
      vertex -58.196 34.3805 34
    endloop
  endfacet
  facet normal 0 -0 1
    outer loop
      vertex -58.3259 29.7777 34
      vertex -56.35 32 34
      vertex -58.6 30.2906 34
    endloop
  endfacet
  facet normal 0 0 1
    outer loop
      vertex -56.35 32 34
      vertex -57.8284 29.1716 34
      vertex -57.2223 28.6741 34
    endloop
  endfacet
  facet normal 0 0 1
    outer loop
      vertex -51.0769 -31.2196 34
      vertex -53.6759 -31.7366 34
      vertex -53.65 -32 34
    endloop
  endfacet
  facet normal 0 0 1
    outer loop
      vertex -51.3045 -30.4693 34
      vertex -53.7528 -31.4834 34
      vertex -53.6759 -31.7366 34
    endloop
  endfacet
  facet normal 0 0 1
    outer loop
      vertex -51.6741 -29.7777 34
      vertex -53.8775 -31.25 34
      vertex -53.7528 -31.4834 34
    endloop
  endfacet
  facet normal 0 0 1
    outer loop
      vertex -52.1716 -29.1716 34
      vertex -54.0454 -31.0454 34
      vertex -53.8775 -31.25 34
    endloop
  endfacet
  facet normal 0 0 1
    outer loop
      vertex -54.4834 -30.7528 34
      vertex -53.4693 -28.3045 34
      vertex -54.2196 -28.0769 34
    endloop
  endfacet
  facet normal 0 0 1
    outer loop
      vertex -52.7777 -28.6741 34
      vertex -54.25 -30.8775 34
      vertex -54.0454 -31.0454 34
    endloop
  endfacet
  facet normal 0 0 1
    outer loop
      vertex -53.4693 -28.3045 34
      vertex -54.4834 -30.7528 34
      vertex -54.25 -30.8775 34
    endloop
  endfacet
  facet normal 0 0 1
    outer loop
      vertex -54.2196 -28.0769 34
      vertex -54.7366 -30.6759 34
      vertex -54.4834 -30.7528 34
    endloop
  endfacet
  facet normal 0 0 1
    outer loop
      vertex -55 -28 34
      vertex -54.7366 -30.6759 34
      vertex -54.2196 -28.0769 34
    endloop
  endfacet
  facet normal 0 0 1
    outer loop
      vertex -55 -28 34
      vertex -55 -30.65 34
      vertex -54.7366 -30.6759 34
    endloop
  endfacet
  facet normal 0 0 1
    outer loop
      vertex -55 -28 34
      vertex -55.2634 -30.6759 34
      vertex -55 -30.65 34
    endloop
  endfacet
  facet normal -0 0 1
    outer loop
      vertex -55.7804 -28.0769 34
      vertex -55.2634 -30.6759 34
      vertex -55 -28 34
    endloop
  endfacet
  facet normal 0 0 1
    outer loop
      vertex -55.2634 -30.6759 34
      vertex -55.7804 -28.0769 34
      vertex -55.5166 -30.7528 34
    endloop
  endfacet
  facet normal -0 0 1
    outer loop
      vertex -56.5307 -28.3045 34
      vertex -55.5166 -30.7528 34
      vertex -55.7804 -28.0769 34
    endloop
  endfacet
  facet normal 0 0 1
    outer loop
      vertex -55.5166 -30.7528 34
      vertex -56.5307 -28.3045 34
      vertex -55.75 -30.8775 34
    endloop
  endfacet
  facet normal -0 0 1
    outer loop
      vertex -57.2223 -28.6741 34
      vertex -55.75 -30.8775 34
      vertex -56.5307 -28.3045 34
    endloop
  endfacet
  facet normal 0 0 1
    outer loop
      vertex -55.75 -30.8775 34
      vertex -57.2223 -28.6741 34
      vertex -55.9546 -31.0454 34
    endloop
  endfacet
  facet normal -0 0 1
    outer loop
      vertex -57.8284 -29.1716 34
      vertex -55.9546 -31.0454 34
      vertex -57.2223 -28.6741 34
    endloop
  endfacet
  facet normal -0 0 1
    outer loop
      vertex -58.3259 -29.7777 34
      vertex -56.1225 -31.25 34
      vertex -57.8284 -29.1716 34
    endloop
  endfacet
  facet normal 0 0 1
    outer loop
      vertex -55.9546 -31.0454 34
      vertex -57.8284 -29.1716 34
      vertex -56.1225 -31.25 34
    endloop
  endfacet
  facet normal 0 0 1
    outer loop
      vertex -51.6741 29.7777 34
      vertex -53.8775 31.25 34
      vertex -52.1716 29.1716 34
    endloop
  endfacet
  facet normal -0 0 1
    outer loop
      vertex -54.0454 31.0454 34
      vertex -52.1716 29.1716 34
      vertex -53.8775 31.25 34
    endloop
  endfacet
  facet normal 0 0 1
    outer loop
      vertex -52.1716 29.1716 34
      vertex -54.0454 31.0454 34
      vertex -52.7777 28.6741 34
    endloop
  endfacet
  facet normal -0 0 1
    outer loop
      vertex -54.25 30.8775 34
      vertex -52.7777 28.6741 34
      vertex -54.0454 31.0454 34
    endloop
  endfacet
  facet normal 0 0 1
    outer loop
      vertex -52.7777 28.6741 34
      vertex -54.25 30.8775 34
      vertex -53.4693 28.3045 34
    endloop
  endfacet
  facet normal -0 0 1
    outer loop
      vertex -54.4834 30.7528 34
      vertex -53.4693 28.3045 34
      vertex -54.25 30.8775 34
    endloop
  endfacet
  facet normal 0 0 1
    outer loop
      vertex -53.4693 28.3045 34
      vertex -54.4834 30.7528 34
      vertex -54.2196 28.0769 34
    endloop
  endfacet
  facet normal -0 0 1
    outer loop
      vertex -54.7366 30.6759 34
      vertex -54.2196 28.0769 34
      vertex -54.4834 30.7528 34
    endloop
  endfacet
  facet normal -0 0 1
    outer loop
      vertex -55 30.65 34
      vertex -54.2196 28.0769 34
      vertex -54.7366 30.6759 34
    endloop
  endfacet
  facet normal 0 0 1
    outer loop
      vertex -55 30.65 34
      vertex -55 28 34
      vertex -54.2196 28.0769 34
    endloop
  endfacet
  facet normal 0 0 1
    outer loop
      vertex -55.2634 30.6759 34
      vertex -55 28 34
      vertex -55 30.65 34
    endloop
  endfacet
  facet normal 0 0 1
    outer loop
      vertex -55.7804 28.0769 34
      vertex -55.2634 30.6759 34
      vertex -55.5166 30.7528 34
    endloop
  endfacet
  facet normal 0 0 1
    outer loop
      vertex -56.5307 28.3045 34
      vertex -55.5166 30.7528 34
      vertex -55.75 30.8775 34
    endloop
  endfacet
  facet normal 0 0 1
    outer loop
      vertex -55.2634 30.6759 34
      vertex -55.7804 28.0769 34
      vertex -55 28 34
    endloop
  endfacet
  facet normal 0 0 1
    outer loop
      vertex -57.2223 28.6741 34
      vertex -55.75 30.8775 34
      vertex -55.9546 31.0454 34
    endloop
  endfacet
  facet normal 0 0 1
    outer loop
      vertex -57.2223 28.6741 34
      vertex -55.9546 31.0454 34
      vertex -56.1225 31.25 34
    endloop
  endfacet
  facet normal 0 0 1
    outer loop
      vertex -57.2223 28.6741 34
      vertex -56.1225 31.25 34
      vertex -56.2472 31.4834 34
    endloop
  endfacet
  facet normal 0 0 1
    outer loop
      vertex -57.2223 28.6741 34
      vertex -56.2472 31.4834 34
      vertex -56.3241 31.7366 34
    endloop
  endfacet
  facet normal 0 0 1
    outer loop
      vertex -55.5166 30.7528 34
      vertex -56.5307 28.3045 34
      vertex -55.7804 28.0769 34
    endloop
  endfacet
  facet normal 0 0 1
    outer loop
      vertex -57.2223 28.6741 34
      vertex -56.3241 31.7366 34
      vertex -56.35 32 34
    endloop
  endfacet
  facet normal 0 0 1
    outer loop
      vertex 58.6 -30.2906 34
      vertex 56.3241 -31.7366 34
      vertex 56.35 -32 34
    endloop
  endfacet
  facet normal 0 0 1
    outer loop
      vertex 57.2223 -28.6741 34
      vertex 56.2472 -31.4834 34
      vertex 56.3241 -31.7366 34
    endloop
  endfacet
  facet normal 0 0 1
    outer loop
      vertex 57.2223 -28.6741 34
      vertex 56.1225 -31.25 34
      vertex 56.2472 -31.4834 34
    endloop
  endfacet
  facet normal 0 0 1
    outer loop
      vertex 57.2223 -28.6741 34
      vertex 55.9546 -31.0454 34
      vertex 56.1225 -31.25 34
    endloop
  endfacet
  facet normal 0 0 1
    outer loop
      vertex 55.5166 -30.7528 34
      vertex 56.5307 -28.3045 34
      vertex 55.7804 -28.0769 34
    endloop
  endfacet
  facet normal 0 0 1
    outer loop
      vertex 57.2223 -28.6741 34
      vertex 55.75 -30.8775 34
      vertex 55.9546 -31.0454 34
    endloop
  endfacet
  facet normal 0 0 1
    outer loop
      vertex 56.5307 -28.3045 34
      vertex 55.5166 -30.7528 34
      vertex 55.75 -30.8775 34
    endloop
  endfacet
  facet normal 0 0 1
    outer loop
      vertex 55.7804 -28.0769 34
      vertex 55.2634 -30.6759 34
      vertex 55.5166 -30.7528 34
    endloop
  endfacet
  facet normal 0 0 1
    outer loop
      vertex 55 -28 34
      vertex 55.2634 -30.6759 34
      vertex 55.7804 -28.0769 34
    endloop
  endfacet
  facet normal 0 0 1
    outer loop
      vertex 55 -28 34
      vertex 55 -30.65 34
      vertex 55.2634 -30.6759 34
    endloop
  endfacet
  facet normal 0 0 1
    outer loop
      vertex 55 -28 34
      vertex 54.7366 -30.6759 34
      vertex 55 -30.65 34
    endloop
  endfacet
  facet normal -0 0 1
    outer loop
      vertex 54.2196 -28.0769 34
      vertex 54.7366 -30.6759 34
      vertex 55 -28 34
    endloop
  endfacet
  facet normal 0 0 1
    outer loop
      vertex 54.7366 -30.6759 34
      vertex 54.2196 -28.0769 34
      vertex 54.4834 -30.7528 34
    endloop
  endfacet
  facet normal -0 0 1
    outer loop
      vertex 53.4693 -28.3045 34
      vertex 54.4834 -30.7528 34
      vertex 54.2196 -28.0769 34
    endloop
  endfacet
  facet normal 0 0 1
    outer loop
      vertex 54.4834 -30.7528 34
      vertex 53.4693 -28.3045 34
      vertex 54.25 -30.8775 34
    endloop
  endfacet
  facet normal -0 0 1
    outer loop
      vertex 52.7777 -28.6741 34
      vertex 54.25 -30.8775 34
      vertex 53.4693 -28.3045 34
    endloop
  endfacet
  facet normal 0 0 1
    outer loop
      vertex 54.25 -30.8775 34
      vertex 52.7777 -28.6741 34
      vertex 54.0454 -31.0454 34
    endloop
  endfacet
  facet normal -0 0 1
    outer loop
      vertex 52.1716 -29.1716 34
      vertex 54.0454 -31.0454 34
      vertex 52.7777 -28.6741 34
    endloop
  endfacet
  facet normal -0 0 1
    outer loop
      vertex 51.6741 -29.7777 34
      vertex 53.8775 -31.25 34
      vertex 52.1716 -29.1716 34
    endloop
  endfacet
  facet normal 0 0 1
    outer loop
      vertex 54.0454 -31.0454 34
      vertex 52.1716 -29.1716 34
      vertex 53.8775 -31.25 34
    endloop
  endfacet
  facet normal 0 0 1
    outer loop
      vertex 58.3259 29.7777 34
      vertex 56.1225 31.25 34
      vertex 57.8284 29.1716 34
    endloop
  endfacet
  facet normal -0 0 1
    outer loop
      vertex 55.9546 31.0454 34
      vertex 57.8284 29.1716 34
      vertex 56.1225 31.25 34
    endloop
  endfacet
  facet normal 0 0 1
    outer loop
      vertex 57.8284 29.1716 34
      vertex 55.9546 31.0454 34
      vertex 57.2223 28.6741 34
    endloop
  endfacet
  facet normal -0 0 1
    outer loop
      vertex 55.75 30.8775 34
      vertex 57.2223 28.6741 34
      vertex 55.9546 31.0454 34
    endloop
  endfacet
  facet normal 0 0 1
    outer loop
      vertex 57.2223 28.6741 34
      vertex 55.75 30.8775 34
      vertex 56.5307 28.3045 34
    endloop
  endfacet
  facet normal -0 0 1
    outer loop
      vertex 55.5166 30.7528 34
      vertex 56.5307 28.3045 34
      vertex 55.75 30.8775 34
    endloop
  endfacet
  facet normal 0 0 1
    outer loop
      vertex 56.5307 28.3045 34
      vertex 55.5166 30.7528 34
      vertex 55.7804 28.0769 34
    endloop
  endfacet
  facet normal -0 0 1
    outer loop
      vertex 55.2634 30.6759 34
      vertex 55.7804 28.0769 34
      vertex 55.5166 30.7528 34
    endloop
  endfacet
  facet normal -0 0 1
    outer loop
      vertex 55 30.65 34
      vertex 55.7804 28.0769 34
      vertex 55.2634 30.6759 34
    endloop
  endfacet
  facet normal 0 0 1
    outer loop
      vertex 55 30.65 34
      vertex 55 28 34
      vertex 55.7804 28.0769 34
    endloop
  endfacet
  facet normal 0 0 1
    outer loop
      vertex 54.7366 30.6759 34
      vertex 55 28 34
      vertex 55 30.65 34
    endloop
  endfacet
  facet normal 0 0 1
    outer loop
      vertex 54.2196 28.0769 34
      vertex 54.7366 30.6759 34
      vertex 54.4834 30.7528 34
    endloop
  endfacet
  facet normal 0 0 1
    outer loop
      vertex 53.4693 28.3045 34
      vertex 54.4834 30.7528 34
      vertex 54.25 30.8775 34
    endloop
  endfacet
  facet normal 0 0 1
    outer loop
      vertex 54.7366 30.6759 34
      vertex 54.2196 28.0769 34
      vertex 55 28 34
    endloop
  endfacet
  facet normal 0 0 1
    outer loop
      vertex 53.4693 28.3045 34
      vertex 54.25 30.8775 34
      vertex 54.0454 31.0454 34
    endloop
  endfacet
  facet normal 0 0 1
    outer loop
      vertex 53.4693 28.3045 34
      vertex 54.0454 31.0454 34
      vertex 53.8775 31.25 34
    endloop
  endfacet
  facet normal 0 0 1
    outer loop
      vertex 53.4693 28.3045 34
      vertex 53.8775 31.25 34
      vertex 53.7528 31.4834 34
    endloop
  endfacet
  facet normal 0 0 1
    outer loop
      vertex 53.4693 28.3045 34
      vertex 53.7528 31.4834 34
      vertex 53.6759 31.7366 34
    endloop
  endfacet
  facet normal 0 0 1
    outer loop
      vertex 54.4834 30.7528 34
      vertex 53.4693 28.3045 34
      vertex 54.2196 28.0769 34
    endloop
  endfacet
  facet normal 0 0 1
    outer loop
      vertex 53.4693 28.3045 34
      vertex 53.6759 31.7366 34
      vertex 53.65 32 34
    endloop
  endfacet
  facet normal 0 0 1
    outer loop
      vertex 56.3241 -31.7366 34
      vertex 58.6 -30.2906 34
      vertex 58.3259 -29.7777 34
    endloop
  endfacet
  facet normal 0 0 1
    outer loop
      vertex 58.6 -30.2906 34
      vertex 56.35 -32 34
      vertex 58.196 -34.3805 34
    endloop
  endfacet
  facet normal -0 0 1
    outer loop
      vertex 56.3241 -32.2634 34
      vertex 58.196 -34.3805 34
      vertex 56.35 -32 34
    endloop
  endfacet
  facet normal 0 0 1
    outer loop
      vertex 56.3241 -31.7366 34
      vertex 57.8284 -29.1716 34
      vertex 57.2223 -28.6741 34
    endloop
  endfacet
  facet normal 0 0 1
    outer loop
      vertex 58.196 34.3805 34
      vertex 61 33 34
      vertex 60.9039 33.9754 34
    endloop
  endfacet
  facet normal 0 0 1
    outer loop
      vertex 61 33 34
      vertex 58.6 30.2906 34
      vertex 61 -33 34
    endloop
  endfacet
  facet normal -0 0 1
    outer loop
      vertex 58.196 34.3805 34
      vertex 60.9039 33.9754 34
      vertex 60.6194 34.9134 34
    endloop
  endfacet
  facet normal -0 0 1
    outer loop
      vertex 58.6 -30.2906 34
      vertex 61 -33 34
      vertex 58.6 30.2906 34
    endloop
  endfacet
  facet normal 0 0 1
    outer loop
      vertex 58.196 34.3805 34
      vertex 60.6194 34.9134 34
      vertex 60.1573 35.7778 34
    endloop
  endfacet
  facet normal 0 0 1
    outer loop
      vertex 58.196 -34.3805 34
      vertex 61 -33 34
      vertex 58.6 -30.2906 34
    endloop
  endfacet
  facet normal 0 0 1
    outer loop
      vertex 58.1618 34.4445 34
      vertex 60.1573 35.7778 34
      vertex 59.5355 36.5355 34
    endloop
  endfacet
  facet normal 0 0 1
    outer loop
      vertex 61 -33 34
      vertex 58.196 -34.3805 34
      vertex 60.9039 -33.9754 34
    endloop
  endfacet
  facet normal 0 0 1
    outer loop
      vertex 57.8385 34.8385 34
      vertex 59.5355 36.5355 34
      vertex 58.7778 37.1573 34
    endloop
  endfacet
  facet normal 0 0 1
    outer loop
      vertex 60.9039 -33.9754 34
      vertex 58.196 -34.3805 34
      vertex 60.6194 -34.9134 34
    endloop
  endfacet
  facet normal 0 0 1
    outer loop
      vertex 60.6194 -34.9134 34
      vertex 58.196 -34.3805 34
      vertex 60.1573 -35.7778 34
    endloop
  endfacet
  facet normal 0 0 1
    outer loop
      vertex 61 33 34
      vertex 58.196 34.3805 34
      vertex 58.6 30.2906 34
    endloop
  endfacet
  facet normal 0 0 1
    outer loop
      vertex 57.8284 34.8284 34
      vertex 56.3241 32.2634 34
      vertex 58.196 34.3805 34
    endloop
  endfacet
  facet normal 0 0 1
    outer loop
      vertex 60.1573 35.7778 34
      vertex 58.1618 34.4445 34
      vertex 58.196 34.3805 34
    endloop
  endfacet
  facet normal 0 0 1
    outer loop
      vertex 57.3805 35.196 34
      vertex 58.7778 37.1573 34
      vertex 57.9134 37.6194 34
    endloop
  endfacet
  facet normal 0 0 1
    outer loop
      vertex 59.5355 36.5355 34
      vertex 57.8385 34.8385 34
      vertex 58.1618 34.4445 34
    endloop
  endfacet
  facet normal 0 0 1
    outer loop
      vertex 58.7778 37.1573 34
      vertex 57.4445 35.1618 34
      vertex 57.8385 34.8385 34
    endloop
  endfacet
  facet normal 0 0 1
    outer loop
      vertex 58.7778 37.1573 34
      vertex 57.3805 35.196 34
      vertex 57.4445 35.1618 34
    endloop
  endfacet
  facet normal 0 0 1
    outer loop
      vertex 56.9754 37.9039 34
      vertex 57.3805 35.196 34
      vertex 57.9134 37.6194 34
    endloop
  endfacet
  facet normal 0 0 1
    outer loop
      vertex 56 38 34
      vertex 57.3805 35.196 34
      vertex 56.9754 37.9039 34
    endloop
  endfacet
  facet normal 0 0 1
    outer loop
      vertex 58.6 30.2906 34
      vertex 56.3241 32.2634 34
      vertex 56.35 32 34
    endloop
  endfacet
  facet normal 0 0 1
    outer loop
      vertex 58.6 30.2906 34
      vertex 56.1225 31.25 34
      vertex 58.3259 29.7777 34
    endloop
  endfacet
  facet normal -0 0 1
    outer loop
      vertex 56.3241 31.7366 34
      vertex 58.6 30.2906 34
      vertex 56.35 32 34
    endloop
  endfacet
  facet normal 0 0 1
    outer loop
      vertex 57.3805 35.196 34
      vertex 56.2472 32.5166 34
      vertex 56.3241 32.2634 34
    endloop
  endfacet
  facet normal 0 0 1
    outer loop
      vertex 57.3805 35.196 34
      vertex 56.1225 32.75 34
      vertex 56.2472 32.5166 34
    endloop
  endfacet
  facet normal -0 0 1
    outer loop
      vertex 53.2906 35.6 34
      vertex 57.3805 35.196 34
      vertex 56 38 34
    endloop
  endfacet
  facet normal 0 0 1
    outer loop
      vertex 57.3805 35.196 34
      vertex 55.9546 32.9546 34
      vertex 56.1225 32.75 34
    endloop
  endfacet
  facet normal 0 0 1
    outer loop
      vertex 57.3805 35.196 34
      vertex 55.75 33.1225 34
      vertex 55.9546 32.9546 34
    endloop
  endfacet
  facet normal 0 0 1
    outer loop
      vertex 57.3805 35.196 34
      vertex 55.5166 33.2472 34
      vertex 55.75 33.1225 34
    endloop
  endfacet
  facet normal 0 0 1
    outer loop
      vertex 57.3805 35.196 34
      vertex 55.2634 33.3241 34
      vertex 55.5166 33.2472 34
    endloop
  endfacet
  facet normal 0 0 1
    outer loop
      vertex 57.3805 35.196 34
      vertex 53.2906 35.6 34
      vertex 55.2634 33.3241 34
    endloop
  endfacet
  facet normal 0 0 1
    outer loop
      vertex 55.2634 33.3241 34
      vertex 53.2906 35.6 34
      vertex 55 33.35 34
    endloop
  endfacet
  facet normal 0 0 1
    outer loop
      vertex 55 33.35 34
      vertex 53.2906 35.6 34
      vertex 54.7366 33.3241 34
    endloop
  endfacet
  facet normal 0 0 1
    outer loop
      vertex 54.7366 33.3241 34
      vertex 53.2906 35.6 34
      vertex 54.4834 33.2472 34
    endloop
  endfacet
  facet normal 0 0 1
    outer loop
      vertex 54.4834 33.2472 34
      vertex 53.2906 35.6 34
      vertex 54.25 33.1225 34
    endloop
  endfacet
  facet normal -0 0 1
    outer loop
      vertex 52.7777 35.3259 34
      vertex 54.25 33.1225 34
      vertex 53.2906 35.6 34
    endloop
  endfacet
  facet normal 0 0 1
    outer loop
      vertex 54.25 33.1225 34
      vertex 52.7777 35.3259 34
      vertex 54.0454 32.9546 34
    endloop
  endfacet
  facet normal 0 0 1
    outer loop
      vertex 53.8775 32.75 34
      vertex 51.6741 34.2223 34
      vertex 53.7528 32.5166 34
    endloop
  endfacet
  facet normal -0 0 1
    outer loop
      vertex 51.6741 34.2223 34
      vertex 53.8775 32.75 34
      vertex 52.1716 34.8284 34
    endloop
  endfacet
  facet normal 0 0 1
    outer loop
      vertex 54.0454 32.9546 34
      vertex 52.1716 34.8284 34
      vertex 53.8775 32.75 34
    endloop
  endfacet
  facet normal -0 0 1
    outer loop
      vertex 52.1716 34.8284 34
      vertex 54.0454 32.9546 34
      vertex 52.7777 35.3259 34
    endloop
  endfacet
  facet normal 0 0 1
    outer loop
      vertex 56 38 34
      vertex -53.2906 35.6 34
      vertex 53.2906 35.6 34
    endloop
  endfacet
  facet normal -0 0 1
    outer loop
      vertex -53.8775 31.25 34
      vertex -51.6741 29.7777 34
      vertex -53.7528 31.4834 34
    endloop
  endfacet
  facet normal 0 0 1
    outer loop
      vertex -51.0769 32.7804 34
      vertex -53.6759 32.2634 34
      vertex -53.65 32 34
    endloop
  endfacet
  facet normal 0 0 1
    outer loop
      vertex -51.3045 33.5307 34
      vertex -53.7528 32.5166 34
      vertex -53.6759 32.2634 34
    endloop
  endfacet
  facet normal 0 0 1
    outer loop
      vertex -51.6741 34.2223 34
      vertex -53.8775 32.75 34
      vertex -53.7528 32.5166 34
    endloop
  endfacet
  facet normal 0 0 1
    outer loop
      vertex -52.1716 34.8284 34
      vertex -54.0454 32.9546 34
      vertex -53.8775 32.75 34
    endloop
  endfacet
  facet normal 0 0 1
    outer loop
      vertex -52.7777 35.3259 34
      vertex -54.25 33.1225 34
      vertex -54.0454 32.9546 34
    endloop
  endfacet
  facet normal 0 0 1
    outer loop
      vertex -53.2906 35.6 34
      vertex -54.4834 33.2472 34
      vertex -54.25 33.1225 34
    endloop
  endfacet
  facet normal 0 0 1
    outer loop
      vertex -53.2906 35.6 34
      vertex -54.7366 33.3241 34
      vertex -54.4834 33.2472 34
    endloop
  endfacet
  facet normal 0 0 1
    outer loop
      vertex -53.2906 35.6 34
      vertex -55 33.35 34
      vertex -54.7366 33.3241 34
    endloop
  endfacet
  facet normal 0 0 1
    outer loop
      vertex -53.2906 35.6 34
      vertex -55.2634 33.3241 34
      vertex -55 33.35 34
    endloop
  endfacet
  facet normal -0 0 1
    outer loop
      vertex -57.3805 35.196 34
      vertex -55.2634 33.3241 34
      vertex -53.2906 35.6 34
    endloop
  endfacet
  facet normal 0 0 1
    outer loop
      vertex -55.2634 33.3241 34
      vertex -57.3805 35.196 34
      vertex -55.5166 33.2472 34
    endloop
  endfacet
  facet normal 0 0 1
    outer loop
      vertex -55.5166 33.2472 34
      vertex -57.3805 35.196 34
      vertex -55.75 33.1225 34
    endloop
  endfacet
  facet normal -0 0 1
    outer loop
      vertex -56 38 34
      vertex -53.2906 35.6 34
      vertex 56 38 34
    endloop
  endfacet
  facet normal 0 0 1
    outer loop
      vertex -57.3805 35.196 34
      vertex -53.2906 35.6 34
      vertex -56 38 34
    endloop
  endfacet
  facet normal 0 0 1
    outer loop
      vertex -55.75 33.1225 34
      vertex -57.3805 35.196 34
      vertex -55.9546 32.9546 34
    endloop
  endfacet
  facet normal -0 0 1
    outer loop
      vertex -57.8284 34.8284 34
      vertex -55.9546 32.9546 34
      vertex -57.3805 35.196 34
    endloop
  endfacet
  facet normal -0 0 1
    outer loop
      vertex -58.196 34.3805 34
      vertex -55.9546 32.9546 34
      vertex -57.8284 34.8284 34
    endloop
  endfacet
  facet normal 0 0 1
    outer loop
      vertex -55.9546 32.9546 34
      vertex -58.196 34.3805 34
      vertex -56.1225 32.75 34
    endloop
  endfacet
  facet normal 0 0 1
    outer loop
      vertex -57.3805 35.196 34
      vertex -56 38 34
      vertex -56.9754 37.9039 34
    endloop
  endfacet
  facet normal 0 0 1
    outer loop
      vertex -56.1225 32.75 34
      vertex -58.196 34.3805 34
      vertex -56.2472 32.5166 34
    endloop
  endfacet
  facet normal 0 0 1
    outer loop
      vertex -56.2472 32.5166 34
      vertex -58.196 34.3805 34
      vertex -56.3241 32.2634 34
    endloop
  endfacet
  facet normal 0 0 1
    outer loop
      vertex -55.75 30.8775 34
      vertex -57.2223 28.6741 34
      vertex -56.5307 28.3045 34
    endloop
  endfacet
  facet normal -0 0 1
    outer loop
      vertex -57.9134 37.6194 34
      vertex -57.3805 35.196 34
      vertex -56.9754 37.9039 34
    endloop
  endfacet
  facet normal -0 0 1
    outer loop
      vertex -58.7778 37.1573 34
      vertex -57.3805 35.196 34
      vertex -57.9134 37.6194 34
    endloop
  endfacet
  facet normal 0 0 1
    outer loop
      vertex -57.3805 35.196 34
      vertex -58.7778 37.1573 34
      vertex -57.4445 35.1618 34
    endloop
  endfacet
  facet normal 0 0 1
    outer loop
      vertex -57.4445 35.1618 34
      vertex -58.7778 37.1573 34
      vertex -57.8385 34.8385 34
    endloop
  endfacet
  facet normal -0 0 1
    outer loop
      vertex -59.5355 36.5355 34
      vertex -57.8385 34.8385 34
      vertex -58.7778 37.1573 34
    endloop
  endfacet
  facet normal 0 0 1
    outer loop
      vertex -56.35 32 34
      vertex -58.3259 29.7777 34
      vertex -57.8284 29.1716 34
    endloop
  endfacet
  facet normal 0 0 1
    outer loop
      vertex -57.8385 34.8385 34
      vertex -59.5355 36.5355 34
      vertex -58.1618 34.4445 34
    endloop
  endfacet
  facet normal 0 0 1
    outer loop
      vertex -58.1618 34.4445 34
      vertex -60.1573 35.7778 34
      vertex -58.196 34.3805 34
    endloop
  endfacet
  facet normal -0 0 1
    outer loop
      vertex -60.1573 35.7778 34
      vertex -58.1618 34.4445 34
      vertex -59.5355 36.5355 34
    endloop
  endfacet
  facet normal -0 0 1
    outer loop
      vertex 58.1618 -34.4445 34
      vertex 60.1573 -35.7778 34
      vertex 58.196 -34.3805 34
    endloop
  endfacet
  facet normal 0 0 1
    outer loop
      vertex 56.3241 -31.7366 34
      vertex 58.3259 -29.7777 34
      vertex 57.8284 -29.1716 34
    endloop
  endfacet
  facet normal 0 0 1
    outer loop
      vertex 60.1573 -35.7778 34
      vertex 58.1618 -34.4445 34
      vertex 59.5355 -36.5355 34
    endloop
  endfacet
  facet normal -0 0 1
    outer loop
      vertex 57.8385 -34.8385 34
      vertex 59.5355 -36.5355 34
      vertex 58.1618 -34.4445 34
    endloop
  endfacet
  facet normal 0 0 1
    outer loop
      vertex 59.5355 -36.5355 34
      vertex 57.8385 -34.8385 34
      vertex 58.7778 -37.1573 34
    endloop
  endfacet
  facet normal -0 0 1
    outer loop
      vertex 57.4445 -35.1618 34
      vertex 58.7778 -37.1573 34
      vertex 57.8385 -34.8385 34
    endloop
  endfacet
  facet normal -0 0 1
    outer loop
      vertex 57.3805 -35.196 34
      vertex 58.7778 -37.1573 34
      vertex 57.4445 -35.1618 34
    endloop
  endfacet
  facet normal 0 0 1
    outer loop
      vertex 58.7778 -37.1573 34
      vertex 57.3805 -35.196 34
      vertex 57.9134 -37.6194 34
    endloop
  endfacet
  facet normal 0 0 1
    outer loop
      vertex 57.3805 -35.196 34
      vertex 56.9754 -37.9039 34
      vertex 57.9134 -37.6194 34
    endloop
  endfacet
  facet normal -0 0 1
    outer loop
      vertex 56.2472 -32.5166 34
      vertex 58.196 -34.3805 34
      vertex 56.3241 -32.2634 34
    endloop
  endfacet
  facet normal 0 0 1
    outer loop
      vertex 55.75 -30.8775 34
      vertex 57.2223 -28.6741 34
      vertex 56.5307 -28.3045 34
    endloop
  endfacet
  facet normal -0 0 1
    outer loop
      vertex 56.1225 -32.75 34
      vertex 58.196 -34.3805 34
      vertex 56.2472 -32.5166 34
    endloop
  endfacet
  facet normal -0 0 1
    outer loop
      vertex 55.9546 -32.9546 34
      vertex 58.196 -34.3805 34
      vertex 56.1225 -32.75 34
    endloop
  endfacet
  facet normal 0 0 1
    outer loop
      vertex 58.196 -34.3805 34
      vertex 55.9546 -32.9546 34
      vertex 57.8284 -34.8284 34
    endloop
  endfacet
  facet normal 0 0 1
    outer loop
      vertex 57.8284 -34.8284 34
      vertex 55.9546 -32.9546 34
      vertex 57.3805 -35.196 34
    endloop
  endfacet
  facet normal -0 0 1
    outer loop
      vertex 55.75 -33.1225 34
      vertex 57.3805 -35.196 34
      vertex 55.9546 -32.9546 34
    endloop
  endfacet
  facet normal -0 0 1
    outer loop
      vertex 55.5166 -33.2472 34
      vertex 57.3805 -35.196 34
      vertex 55.75 -33.1225 34
    endloop
  endfacet
  facet normal -0 0 1
    outer loop
      vertex 55.2634 -33.3241 34
      vertex 57.3805 -35.196 34
      vertex 55.5166 -33.2472 34
    endloop
  endfacet
  facet normal 0 0 1
    outer loop
      vertex 57.3805 -35.196 34
      vertex 56 -38 34
      vertex 56.9754 -37.9039 34
    endloop
  endfacet
  facet normal 0 0 1
    outer loop
      vertex 53.2906 -35.6 34
      vertex 57.3805 -35.196 34
      vertex 55.2634 -33.3241 34
    endloop
  endfacet
  facet normal 0 0 1
    outer loop
      vertex 53.2906 -35.6 34
      vertex 55.2634 -33.3241 34
      vertex 55 -33.35 34
    endloop
  endfacet
  facet normal 0 0 1
    outer loop
      vertex 53.2906 -35.6 34
      vertex 55 -33.35 34
      vertex 54.7366 -33.3241 34
    endloop
  endfacet
  facet normal 0 0 1
    outer loop
      vertex 53.2906 -35.6 34
      vertex 54.7366 -33.3241 34
      vertex 54.4834 -33.2472 34
    endloop
  endfacet
  facet normal 0 0 1
    outer loop
      vertex 53.2906 -35.6 34
      vertex 54.4834 -33.2472 34
      vertex 54.25 -33.1225 34
    endloop
  endfacet
  facet normal 0 0 1
    outer loop
      vertex 53.2906 -35.6 34
      vertex 54.25 -33.1225 34
      vertex 54.0454 -32.9546 34
    endloop
  endfacet
  facet normal 0 0 1
    outer loop
      vertex 53.2906 -35.6 34
      vertex 54.0454 -32.9546 34
      vertex 53.8775 -32.75 34
    endloop
  endfacet
  facet normal 0 0 1
    outer loop
      vertex 53.2906 -35.6 34
      vertex 53.8775 -32.75 34
      vertex 53.7528 -32.5166 34
    endloop
  endfacet
  facet normal 0 0 1
    outer loop
      vertex 53.8775 -31.25 34
      vertex 51.6741 -29.7777 34
      vertex 53.7528 -31.4834 34
    endloop
  endfacet
  facet normal 0 0 1
    outer loop
      vertex 53.2906 -35.6 34
      vertex 53.6759 -32.2634 34
      vertex 53.65 -32 34
    endloop
  endfacet
  facet normal 0 0 1
    outer loop
      vertex 53.2906 -35.6 34
      vertex 53.7528 -32.5166 34
      vertex 53.6759 -32.2634 34
    endloop
  endfacet
  facet normal 0 0 1
    outer loop
      vertex 57.3805 -35.196 34
      vertex 53.2906 -35.6 34
      vertex 56 -38 34
    endloop
  endfacet
  facet normal -0 0 1
    outer loop
      vertex -53.2906 -35.6 34
      vertex 56 -38 34
      vertex 53.2906 -35.6 34
    endloop
  endfacet
  facet normal -0 0 1
    outer loop
      vertex -53.8775 -32.75 34
      vertex -51.6741 -34.2223 34
      vertex -53.7528 -32.5166 34
    endloop
  endfacet
  facet normal 0 0 1
    outer loop
      vertex -51.6741 -34.2223 34
      vertex -53.8775 -32.75 34
      vertex -52.1716 -34.8284 34
    endloop
  endfacet
  facet normal -0 0 1
    outer loop
      vertex -54.0454 -32.9546 34
      vertex -52.1716 -34.8284 34
      vertex -53.8775 -32.75 34
    endloop
  endfacet
  facet normal 0 0 1
    outer loop
      vertex -52.1716 -34.8284 34
      vertex -54.0454 -32.9546 34
      vertex -52.7777 -35.3259 34
    endloop
  endfacet
  facet normal -0 0 1
    outer loop
      vertex -54.25 -33.1225 34
      vertex -52.7777 -35.3259 34
      vertex -54.0454 -32.9546 34
    endloop
  endfacet
  facet normal 0 0 1
    outer loop
      vertex -52.7777 -35.3259 34
      vertex -54.25 -33.1225 34
      vertex -53.2906 -35.6 34
    endloop
  endfacet
  facet normal -0 0 1
    outer loop
      vertex -54.4834 -33.2472 34
      vertex -53.2906 -35.6 34
      vertex -54.25 -33.1225 34
    endloop
  endfacet
  facet normal -0 0 1
    outer loop
      vertex -54.7366 -33.3241 34
      vertex -53.2906 -35.6 34
      vertex -54.4834 -33.2472 34
    endloop
  endfacet
  facet normal -0 0 1
    outer loop
      vertex -55 -33.35 34
      vertex -53.2906 -35.6 34
      vertex -54.7366 -33.3241 34
    endloop
  endfacet
  facet normal 0 0 1
    outer loop
      vertex -55.2634 -33.3241 34
      vertex -53.2906 -35.6 34
      vertex -55 -33.35 34
    endloop
  endfacet
  facet normal 0 0 1
    outer loop
      vertex -57.3805 -35.196 34
      vertex -55.2634 -33.3241 34
      vertex -55.5166 -33.2472 34
    endloop
  endfacet
  facet normal 0 0 1
    outer loop
      vertex -57.3805 -35.196 34
      vertex -55.5166 -33.2472 34
      vertex -55.75 -33.1225 34
    endloop
  endfacet
  facet normal 0 0 1
    outer loop
      vertex -57.3805 -35.196 34
      vertex -55.75 -33.1225 34
      vertex -55.9546 -32.9546 34
    endloop
  endfacet
  facet normal 0 0 1
    outer loop
      vertex -53.2906 -35.6 34
      vertex -56 -38 34
      vertex 56 -38 34
    endloop
  endfacet
  facet normal 0 0 1
    outer loop
      vertex -55.2634 -33.3241 34
      vertex -57.3805 -35.196 34
      vertex -53.2906 -35.6 34
    endloop
  endfacet
  facet normal 0 0 1
    outer loop
      vertex -57.3805 -35.196 34
      vertex -55.9546 -32.9546 34
      vertex -56.1225 -32.75 34
    endloop
  endfacet
  facet normal 0 0 1
    outer loop
      vertex -57.3805 -35.196 34
      vertex -56.1225 -32.75 34
      vertex -56.2472 -32.5166 34
    endloop
  endfacet
  facet normal 0 0 1
    outer loop
      vertex -57.3805 -35.196 34
      vertex -56.2472 -32.5166 34
      vertex -56.3241 -32.2634 34
    endloop
  endfacet
  facet normal 0 0 1
    outer loop
      vertex -57.3805 -35.196 34
      vertex -56.3241 -32.2634 34
      vertex -56.35 -32 34
    endloop
  endfacet
  facet normal 0 0 1
    outer loop
      vertex -53.2906 -35.6 34
      vertex -57.3805 -35.196 34
      vertex -56 -38 34
    endloop
  endfacet
  facet normal -0 0 1
    outer loop
      vertex -58.6 -30.2906 34
      vertex -56.1225 -31.25 34
      vertex -58.3259 -29.7777 34
    endloop
  endfacet
  facet normal 0 0 1
    outer loop
      vertex -56.1225 -31.25 34
      vertex -58.6 -30.2906 34
      vertex -56.2472 -31.4834 34
    endloop
  endfacet
  facet normal 0 0 1
    outer loop
      vertex -56 -38 34
      vertex -57.3805 -35.196 34
      vertex -56.9754 -37.9039 34
    endloop
  endfacet
  facet normal 0 0 1
    outer loop
      vertex -58.7778 -37.1573 34
      vertex -57.3805 -35.196 34
      vertex -57.4445 -35.1618 34
    endloop
  endfacet
  facet normal 0 0 1
    outer loop
      vertex -58.7778 -37.1573 34
      vertex -57.4445 -35.1618 34
      vertex -57.8385 -34.8385 34
    endloop
  endfacet
  facet normal 0 0 1
    outer loop
      vertex -57.3805 -35.196 34
      vertex -57.9134 -37.6194 34
      vertex -56.9754 -37.9039 34
    endloop
  endfacet
  facet normal 0 0 1
    outer loop
      vertex -59.5355 -36.5355 34
      vertex -57.8385 -34.8385 34
      vertex -58.1618 -34.4445 34
    endloop
  endfacet
  facet normal 0 0 1
    outer loop
      vertex -60.1573 -35.7778 34
      vertex -58.1618 -34.4445 34
      vertex -58.196 -34.3805 34
    endloop
  endfacet
  facet normal 0 0 1
    outer loop
      vertex -56.35 -32 34
      vertex -58.6 -30.2906 34
      vertex -58.196 -34.3805 34
    endloop
  endfacet
  facet normal -0 0 1
    outer loop
      vertex -61 -33 34
      vertex -58.196 -34.3805 34
      vertex -58.6 -30.2906 34
    endloop
  endfacet
  facet normal 0 0 1
    outer loop
      vertex -57.3805 -35.196 34
      vertex -58.7778 -37.1573 34
      vertex -57.9134 -37.6194 34
    endloop
  endfacet
  facet normal 0 0 1
    outer loop
      vertex -58.6 30.2906 34
      vertex -61 33 34
      vertex -58.6 -30.2906 34
    endloop
  endfacet
  facet normal -0 0 1
    outer loop
      vertex -60.6194 34.9134 34
      vertex -58.196 34.3805 34
      vertex -60.1573 35.7778 34
    endloop
  endfacet
  facet normal 0 0 1
    outer loop
      vertex -61 -33 34
      vertex -58.6 -30.2906 34
      vertex -61 33 34
    endloop
  endfacet
  facet normal 0 0 1
    outer loop
      vertex -60.9039 33.9754 34
      vertex -58.196 34.3805 34
      vertex -60.6194 34.9134 34
    endloop
  endfacet
  facet normal 0 0 1
    outer loop
      vertex -58.196 -34.3805 34
      vertex -61 -33 34
      vertex -60.9039 -33.9754 34
    endloop
  endfacet
  facet normal 0 0 1
    outer loop
      vertex -61 33 34
      vertex -58.196 34.3805 34
      vertex -60.9039 33.9754 34
    endloop
  endfacet
  facet normal 0 0 1
    outer loop
      vertex -57.8385 -34.8385 34
      vertex -59.5355 -36.5355 34
      vertex -58.7778 -37.1573 34
    endloop
  endfacet
  facet normal 0 0 1
    outer loop
      vertex -58.196 34.3805 34
      vertex -61 33 34
      vertex -58.6 30.2906 34
    endloop
  endfacet
  facet normal 0 0 1
    outer loop
      vertex -58.1618 -34.4445 34
      vertex -60.1573 -35.7778 34
      vertex -59.5355 -36.5355 34
    endloop
  endfacet
  facet normal 0 0 1
    outer loop
      vertex -58.196 -34.3805 34
      vertex -60.6194 -34.9134 34
      vertex -60.1573 -35.7778 34
    endloop
  endfacet
  facet normal 0 0 1
    outer loop
      vertex -58.196 -34.3805 34
      vertex -60.9039 -33.9754 34
      vertex -60.6194 -34.9134 34
    endloop
  endfacet
  facet normal 0 0 1
    outer loop
      vertex 56.3241 32.2634 34
      vertex 57.8284 34.8284 34
      vertex 57.3805 35.196 34
    endloop
  endfacet
  facet normal 0 0 1
    outer loop
      vertex 58.196 34.3805 34
      vertex 56.3241 32.2634 34
      vertex 58.6 30.2906 34
    endloop
  endfacet
  facet normal -0 0 1
    outer loop
      vertex 56.2472 31.4834 34
      vertex 58.6 30.2906 34
      vertex 56.3241 31.7366 34
    endloop
  endfacet
  facet normal -0 0 1
    outer loop
      vertex 56.1225 31.25 34
      vertex 58.6 30.2906 34
      vertex 56.2472 31.4834 34
    endloop
  endfacet
  facet normal 0.881892 -0.471451 0
    outer loop
      vertex 60.1573 -35.7778 34
      vertex 60.6194 -34.9134 0
      vertex 60.6194 -34.9134 34
    endloop
  endfacet
  facet normal 0.881892 -0.471451 0
    outer loop
      vertex 60.6194 -34.9134 0
      vertex 60.1573 -35.7778 34
      vertex 60.1573 -35.7778 0
    endloop
  endfacet
  facet normal 0.773025 0.634376 0
    outer loop
      vertex 60.1573 35.7778 34
      vertex 59.5355 36.5355 0
      vertex 59.5355 36.5355 34
    endloop
  endfacet
  facet normal 0.773025 0.634376 0
    outer loop
      vertex 59.5355 36.5355 0
      vertex 60.1573 35.7778 34
      vertex 60.1573 35.7778 0
    endloop
  endfacet
  facet normal 0.881892 0.471451 0
    outer loop
      vertex 60.6194 34.9134 34
      vertex 60.1573 35.7778 0
      vertex 60.1573 35.7778 34
    endloop
  endfacet
  facet normal 0.881892 0.471451 0
    outer loop
      vertex 60.1573 35.7778 0
      vertex 60.6194 34.9134 34
      vertex 60.6194 34.9134 0
    endloop
  endfacet
  facet normal -0.773025 -0.634376 0
    outer loop
      vertex -59.5355 -36.5355 0
      vertex -60.1573 -35.7778 34
      vertex -60.1573 -35.7778 0
    endloop
  endfacet
  facet normal -0.773025 -0.634376 0
    outer loop
      vertex -60.1573 -35.7778 34
      vertex -59.5355 -36.5355 0
      vertex -59.5355 -36.5355 34
    endloop
  endfacet
  facet normal 0 1 -0
    outer loop
      vertex -14.5 -35.6 6.5
      vertex -16.5 -35.6 19.5
      vertex -14.5 -35.6 19.5
    endloop
  endfacet
  facet normal 0 1 0
    outer loop
      vertex -16.5 -35.6 19.5
      vertex -14.5 -35.6 6.5
      vertex -16.5 -35.6 6.5
    endloop
  endfacet
  facet normal 0 1 -0
    outer loop
      vertex 2 -35.6 6.5
      vertex -1.5 -35.6 19.5
      vertex 2 -35.6 19.5
    endloop
  endfacet
  facet normal 0 1 0
    outer loop
      vertex -1.5 -35.6 19.5
      vertex 2 -35.6 6.5
      vertex -1.5 -35.6 6.5
    endloop
  endfacet
  facet normal 0 1 -0
    outer loop
      vertex 35.5 -35.6 6.5
      vertex 15 -35.6 19.5
      vertex 35.5 -35.6 19.5
    endloop
  endfacet
  facet normal 0 1 0
    outer loop
      vertex 15 -35.6 19.5
      vertex 35.5 -35.6 6.5
      vertex 15 -35.6 6.5
    endloop
  endfacet
  facet normal 0 1 0
    outer loop
      vertex 35.5 -35.6 19.5
      vertex 53.2906 -35.6 34
      vertex 46.5 -35.6 19.5
    endloop
  endfacet
  facet normal 0 1 -0
    outer loop
      vertex 53.2906 -35.6 3
      vertex 46.5 -35.6 19.5
      vertex 53.2906 -35.6 34
    endloop
  endfacet
  facet normal 0 1 0
    outer loop
      vertex 53.2906 -35.6 3
      vertex 35.5 -35.6 6.5
      vertex 46.5 -35.6 6.5
    endloop
  endfacet
  facet normal 0 1 0
    outer loop
      vertex 35.5 -35.6 6.5
      vertex 53.2906 -35.6 3
      vertex 15 -35.6 6.5
    endloop
  endfacet
  facet normal 0 1 0
    outer loop
      vertex 15 -35.6 6.5
      vertex 53.2906 -35.6 3
      vertex 2 -35.6 6.5
    endloop
  endfacet
  facet normal 0 1 0
    outer loop
      vertex 2 -35.6 6.5
      vertex 53.2906 -35.6 3
      vertex -1.5 -35.6 6.5
    endloop
  endfacet
  facet normal 0 1 0
    outer loop
      vertex -53.2906 -35.6 3
      vertex -1.5 -35.6 6.5
      vertex 53.2906 -35.6 3
    endloop
  endfacet
  facet normal 0 1 0
    outer loop
      vertex -1.5 -35.6 6.5
      vertex -53.2906 -35.6 3
      vertex -14.5 -35.6 6.5
    endloop
  endfacet
  facet normal 0 1 0
    outer loop
      vertex -14.5 -35.6 6.5
      vertex -53.2906 -35.6 3
      vertex -16.5 -35.6 6.5
    endloop
  endfacet
  facet normal 0 1 0
    outer loop
      vertex 46.5 -35.6 19.5
      vertex 53.2906 -35.6 3
      vertex 46.5 -35.6 6.5
    endloop
  endfacet
  facet normal 0 1 0
    outer loop
      vertex 15 -35.6 19.5
      vertex 53.2906 -35.6 34
      vertex 35.5 -35.6 19.5
    endloop
  endfacet
  facet normal 0 1 0
    outer loop
      vertex 2 -35.6 19.5
      vertex 53.2906 -35.6 34
      vertex 15 -35.6 19.5
    endloop
  endfacet
  facet normal 0 1 0
    outer loop
      vertex 53.2906 -35.6 34
      vertex 2 -35.6 19.5
      vertex -53.2906 -35.6 34
    endloop
  endfacet
  facet normal 0 1 -0
    outer loop
      vertex -1.5 -35.6 19.5
      vertex -53.2906 -35.6 34
      vertex 2 -35.6 19.5
    endloop
  endfacet
  facet normal 0 1 -0
    outer loop
      vertex -14.5 -35.6 19.5
      vertex -53.2906 -35.6 34
      vertex -1.5 -35.6 19.5
    endloop
  endfacet
  facet normal 0 1 -0
    outer loop
      vertex -16.5 -35.6 19.5
      vertex -53.2906 -35.6 34
      vertex -14.5 -35.6 19.5
    endloop
  endfacet
  facet normal 0 1 -0
    outer loop
      vertex -29.5 -35.6 19.5
      vertex -53.2906 -35.6 34
      vertex -16.5 -35.6 19.5
    endloop
  endfacet
  facet normal 0 1 0
    outer loop
      vertex -53.2906 -35.6 3
      vertex -29.5 -35.6 19.5
      vertex -29.5 -35.6 6.5
    endloop
  endfacet
  facet normal 0 1 0
    outer loop
      vertex -29.5 -35.6 19.5
      vertex -53.2906 -35.6 3
      vertex -53.2906 -35.6 34
    endloop
  endfacet
  facet normal 0 1 0
    outer loop
      vertex -16.5 -35.6 6.5
      vertex -53.2906 -35.6 3
      vertex -29.5 -35.6 6.5
    endloop
  endfacet
  facet normal 0.471303 0.881971 -0
    outer loop
      vertex -57.3805 -35.196 3
      vertex -57.4445 -35.1618 34
      vertex -57.3805 -35.196 34
    endloop
  endfacet
  facet normal 0.471303 0.881971 0
    outer loop
      vertex -57.4445 -35.1618 34
      vertex -57.3805 -35.196 3
      vertex -57.4445 -35.1618 3
    endloop
  endfacet
  facet normal 0.634338 -0.773056 0
    outer loop
      vertex -57.8385 34.8385 3
      vertex -57.4445 35.1618 34
      vertex -57.8385 34.8385 34
    endloop
  endfacet
  facet normal 0.634338 -0.773056 0
    outer loop
      vertex -57.4445 35.1618 34
      vertex -57.8385 34.8385 3
      vertex -57.4445 35.1618 3
    endloop
  endfacet
  facet normal 0 -1 0
    outer loop
      vertex 41.5 35.6 19.5
      vertex 45.5 35.6 23.5
      vertex 41.5 35.6 23.5
    endloop
  endfacet
  facet normal 0 -1 -0
    outer loop
      vertex 45.5 35.6 23.5
      vertex 41.5 35.6 19.5
      vertex 45.5 35.6 19.5
    endloop
  endfacet
  facet normal 0 -1 0
    outer loop
      vertex 28.5 35.6 19.5
      vertex 32.5 35.6 23.5
      vertex 28.5 35.6 23.5
    endloop
  endfacet
  facet normal 0 -1 -0
    outer loop
      vertex 32.5 35.6 23.5
      vertex 28.5 35.6 19.5
      vertex 32.5 35.6 19.5
    endloop
  endfacet
  facet normal 0 -1 0
    outer loop
      vertex 15.5 35.6 19.5
      vertex 19.5 35.6 23.5
      vertex 15.5 35.6 23.5
    endloop
  endfacet
  facet normal 0 -1 -0
    outer loop
      vertex 19.5 35.6 23.5
      vertex 15.5 35.6 19.5
      vertex 19.5 35.6 19.5
    endloop
  endfacet
  facet normal 0 -1 0
    outer loop
      vertex 2.5 35.6 19.5
      vertex 6.5 35.6 23.5
      vertex 2.5 35.6 23.5
    endloop
  endfacet
  facet normal 0 -1 -0
    outer loop
      vertex 6.5 35.6 23.5
      vertex 2.5 35.6 19.5
      vertex 6.5 35.6 19.5
    endloop
  endfacet
  facet normal 0 -1 0
    outer loop
      vertex -10.5 35.6 19.5
      vertex -6.5 35.6 23.5
      vertex -10.5 35.6 23.5
    endloop
  endfacet
  facet normal 0 -1 -0
    outer loop
      vertex -6.5 35.6 23.5
      vertex -10.5 35.6 19.5
      vertex -6.5 35.6 19.5
    endloop
  endfacet
  facet normal 0 -1 0
    outer loop
      vertex 46.9 35.6 30.6
      vertex 53.2906 35.6 34
      vertex 31.1 35.6 30.6
    endloop
  endfacet
  facet normal 0 -1 0
    outer loop
      vertex 28.1 35.6 31.5
      vertex 30.6903 35.6 30.5596
      vertex 31.1 35.6 30.6
    endloop
  endfacet
  facet normal 0 -1 0
    outer loop
      vertex 28.1 35.6 31.5
      vertex 30.2964 35.6 30.4401
      vertex 30.6903 35.6 30.5596
    endloop
  endfacet
  facet normal 0 -1 0
    outer loop
      vertex 28.1 35.6 31.5
      vertex 29.9333 35.6 30.2461
      vertex 30.2964 35.6 30.4401
    endloop
  endfacet
  facet normal 0 -1 0
    outer loop
      vertex 28.1 35.6 31.5
      vertex 29.6151 35.6 29.9849
      vertex 29.9333 35.6 30.2461
    endloop
  endfacet
  facet normal 0 -1 0
    outer loop
      vertex 28.1 35.6 31.5
      vertex 29.3539 35.6 29.6667
      vertex 29.6151 35.6 29.9849
    endloop
  endfacet
  facet normal 0 -1 0
    outer loop
      vertex 28.1 35.6 31.5
      vertex 29.1599 35.6 29.3036
      vertex 29.3539 35.6 29.6667
    endloop
  endfacet
  facet normal 0 -1 0
    outer loop
      vertex 28.1 35.6 31.5
      vertex 29.0403 35.6 28.9097
      vertex 29.1599 35.6 29.3036
    endloop
  endfacet
  facet normal 0 -1 0
    outer loop
      vertex 28.1 35.6 31.5
      vertex 29 35.6 28.5
      vertex 29.0403 35.6 28.9097
    endloop
  endfacet
  facet normal 0 -1 0
    outer loop
      vertex 28.1 35.6 25.5
      vertex 29 35.6 28.5
      vertex 28.1 35.6 31.5
    endloop
  endfacet
  facet normal 0 -1 -0
    outer loop
      vertex 31.1 35.6 26.4
      vertex 28.1 35.6 25.5
      vertex 46.9 35.6 26.4
    endloop
  endfacet
  facet normal 0 -1 -0
    outer loop
      vertex 30.6903 35.6 26.4403
      vertex 28.1 35.6 25.5
      vertex 31.1 35.6 26.4
    endloop
  endfacet
  facet normal 0 -1 -0
    outer loop
      vertex 30.2964 35.6 26.5599
      vertex 28.1 35.6 25.5
      vertex 30.6903 35.6 26.4403
    endloop
  endfacet
  facet normal 0 -1 -0
    outer loop
      vertex 29.9333 35.6 26.7539
      vertex 28.1 35.6 25.5
      vertex 30.2964 35.6 26.5599
    endloop
  endfacet
  facet normal 0 -1 -0
    outer loop
      vertex 29.6151 35.6 27.0151
      vertex 28.1 35.6 25.5
      vertex 29.9333 35.6 26.7539
    endloop
  endfacet
  facet normal 0 -1 -0
    outer loop
      vertex 29.3539 35.6 27.3333
      vertex 28.1 35.6 25.5
      vertex 29.6151 35.6 27.0151
    endloop
  endfacet
  facet normal 0 -1 -0
    outer loop
      vertex 29.1599 35.6 27.6964
      vertex 28.1 35.6 25.5
      vertex 29.3539 35.6 27.3333
    endloop
  endfacet
  facet normal 0 -1 -0
    outer loop
      vertex 29.0403 35.6 28.0903
      vertex 28.1 35.6 25.5
      vertex 29.1599 35.6 27.6964
    endloop
  endfacet
  facet normal 0 -1 -0
    outer loop
      vertex 29 35.6 28.5
      vertex 28.1 35.6 25.5
      vertex 29.0403 35.6 28.0903
    endloop
  endfacet
  facet normal 0 -1 0
    outer loop
      vertex -53.2906 35.6 34
      vertex 24.9 35.6 31.5
      vertex 53.2906 35.6 34
    endloop
  endfacet
  facet normal 0 -1 0
    outer loop
      vertex -10.5 35.6 23.5
      vertex 24.9 35.6 31.5
      vertex -53.2906 35.6 34
    endloop
  endfacet
  facet normal 0 -1 0
    outer loop
      vertex 28.5 35.6 23.5
      vertex 28.1 35.6 25.5
      vertex 24.9 35.6 25.5
    endloop
  endfacet
  facet normal 0 -1 0
    outer loop
      vertex 28.1 35.6 25.5
      vertex 41.5 35.6 23.5
      vertex 49.9 35.6 25.5
    endloop
  endfacet
  facet normal 0 -1 0
    outer loop
      vertex 24.9 35.6 31.5
      vertex -10.5 35.6 23.5
      vertex -6.5 35.6 23.5
    endloop
  endfacet
  facet normal 0 -1 0
    outer loop
      vertex -10.5 35.6 23.5
      vertex -53.2906 35.6 34
      vertex -19.5 35.6 23.5
    endloop
  endfacet
  facet normal 0 -1 0
    outer loop
      vertex -53.2906 35.6 34
      vertex -19.5 35.6 19.5
      vertex -19.5 35.6 23.5
    endloop
  endfacet
  facet normal 0 -1 0
    outer loop
      vertex -53.2906 35.6 3
      vertex -10.5 35.6 19.5
      vertex -19.5 35.6 19.5
    endloop
  endfacet
  facet normal 0 -1 -0
    outer loop
      vertex -10.5 35.6 19.5
      vertex -53.2906 35.6 3
      vertex -6.5 35.6 19.5
    endloop
  endfacet
  facet normal 0 -1 -0
    outer loop
      vertex -6.5 35.6 19.5
      vertex -53.2906 35.6 3
      vertex 2.5 35.6 19.5
    endloop
  endfacet
  facet normal 0 -1 0
    outer loop
      vertex 53.2906 35.6 3
      vertex 2.5 35.6 19.5
      vertex -53.2906 35.6 3
    endloop
  endfacet
  facet normal 0 -1 0
    outer loop
      vertex 2.5 35.6 19.5
      vertex 53.2906 35.6 3
      vertex 6.5 35.6 19.5
    endloop
  endfacet
  facet normal 0 -1 0
    outer loop
      vertex 15.5 35.6 19.5
      vertex 53.2906 35.6 3
      vertex 19.5 35.6 19.5
    endloop
  endfacet
  facet normal 0 -1 0
    outer loop
      vertex 19.5 35.6 19.5
      vertex 53.2906 35.6 3
      vertex 28.5 35.6 19.5
    endloop
  endfacet
  facet normal 0 -1 0
    outer loop
      vertex 28.5 35.6 19.5
      vertex 53.2906 35.6 3
      vertex 32.5 35.6 19.5
    endloop
  endfacet
  facet normal 0 -1 0
    outer loop
      vertex 32.5 35.6 19.5
      vertex 53.2906 35.6 3
      vertex 41.5 35.6 19.5
    endloop
  endfacet
  facet normal 0 -1 0
    outer loop
      vertex 41.5 35.6 19.5
      vertex 53.2906 35.6 3
      vertex 45.5 35.6 19.5
    endloop
  endfacet
  facet normal 0 -1 0
    outer loop
      vertex -53.2906 35.6 3
      vertex -19.5 35.6 19.5
      vertex -53.2906 35.6 34
    endloop
  endfacet
  facet normal 0 -1 0
    outer loop
      vertex 6.5 35.6 19.5
      vertex 53.2906 35.6 3
      vertex 15.5 35.6 19.5
    endloop
  endfacet
  facet normal 0 -1 0
    outer loop
      vertex 45.5 35.6 19.5
      vertex 53.2906 35.6 3
      vertex 53.2906 35.6 19.5
    endloop
  endfacet
  facet normal 0 -1 0
    outer loop
      vertex 28.1 35.6 31.5
      vertex 53.2906 35.6 34
      vertex 24.9 35.6 31.5
    endloop
  endfacet
  facet normal 0 -1 0
    outer loop
      vertex 31.1 35.6 30.6
      vertex 53.2906 35.6 34
      vertex 28.1 35.6 31.5
    endloop
  endfacet
  facet normal 0 -1 0
    outer loop
      vertex 53.1 35.6 31.5
      vertex 53.2906 35.6 34
      vertex 49.9 35.6 31.5
    endloop
  endfacet
  facet normal 0 -1 0
    outer loop
      vertex 53.2906 35.6 23.5
      vertex 53.1 35.6 31.5
      vertex 53.1 35.6 25.5
    endloop
  endfacet
  facet normal 0 -1 0
    outer loop
      vertex 24.9 35.6 31.5
      vertex -6.5 35.6 23.5
      vertex 2.5 35.6 23.5
    endloop
  endfacet
  facet normal 0 -1 0
    outer loop
      vertex 6.5 35.6 23.5
      vertex 24.9 35.6 31.5
      vertex 2.5 35.6 23.5
    endloop
  endfacet
  facet normal 0 -1 0
    outer loop
      vertex 15.5 35.6 23.5
      vertex 24.9 35.6 31.5
      vertex 6.5 35.6 23.5
    endloop
  endfacet
  facet normal 0 -1 0
    outer loop
      vertex 19.5 35.6 23.5
      vertex 24.9 35.6 31.5
      vertex 15.5 35.6 23.5
    endloop
  endfacet
  facet normal 0 -1 -0
    outer loop
      vertex 24.9 35.6 31.5
      vertex 19.5 35.6 23.5
      vertex 24.9 35.6 25.5
    endloop
  endfacet
  facet normal 0 -1 0
    outer loop
      vertex 28.5 35.6 23.5
      vertex 24.9 35.6 25.5
      vertex 19.5 35.6 23.5
    endloop
  endfacet
  facet normal 0 -1 0
    outer loop
      vertex 28.1 35.6 25.5
      vertex 28.5 35.6 23.5
      vertex 32.5 35.6 23.5
    endloop
  endfacet
  facet normal 0 -1 0
    outer loop
      vertex 28.1 35.6 25.5
      vertex 32.5 35.6 23.5
      vertex 41.5 35.6 23.5
    endloop
  endfacet
  facet normal 0 -1 0
    outer loop
      vertex 45.5 35.6 23.5
      vertex 49.9 35.6 25.5
      vertex 41.5 35.6 23.5
    endloop
  endfacet
  facet normal 0 -1 0
    outer loop
      vertex 53.2906 35.6 23.5
      vertex 49.9 35.6 25.5
      vertex 45.5 35.6 23.5
    endloop
  endfacet
  facet normal 0 -1 0
    outer loop
      vertex 53.1 35.6 31.5
      vertex 53.2906 35.6 23.5
      vertex 53.2906 35.6 34
    endloop
  endfacet
  facet normal 0 -1 0
    outer loop
      vertex 49.9 35.6 25.5
      vertex 53.2906 35.6 23.5
      vertex 53.1 35.6 25.5
    endloop
  endfacet
  facet normal 0 -1 0
    outer loop
      vertex 53.2906 35.6 34
      vertex 46.9 35.6 30.6
      vertex 49.9 35.6 31.5
    endloop
  endfacet
  facet normal 0 -1 0
    outer loop
      vertex 47.3097 35.6 30.5596
      vertex 49.9 35.6 31.5
      vertex 46.9 35.6 30.6
    endloop
  endfacet
  facet normal 0 -1 0
    outer loop
      vertex 47.7036 35.6 30.4401
      vertex 49.9 35.6 31.5
      vertex 47.3097 35.6 30.5596
    endloop
  endfacet
  facet normal 0 -1 0
    outer loop
      vertex 48.0667 35.6 30.2461
      vertex 49.9 35.6 31.5
      vertex 47.7036 35.6 30.4401
    endloop
  endfacet
  facet normal 0 -1 0
    outer loop
      vertex 48.3849 35.6 29.9849
      vertex 49.9 35.6 31.5
      vertex 48.0667 35.6 30.2461
    endloop
  endfacet
  facet normal 0 -1 0
    outer loop
      vertex 48.6461 35.6 29.6667
      vertex 49.9 35.6 31.5
      vertex 48.3849 35.6 29.9849
    endloop
  endfacet
  facet normal 0 -1 0
    outer loop
      vertex 48.8401 35.6 29.3036
      vertex 49.9 35.6 31.5
      vertex 48.6461 35.6 29.6667
    endloop
  endfacet
  facet normal 0 -1 0
    outer loop
      vertex 48.9596 35.6 28.9097
      vertex 49.9 35.6 31.5
      vertex 48.8401 35.6 29.3036
    endloop
  endfacet
  facet normal 0 -1 0
    outer loop
      vertex 49 35.6 28.5
      vertex 49.9 35.6 31.5
      vertex 48.9596 35.6 28.9097
    endloop
  endfacet
  facet normal 0 -1 0
    outer loop
      vertex 49.9 35.6 25.5
      vertex 49 35.6 28.5
      vertex 48.9596 35.6 28.0903
    endloop
  endfacet
  facet normal 0 -1 0
    outer loop
      vertex 49 35.6 28.5
      vertex 49.9 35.6 25.5
      vertex 49.9 35.6 31.5
    endloop
  endfacet
  facet normal 0 -1 0
    outer loop
      vertex 48.8401 35.6 27.6964
      vertex 49.9 35.6 25.5
      vertex 48.9596 35.6 28.0903
    endloop
  endfacet
  facet normal 0 -1 0
    outer loop
      vertex 48.6461 35.6 27.3333
      vertex 49.9 35.6 25.5
      vertex 48.8401 35.6 27.6964
    endloop
  endfacet
  facet normal 0 -1 0
    outer loop
      vertex 48.3849 35.6 27.0151
      vertex 49.9 35.6 25.5
      vertex 48.6461 35.6 27.3333
    endloop
  endfacet
  facet normal 0 -1 0
    outer loop
      vertex 48.0667 35.6 26.7539
      vertex 49.9 35.6 25.5
      vertex 48.3849 35.6 27.0151
    endloop
  endfacet
  facet normal 0 -1 0
    outer loop
      vertex 47.7036 35.6 26.5599
      vertex 49.9 35.6 25.5
      vertex 48.0667 35.6 26.7539
    endloop
  endfacet
  facet normal 0 -1 0
    outer loop
      vertex 47.3097 35.6 26.4403
      vertex 49.9 35.6 25.5
      vertex 47.7036 35.6 26.5599
    endloop
  endfacet
  facet normal 0 -1 0
    outer loop
      vertex 46.9 35.6 26.4
      vertex 49.9 35.6 25.5
      vertex 47.3097 35.6 26.4403
    endloop
  endfacet
  facet normal 0 -1 0
    outer loop
      vertex 49.9 35.6 25.5
      vertex 46.9 35.6 26.4
      vertex 28.1 35.6 25.5
    endloop
  endfacet
  facet normal 1 -0 0
    outer loop
      vertex -58.6 -30.2906 34
      vertex -58.6 30.2906 3
      vertex -58.6 30.2906 34
    endloop
  endfacet
  facet normal 1 0 0
    outer loop
      vertex -58.6 30.2906 3
      vertex -58.6 -30.2906 34
      vertex -58.6 -30.2906 3
    endloop
  endfacet
  facet normal -1 0 0
    outer loop
      vertex 58.6 28.5 29.5
      vertex 58.6 30.2906 3
      vertex 58.6 28.5 6.5
    endloop
  endfacet
  facet normal -1 0 0
    outer loop
      vertex 58.6 30.2906 3
      vertex 58.6 -28.5 6.5
      vertex 58.6 28.5 6.5
    endloop
  endfacet
  facet normal -1 -0 0
    outer loop
      vertex 58.6 -28.5 6.5
      vertex 58.6 -30.2906 3
      vertex 58.6 -28.5 29.5
    endloop
  endfacet
  facet normal -1 0 0
    outer loop
      vertex 58.6 -30.2906 3
      vertex 58.6 -28.5 6.5
      vertex 58.6 30.2906 3
    endloop
  endfacet
  facet normal -1 0 0
    outer loop
      vertex 58.6 30.2906 3
      vertex 58.6 28.5 29.5
      vertex 58.6 30.2906 34
    endloop
  endfacet
  facet normal -1 0 0
    outer loop
      vertex 58.6 -28.5 29.5
      vertex 58.6 30.2906 34
      vertex 58.6 28.5 29.5
    endloop
  endfacet
  facet normal -1 0 0
    outer loop
      vertex 58.6 -28.5 29.5
      vertex 58.6 -30.2906 34
      vertex 58.6 30.2906 34
    endloop
  endfacet
  facet normal -1 0 0
    outer loop
      vertex 58.6 -30.2906 34
      vertex 58.6 -28.5 29.5
      vertex 58.6 -30.2906 3
    endloop
  endfacet
  facet normal -0.634338 -0.773056 0
    outer loop
      vertex 57.4445 35.1618 3
      vertex 57.8385 34.8385 34
      vertex 57.4445 35.1618 34
    endloop
  endfacet
  facet normal -0.634338 -0.773056 -0
    outer loop
      vertex 57.8385 34.8385 34
      vertex 57.4445 35.1618 3
      vertex 57.8385 34.8385 3
    endloop
  endfacet
  facet normal -0 0 1
    outer loop
      vertex 57.8284 34.8284 3
      vertex 58.1618 34.4445 3
      vertex 57.8385 34.8385 3
    endloop
  endfacet
  facet normal 0 0 1
    outer loop
      vertex 58.1618 34.4445 3
      vertex 57.8284 34.8284 3
      vertex 58.196 34.3805 3
    endloop
  endfacet
  facet normal 0 0 1
    outer loop
      vertex 57.4445 35.1618 3
      vertex 57.8284 34.8284 3
      vertex 57.8385 34.8385 3
    endloop
  endfacet
  facet normal 0 0 1
    outer loop
      vertex 57.8284 34.8284 3
      vertex 57.4445 35.1618 3
      vertex 57.3805 35.196 3
    endloop
  endfacet
  facet normal 0 0 1
    outer loop
      vertex -57.8284 -34.8284 3
      vertex -57.4445 -35.1618 3
      vertex -57.3805 -35.196 3
    endloop
  endfacet
  facet normal 0 0 1
    outer loop
      vertex -57.8284 -34.8284 3
      vertex -57.8385 -34.8385 3
      vertex -57.4445 -35.1618 3
    endloop
  endfacet
  facet normal 0 0 1
    outer loop
      vertex -57.8284 -34.8284 3
      vertex -58.1618 -34.4445 3
      vertex -57.8385 -34.8385 3
    endloop
  endfacet
  facet normal -0 -0 1
    outer loop
      vertex -58.1618 -34.4445 3
      vertex -57.8284 -34.8284 3
      vertex -58.196 -34.3805 3
    endloop
  endfacet
  facet normal 0 0 1
    outer loop
      vertex 57.8284 -34.8284 3
      vertex 58.1618 -34.4445 3
      vertex 58.196 -34.3805 3
    endloop
  endfacet
  facet normal 0 0 1
    outer loop
      vertex 58.1618 -34.4445 3
      vertex 57.8284 -34.8284 3
      vertex 57.8385 -34.8385 3
    endloop
  endfacet
  facet normal 0 0 1
    outer loop
      vertex 57.8284 -34.8284 3
      vertex 57.4445 -35.1618 3
      vertex 57.8385 -34.8385 3
    endloop
  endfacet
  facet normal 0 -0 1
    outer loop
      vertex 57.4445 -35.1618 3
      vertex 57.8284 -34.8284 3
      vertex 57.3805 -35.196 3
    endloop
  endfacet
  facet normal -0 0 1
    outer loop
      vertex -57.4445 35.1618 3
      vertex -57.8284 34.8284 3
      vertex -57.3805 35.196 3
    endloop
  endfacet
  facet normal -0 0 1
    outer loop
      vertex -57.8385 34.8385 3
      vertex -57.8284 34.8284 3
      vertex -57.4445 35.1618 3
    endloop
  endfacet
  facet normal 0 0 1
    outer loop
      vertex -58.1618 34.4445 3
      vertex -57.8284 34.8284 3
      vertex -57.8385 34.8385 3
    endloop
  endfacet
  facet normal 0 0 1
    outer loop
      vertex -57.8284 34.8284 3
      vertex -58.1618 34.4445 3
      vertex -58.196 34.3805 3
    endloop
  endfacet
  facet normal 0 0 -1
    outer loop
      vertex -52.3806 -29 3
      vertex -53.4693 -28.3045 3
      vertex -52.7777 -28.6741 3
    endloop
  endfacet
  facet normal 0 0 -1
    outer loop
      vertex -57.25 -29 3
      vertex -53.4693 -28.3045 3
      vertex -52.3806 -29 3
    endloop
  endfacet
  facet normal -0 0 -1
    outer loop
      vertex -53.4693 -28.3045 3
      vertex -57.25 -29 3
      vertex -54.2196 -28.0769 3
    endloop
  endfacet
  facet normal -0 0 -1
    outer loop
      vertex -54.2196 -28.0769 3
      vertex -57.25 -29 3
      vertex -55 -28 3
    endloop
  endfacet
  facet normal 0 0 -1
    outer loop
      vertex -55 -28 3
      vertex -57.25 -29 3
      vertex -55.7804 -28.0769 3
    endloop
  endfacet
  facet normal 0 0 -1
    outer loop
      vertex -55.7804 -28.0769 3
      vertex -57.25 -29 3
      vertex -56.5307 -28.3045 3
    endloop
  endfacet
  facet normal 0 0 -1
    outer loop
      vertex -56.5307 -28.3045 3
      vertex -57.25 -29 3
      vertex -57.2223 -28.6741 3
    endloop
  endfacet
  facet normal 0 0 -1
    outer loop
      vertex -57.2223 -28.6741 3
      vertex -57.25 -29 3
      vertex -57.25 -28.6969 3
    endloop
  endfacet
  facet normal 0 0 1
    outer loop
      vertex -57.8284 29.1716 3
      vertex -57.25 -28.6969 3
      vertex -57.25 28.6969 3
    endloop
  endfacet
  facet normal 0 0 1
    outer loop
      vertex -57.8284 29.1716 3
      vertex -57.8284 -29.1716 3
      vertex -57.25 -28.6969 3
    endloop
  endfacet
  facet normal 0 0 1
    outer loop
      vertex -58.3259 29.7777 3
      vertex -57.8284 -29.1716 3
      vertex -57.8284 29.1716 3
    endloop
  endfacet
  facet normal 0 0 1
    outer loop
      vertex -58.3259 29.7777 3
      vertex -58.3259 -29.7777 3
      vertex -57.8284 -29.1716 3
    endloop
  endfacet
  facet normal 0 0 1
    outer loop
      vertex -58.6 30.2906 3
      vertex -58.3259 -29.7777 3
      vertex -58.3259 29.7777 3
    endloop
  endfacet
  facet normal 0 0 1
    outer loop
      vertex -58.3259 -29.7777 3
      vertex -58.6 30.2906 3
      vertex -58.6 -30.2906 3
    endloop
  endfacet
  facet normal 0 0 1
    outer loop
      vertex -23.7373 22.2373 3
      vertex 29.7373 22.2373 3
      vertex -23.3393 22.7222 3
    endloop
  endfacet
  facet normal 0 0 1
    outer loop
      vertex 29.3393 -22.7222 3
      vertex -22.8615 -23.8757 3
      vertex -22.8 -24.5 3
    endloop
  endfacet
  facet normal 0 0 1
    outer loop
      vertex 29.7373 22.2373 3
      vertex -23.7373 22.2373 3
      vertex 29.7373 -22.2373 3
    endloop
  endfacet
  facet normal 0 0 1
    outer loop
      vertex 29.3393 -22.7222 3
      vertex -23.0436 -23.2754 3
      vertex -22.8615 -23.8757 3
    endloop
  endfacet
  facet normal 0 0 1
    outer loop
      vertex -23.7373 -22.2373 3
      vertex 29.7373 -22.2373 3
      vertex -23.7373 22.2373 3
    endloop
  endfacet
  facet normal 0 0 1
    outer loop
      vertex 29.3393 -22.7222 3
      vertex -23.3393 -22.7222 3
      vertex -23.0436 -23.2754 3
    endloop
  endfacet
  facet normal 0 0 1
    outer loop
      vertex 29.7373 -22.2373 3
      vertex -23.7373 -22.2373 3
      vertex 29.3393 -22.7222 3
    endloop
  endfacet
  facet normal 0 0 1
    outer loop
      vertex 29.3393 -22.7222 3
      vertex -23.7373 -22.2373 3
      vertex -23.3393 -22.7222 3
    endloop
  endfacet
  facet normal -0 0 1
    outer loop
      vertex -24.2222 21.8393 3
      vertex -23.7373 -22.2373 3
      vertex -23.7373 22.2373 3
    endloop
  endfacet
  facet normal 0 0 1
    outer loop
      vertex -24.2222 21.8393 3
      vertex -24.2222 -21.8393 3
      vertex -23.7373 -22.2373 3
    endloop
  endfacet
  facet normal -0 0 1
    outer loop
      vertex -24.7754 21.5436 3
      vertex -24.2222 -21.8393 3
      vertex -24.2222 21.8393 3
    endloop
  endfacet
  facet normal 0 0 1
    outer loop
      vertex -24.7754 21.5436 3
      vertex -24.7754 -21.5436 3
      vertex -24.2222 -21.8393 3
    endloop
  endfacet
  facet normal -0 0 1
    outer loop
      vertex -25.3757 21.3615 3
      vertex -24.7754 -21.5436 3
      vertex -24.7754 21.5436 3
    endloop
  endfacet
  facet normal 0 0 1
    outer loop
      vertex -25.3757 21.3615 3
      vertex -25.3757 -21.3615 3
      vertex -24.7754 -21.5436 3
    endloop
  endfacet
  facet normal -0 0 1
    outer loop
      vertex -26 21.3 3
      vertex -25.3757 -21.3615 3
      vertex -25.3757 21.3615 3
    endloop
  endfacet
  facet normal 0 0 1
    outer loop
      vertex -26 21.3 3
      vertex -26 -21.3 3
      vertex -25.3757 -21.3615 3
    endloop
  endfacet
  facet normal 0 0 1
    outer loop
      vertex -26.6243 21.3615 3
      vertex -26 -21.3 3
      vertex -26 21.3 3
    endloop
  endfacet
  facet normal 0 0 1
    outer loop
      vertex -26.6243 21.3615 3
      vertex -26.6243 -21.3615 3
      vertex -26 -21.3 3
    endloop
  endfacet
  facet normal 0 0 1
    outer loop
      vertex -27.2246 21.5436 3
      vertex -26.6243 -21.3615 3
      vertex -26.6243 21.3615 3
    endloop
  endfacet
  facet normal 0 0 1
    outer loop
      vertex -27.2246 21.5436 3
      vertex -27.2246 -21.5436 3
      vertex -26.6243 -21.3615 3
    endloop
  endfacet
  facet normal 0 0 1
    outer loop
      vertex -27.7778 21.8393 3
      vertex -27.2246 -21.5436 3
      vertex -27.2246 21.5436 3
    endloop
  endfacet
  facet normal 0 0 1
    outer loop
      vertex -27.7778 21.8393 3
      vertex -27.7778 -21.8393 3
      vertex -27.2246 -21.5436 3
    endloop
  endfacet
  facet normal 0 0 1
    outer loop
      vertex -28.2627 22.2373 3
      vertex -27.7778 -21.8393 3
      vertex -27.7778 21.8393 3
    endloop
  endfacet
  facet normal 0 0 1
    outer loop
      vertex -28.2627 22.2373 3
      vertex -28.2627 -22.2373 3
      vertex -27.7778 -21.8393 3
    endloop
  endfacet
  facet normal 0 0 1
    outer loop
      vertex -28.6607 22.7222 3
      vertex -28.2627 -22.2373 3
      vertex -28.2627 22.2373 3
    endloop
  endfacet
  facet normal 0 0 1
    outer loop
      vertex -28.6607 22.7222 3
      vertex -28.6607 -22.7222 3
      vertex -28.2627 -22.2373 3
    endloop
  endfacet
  facet normal 0 0 1
    outer loop
      vertex -36.75 33 3
      vertex -28.6607 22.7222 3
      vertex -28.9564 23.2754 3
    endloop
  endfacet
  facet normal 0 0 1
    outer loop
      vertex -28.6607 22.7222 3
      vertex -36.75 33 3
      vertex -28.6607 -22.7222 3
    endloop
  endfacet
  facet normal 0 0 1
    outer loop
      vertex -36.75 33 3
      vertex -28.9564 23.2754 3
      vertex -29.1385 23.8757 3
    endloop
  endfacet
  facet normal 0 0 1
    outer loop
      vertex -36.75 -33 3
      vertex -28.6607 -22.7222 3
      vertex -36.75 33 3
    endloop
  endfacet
  facet normal 0 0 1
    outer loop
      vertex -36.75 33 3
      vertex -29.1385 23.8757 3
      vertex -29.2 24.5 3
    endloop
  endfacet
  facet normal 0 0 1
    outer loop
      vertex -28.6607 -22.7222 3
      vertex -36.75 -33 3
      vertex -28.9564 -23.2754 3
    endloop
  endfacet
  facet normal -0 0 1
    outer loop
      vertex 35.1385 -23.8757 3
      vertex 36.75 -33 3
      vertex 35.1385 23.8757 3
    endloop
  endfacet
  facet normal 0 0 1
    outer loop
      vertex 36.75 -33 3
      vertex 35.1385 -23.8757 3
      vertex 35.2 -24.5 3
    endloop
  endfacet
  facet normal -0 0 1
    outer loop
      vertex 34.9564 23.2754 3
      vertex 35.1385 -23.8757 3
      vertex 35.1385 23.8757 3
    endloop
  endfacet
  facet normal 0 0 1
    outer loop
      vertex 34.9564 23.2754 3
      vertex 34.9564 -23.2754 3
      vertex 35.1385 -23.8757 3
    endloop
  endfacet
  facet normal -0 0 1
    outer loop
      vertex 34.6607 22.7222 3
      vertex 34.9564 -23.2754 3
      vertex 34.9564 23.2754 3
    endloop
  endfacet
  facet normal 0 0 1
    outer loop
      vertex 34.6607 22.7222 3
      vertex 34.6607 -22.7222 3
      vertex 34.9564 -23.2754 3
    endloop
  endfacet
  facet normal -0 0 1
    outer loop
      vertex 34.2627 22.2373 3
      vertex 34.6607 -22.7222 3
      vertex 34.6607 22.7222 3
    endloop
  endfacet
  facet normal 0 0 1
    outer loop
      vertex 34.2627 22.2373 3
      vertex 34.2627 -22.2373 3
      vertex 34.6607 -22.7222 3
    endloop
  endfacet
  facet normal -0 0 1
    outer loop
      vertex 33.7778 21.8393 3
      vertex 34.2627 -22.2373 3
      vertex 34.2627 22.2373 3
    endloop
  endfacet
  facet normal 0 0 1
    outer loop
      vertex 33.7778 21.8393 3
      vertex 33.7778 -21.8393 3
      vertex 34.2627 -22.2373 3
    endloop
  endfacet
  facet normal -0 0 1
    outer loop
      vertex 33.2246 21.5436 3
      vertex 33.7778 -21.8393 3
      vertex 33.7778 21.8393 3
    endloop
  endfacet
  facet normal 0 0 1
    outer loop
      vertex 33.2246 21.5436 3
      vertex 33.2246 -21.5436 3
      vertex 33.7778 -21.8393 3
    endloop
  endfacet
  facet normal -0 0 1
    outer loop
      vertex 32.6243 21.3615 3
      vertex 33.2246 -21.5436 3
      vertex 33.2246 21.5436 3
    endloop
  endfacet
  facet normal 0 0 1
    outer loop
      vertex 32.6243 21.3615 3
      vertex 32.6243 -21.3615 3
      vertex 33.2246 -21.5436 3
    endloop
  endfacet
  facet normal -0 0 1
    outer loop
      vertex 32 21.3 3
      vertex 32.6243 -21.3615 3
      vertex 32.6243 21.3615 3
    endloop
  endfacet
  facet normal 0 0 1
    outer loop
      vertex 32 21.3 3
      vertex 32 -21.3 3
      vertex 32.6243 -21.3615 3
    endloop
  endfacet
  facet normal 0 0 1
    outer loop
      vertex 31.3757 21.3615 3
      vertex 32 -21.3 3
      vertex 32 21.3 3
    endloop
  endfacet
  facet normal 0 0 1
    outer loop
      vertex 31.3757 21.3615 3
      vertex 31.3757 -21.3615 3
      vertex 32 -21.3 3
    endloop
  endfacet
  facet normal 0 0 1
    outer loop
      vertex 30.7754 21.5436 3
      vertex 31.3757 -21.3615 3
      vertex 31.3757 21.3615 3
    endloop
  endfacet
  facet normal 0 0 1
    outer loop
      vertex 30.7754 21.5436 3
      vertex 30.7754 -21.5436 3
      vertex 31.3757 -21.3615 3
    endloop
  endfacet
  facet normal 0 0 1
    outer loop
      vertex 30.2222 21.8393 3
      vertex 30.7754 -21.5436 3
      vertex 30.7754 21.5436 3
    endloop
  endfacet
  facet normal 0 0 1
    outer loop
      vertex 30.2222 21.8393 3
      vertex 30.2222 -21.8393 3
      vertex 30.7754 -21.5436 3
    endloop
  endfacet
  facet normal 0 0 1
    outer loop
      vertex 29.7373 22.2373 3
      vertex 30.2222 -21.8393 3
      vertex 30.2222 21.8393 3
    endloop
  endfacet
  facet normal 0 0 1
    outer loop
      vertex 29.7373 22.2373 3
      vertex 29.7373 -22.2373 3
      vertex 30.2222 -21.8393 3
    endloop
  endfacet
  facet normal 0 0 1
    outer loop
      vertex 29.0436 23.2754 3
      vertex -23.0436 23.2754 3
      vertex 29.3393 22.7222 3
    endloop
  endfacet
  facet normal 0 0 1
    outer loop
      vertex -23.3393 22.7222 3
      vertex 29.3393 22.7222 3
      vertex -23.0436 23.2754 3
    endloop
  endfacet
  facet normal 0 0 1
    outer loop
      vertex 28.8615 23.8757 3
      vertex -22.8615 23.8757 3
      vertex 29.0436 23.2754 3
    endloop
  endfacet
  facet normal 0 0 1
    outer loop
      vertex -23.0436 23.2754 3
      vertex 29.0436 23.2754 3
      vertex -22.8615 23.8757 3
    endloop
  endfacet
  facet normal 0 0 1
    outer loop
      vertex -22.8615 23.8757 3
      vertex 28.8615 23.8757 3
      vertex -22.8 24.5 3
    endloop
  endfacet
  facet normal 0 0 1
    outer loop
      vertex 29.3393 22.7222 3
      vertex -23.3393 22.7222 3
      vertex 29.7373 22.2373 3
    endloop
  endfacet
  facet normal -0 0 1
    outer loop
      vertex -22.8 24.5 3
      vertex 28.8615 23.8757 3
      vertex 28.8 24.5 3
    endloop
  endfacet
  facet normal 0 0 1
    outer loop
      vertex 29.3393 -22.7222 3
      vertex -22.8 -24.5 3
      vertex 29.0436 -23.2754 3
    endloop
  endfacet
  facet normal 0 0 1
    outer loop
      vertex 51.3045 33.5307 3
      vertex 36.75 33 3
      vertex 51.1435 33 3
    endloop
  endfacet
  facet normal 0 0 1
    outer loop
      vertex 51.6741 34.2223 3
      vertex 36.75 33 3
      vertex 51.3045 33.5307 3
    endloop
  endfacet
  facet normal 0 0 1
    outer loop
      vertex 52.1716 34.8284 3
      vertex 36.75 33 3
      vertex 51.6741 34.2223 3
    endloop
  endfacet
  facet normal 0 0 1
    outer loop
      vertex 52.7777 35.3259 3
      vertex 36.75 33 3
      vertex 52.1716 34.8284 3
    endloop
  endfacet
  facet normal 0 0 1
    outer loop
      vertex 53.2906 35.6 3
      vertex 36.75 33 3
      vertex 52.7777 35.3259 3
    endloop
  endfacet
  facet normal 0 0 1
    outer loop
      vertex 35.1385 23.8757 3
      vertex 36.75 33 3
      vertex 35.2 24.5 3
    endloop
  endfacet
  facet normal 0 0 1
    outer loop
      vertex 36.75 33 3
      vertex 35.1385 25.1243 3
      vertex 35.2 24.5 3
    endloop
  endfacet
  facet normal 0 0 1
    outer loop
      vertex 36.75 33 3
      vertex 34.9564 25.7246 3
      vertex 35.1385 25.1243 3
    endloop
  endfacet
  facet normal 0 0 1
    outer loop
      vertex 36.75 33 3
      vertex 34.6607 26.2778 3
      vertex 34.9564 25.7246 3
    endloop
  endfacet
  facet normal 0 0 1
    outer loop
      vertex 36.75 33 3
      vertex 34.2627 26.7627 3
      vertex 34.6607 26.2778 3
    endloop
  endfacet
  facet normal 0 0 1
    outer loop
      vertex 36.75 33 3
      vertex 33.7778 27.1607 3
      vertex 34.2627 26.7627 3
    endloop
  endfacet
  facet normal 0 0 1
    outer loop
      vertex 36.75 33 3
      vertex 33.2246 27.4564 3
      vertex 33.7778 27.1607 3
    endloop
  endfacet
  facet normal 0 0 1
    outer loop
      vertex 36.75 33 3
      vertex 32.6243 27.6385 3
      vertex 33.2246 27.4564 3
    endloop
  endfacet
  facet normal 0 0 1
    outer loop
      vertex 36.75 33 3
      vertex 32 27.7 3
      vertex 32.6243 27.6385 3
    endloop
  endfacet
  facet normal 0 0 1
    outer loop
      vertex 36.75 33 3
      vertex 31.3757 27.6385 3
      vertex 32 27.7 3
    endloop
  endfacet
  facet normal 0 0 1
    outer loop
      vertex 36.75 33 3
      vertex 30.7754 27.4564 3
      vertex 31.3757 27.6385 3
    endloop
  endfacet
  facet normal 0 0 1
    outer loop
      vertex 36.75 33 3
      vertex 30.2222 27.1607 3
      vertex 30.7754 27.4564 3
    endloop
  endfacet
  facet normal 0 0 1
    outer loop
      vertex -24.2222 27.1607 3
      vertex 30.2222 27.1607 3
      vertex 36.75 33 3
    endloop
  endfacet
  facet normal 0 0 1
    outer loop
      vertex 29.0436 -23.2754 3
      vertex -22.8 -24.5 3
      vertex 28.8615 -23.8757 3
    endloop
  endfacet
  facet normal 0 0 1
    outer loop
      vertex 28.8615 25.1243 3
      vertex -22.8 24.5 3
      vertex 28.8 24.5 3
    endloop
  endfacet
  facet normal 0 0 1
    outer loop
      vertex -22.8615 25.1243 3
      vertex 28.8615 25.1243 3
      vertex 29.0436 25.7246 3
    endloop
  endfacet
  facet normal 0 0 1
    outer loop
      vertex -23.0436 25.7246 3
      vertex 29.0436 25.7246 3
      vertex 29.3393 26.2778 3
    endloop
  endfacet
  facet normal 0 0 1
    outer loop
      vertex -23.3393 26.2778 3
      vertex 29.3393 26.2778 3
      vertex 29.7373 26.7627 3
    endloop
  endfacet
  facet normal 0 0 1
    outer loop
      vertex 30.2222 27.1607 3
      vertex -24.2222 27.1607 3
      vertex 29.7373 26.7627 3
    endloop
  endfacet
  facet normal 0 0 1
    outer loop
      vertex -36.75 33 3
      vertex 36.75 33 3
      vertex 53.2906 35.6 3
    endloop
  endfacet
  facet normal 0 0 1
    outer loop
      vertex 28.8615 25.1243 3
      vertex -22.8615 25.1243 3
      vertex -22.8 24.5 3
    endloop
  endfacet
  facet normal 0 0 1
    outer loop
      vertex 29.0436 25.7246 3
      vertex -23.0436 25.7246 3
      vertex -22.8615 25.1243 3
    endloop
  endfacet
  facet normal 0 0 1
    outer loop
      vertex 29.3393 26.2778 3
      vertex -23.3393 26.2778 3
      vertex -23.0436 25.7246 3
    endloop
  endfacet
  facet normal 0 0 1
    outer loop
      vertex 29.7373 26.7627 3
      vertex -23.7373 26.7627 3
      vertex -23.3393 26.2778 3
    endloop
  endfacet
  facet normal 0 0 1
    outer loop
      vertex 29.7373 26.7627 3
      vertex -24.2222 27.1607 3
      vertex -23.7373 26.7627 3
    endloop
  endfacet
  facet normal 0 0 1
    outer loop
      vertex 36.75 33 3
      vertex -24.7754 27.4564 3
      vertex -24.2222 27.1607 3
    endloop
  endfacet
  facet normal 0 0 1
    outer loop
      vertex 36.75 33 3
      vertex -36.75 33 3
      vertex -24.7754 27.4564 3
    endloop
  endfacet
  facet normal 0 0 1
    outer loop
      vertex -24.7754 27.4564 3
      vertex -36.75 33 3
      vertex -25.3757 27.6385 3
    endloop
  endfacet
  facet normal 0 0 1
    outer loop
      vertex -25.3757 27.6385 3
      vertex -36.75 33 3
      vertex -26 27.7 3
    endloop
  endfacet
  facet normal 0 0 1
    outer loop
      vertex -28.9564 -23.2754 3
      vertex -36.75 -33 3
      vertex -29.1385 -23.8757 3
    endloop
  endfacet
  facet normal 0 0 1
    outer loop
      vertex -29.1385 25.1243 3
      vertex -36.75 33 3
      vertex -29.2 24.5 3
    endloop
  endfacet
  facet normal 0 0 1
    outer loop
      vertex -28.9564 25.7246 3
      vertex -36.75 33 3
      vertex -29.1385 25.1243 3
    endloop
  endfacet
  facet normal 0 0 1
    outer loop
      vertex -28.6607 26.2778 3
      vertex -36.75 33 3
      vertex -28.9564 25.7246 3
    endloop
  endfacet
  facet normal 0 0 1
    outer loop
      vertex -28.2627 26.7627 3
      vertex -36.75 33 3
      vertex -28.6607 26.2778 3
    endloop
  endfacet
  facet normal 0 0 1
    outer loop
      vertex -27.7778 27.1607 3
      vertex -36.75 33 3
      vertex -28.2627 26.7627 3
    endloop
  endfacet
  facet normal 0 0 1
    outer loop
      vertex -27.2246 27.4564 3
      vertex -36.75 33 3
      vertex -27.7778 27.1607 3
    endloop
  endfacet
  facet normal 0 0 1
    outer loop
      vertex -26.6243 27.6385 3
      vertex -36.75 33 3
      vertex -27.2246 27.4564 3
    endloop
  endfacet
  facet normal 0 0 1
    outer loop
      vertex -26 27.7 3
      vertex -36.75 33 3
      vertex -26.6243 27.6385 3
    endloop
  endfacet
  facet normal -0 0 1
    outer loop
      vertex -53.2906 35.6 3
      vertex -36.75 33 3
      vertex 53.2906 35.6 3
    endloop
  endfacet
  facet normal 0 0 1
    outer loop
      vertex -36.75 33 3
      vertex -51.3045 33.5307 3
      vertex -51.1435 33 3
    endloop
  endfacet
  facet normal 0 0 1
    outer loop
      vertex -36.75 33 3
      vertex -51.6741 34.2223 3
      vertex -51.3045 33.5307 3
    endloop
  endfacet
  facet normal 0 0 1
    outer loop
      vertex -36.75 33 3
      vertex -52.1716 34.8284 3
      vertex -51.6741 34.2223 3
    endloop
  endfacet
  facet normal 0 0 1
    outer loop
      vertex -36.75 33 3
      vertex -52.7777 35.3259 3
      vertex -52.1716 34.8284 3
    endloop
  endfacet
  facet normal 0 0 1
    outer loop
      vertex -36.75 33 3
      vertex -53.2906 35.6 3
      vertex -52.7777 35.3259 3
    endloop
  endfacet
  facet normal -0 0 1
    outer loop
      vertex 36.75 -33 3
      vertex 51.3045 -33.5307 3
      vertex 51.1435 -33 3
    endloop
  endfacet
  facet normal 0 0 1
    outer loop
      vertex 36.75 -33 3
      vertex 51.6741 -34.2223 3
      vertex 51.3045 -33.5307 3
    endloop
  endfacet
  facet normal 0 0 1
    outer loop
      vertex 36.75 -33 3
      vertex 52.1716 -34.8284 3
      vertex 51.6741 -34.2223 3
    endloop
  endfacet
  facet normal 0 0 1
    outer loop
      vertex 36.75 -33 3
      vertex 52.7777 -35.3259 3
      vertex 52.1716 -34.8284 3
    endloop
  endfacet
  facet normal 0 0 1
    outer loop
      vertex 36.75 -33 3
      vertex 53.2906 -35.6 3
      vertex 52.7777 -35.3259 3
    endloop
  endfacet
  facet normal 0 0 1
    outer loop
      vertex 36.75 33 3
      vertex 35.1385 23.8757 3
      vertex 36.75 -33 3
    endloop
  endfacet
  facet normal -0 0 1
    outer loop
      vertex 35.1385 -25.1243 3
      vertex 36.75 -33 3
      vertex 35.2 -24.5 3
    endloop
  endfacet
  facet normal -0 0 1
    outer loop
      vertex 34.9564 -25.7246 3
      vertex 36.75 -33 3
      vertex 35.1385 -25.1243 3
    endloop
  endfacet
  facet normal -0 0 1
    outer loop
      vertex 34.6607 -26.2778 3
      vertex 36.75 -33 3
      vertex 34.9564 -25.7246 3
    endloop
  endfacet
  facet normal -0 0 1
    outer loop
      vertex 34.2627 -26.7627 3
      vertex 36.75 -33 3
      vertex 34.6607 -26.2778 3
    endloop
  endfacet
  facet normal -0 0 1
    outer loop
      vertex 33.7778 -27.1607 3
      vertex 36.75 -33 3
      vertex 34.2627 -26.7627 3
    endloop
  endfacet
  facet normal -0 0 1
    outer loop
      vertex 33.2246 -27.4564 3
      vertex 36.75 -33 3
      vertex 33.7778 -27.1607 3
    endloop
  endfacet
  facet normal -0 0 1
    outer loop
      vertex 32.6243 -27.6385 3
      vertex 36.75 -33 3
      vertex 33.2246 -27.4564 3
    endloop
  endfacet
  facet normal -0 0 1
    outer loop
      vertex 32 -27.7 3
      vertex 36.75 -33 3
      vertex 32.6243 -27.6385 3
    endloop
  endfacet
  facet normal 0 0 1
    outer loop
      vertex 31.3757 -27.6385 3
      vertex 36.75 -33 3
      vertex 32 -27.7 3
    endloop
  endfacet
  facet normal 0 0 1
    outer loop
      vertex 30.7754 -27.4564 3
      vertex 36.75 -33 3
      vertex 31.3757 -27.6385 3
    endloop
  endfacet
  facet normal 0 0 1
    outer loop
      vertex 30.2222 -27.1607 3
      vertex 36.75 -33 3
      vertex 30.7754 -27.4564 3
    endloop
  endfacet
  facet normal 0 0 1
    outer loop
      vertex -24.2222 -27.1607 3
      vertex 30.2222 -27.1607 3
      vertex 29.7373 -26.7627 3
    endloop
  endfacet
  facet normal 0 0 1
    outer loop
      vertex 28.8615 -23.8757 3
      vertex -22.8 -24.5 3
      vertex 28.8 -24.5 3
    endloop
  endfacet
  facet normal 0 0 1
    outer loop
      vertex 28.8 -24.5 3
      vertex -22.8 -24.5 3
      vertex 28.8615 -25.1243 3
    endloop
  endfacet
  facet normal 0 0 1
    outer loop
      vertex -22.8615 -25.1243 3
      vertex 28.8615 -25.1243 3
      vertex -22.8 -24.5 3
    endloop
  endfacet
  facet normal 0 0 1
    outer loop
      vertex 28.8615 -25.1243 3
      vertex -22.8615 -25.1243 3
      vertex 29.0436 -25.7246 3
    endloop
  endfacet
  facet normal 0 0 1
    outer loop
      vertex -23.0436 -25.7246 3
      vertex 29.0436 -25.7246 3
      vertex -22.8615 -25.1243 3
    endloop
  endfacet
  facet normal 0 0 1
    outer loop
      vertex 29.0436 -25.7246 3
      vertex -23.0436 -25.7246 3
      vertex 29.3393 -26.2778 3
    endloop
  endfacet
  facet normal 0 0 1
    outer loop
      vertex -23.3393 -26.2778 3
      vertex 29.3393 -26.2778 3
      vertex -23.0436 -25.7246 3
    endloop
  endfacet
  facet normal 0 0 1
    outer loop
      vertex 29.3393 -26.2778 3
      vertex -23.3393 -26.2778 3
      vertex 29.7373 -26.7627 3
    endloop
  endfacet
  facet normal 0 0 1
    outer loop
      vertex -23.7373 -26.7627 3
      vertex 29.7373 -26.7627 3
      vertex -23.3393 -26.2778 3
    endloop
  endfacet
  facet normal 0 0 1
    outer loop
      vertex -24.2222 -27.1607 3
      vertex 29.7373 -26.7627 3
      vertex -23.7373 -26.7627 3
    endloop
  endfacet
  facet normal 0 0 1
    outer loop
      vertex 30.2222 -27.1607 3
      vertex -24.2222 -27.1607 3
      vertex 36.75 -33 3
    endloop
  endfacet
  facet normal -0 0 1
    outer loop
      vertex -24.7754 -27.4564 3
      vertex 36.75 -33 3
      vertex -24.2222 -27.1607 3
    endloop
  endfacet
  facet normal 0 0 1
    outer loop
      vertex -36.75 -33 3
      vertex 36.75 -33 3
      vertex -24.7754 -27.4564 3
    endloop
  endfacet
  facet normal 0 0 1
    outer loop
      vertex -36.75 -33 3
      vertex -24.7754 -27.4564 3
      vertex -25.3757 -27.6385 3
    endloop
  endfacet
  facet normal 0 0 1
    outer loop
      vertex -36.75 -33 3
      vertex -25.3757 -27.6385 3
      vertex -26 -27.7 3
    endloop
  endfacet
  facet normal 0 0 1
    outer loop
      vertex -36.75 -33 3
      vertex -26 -27.7 3
      vertex -26.6243 -27.6385 3
    endloop
  endfacet
  facet normal 0 0 1
    outer loop
      vertex -29.1385 -23.8757 3
      vertex -36.75 -33 3
      vertex -29.2 -24.5 3
    endloop
  endfacet
  facet normal 0 0 1
    outer loop
      vertex -29.2 -24.5 3
      vertex -36.75 -33 3
      vertex -29.1385 -25.1243 3
    endloop
  endfacet
  facet normal 0 0 1
    outer loop
      vertex -36.75 -33 3
      vertex -28.9564 -25.7246 3
      vertex -29.1385 -25.1243 3
    endloop
  endfacet
  facet normal 0 0 1
    outer loop
      vertex -36.75 -33 3
      vertex -28.6607 -26.2778 3
      vertex -28.9564 -25.7246 3
    endloop
  endfacet
  facet normal 0 0 1
    outer loop
      vertex -36.75 -33 3
      vertex -28.2627 -26.7627 3
      vertex -28.6607 -26.2778 3
    endloop
  endfacet
  facet normal 0 0 1
    outer loop
      vertex -36.75 -33 3
      vertex -27.7778 -27.1607 3
      vertex -28.2627 -26.7627 3
    endloop
  endfacet
  facet normal 0 0 1
    outer loop
      vertex -36.75 -33 3
      vertex -27.2246 -27.4564 3
      vertex -27.7778 -27.1607 3
    endloop
  endfacet
  facet normal 0 0 1
    outer loop
      vertex -36.75 -33 3
      vertex -26.6243 -27.6385 3
      vertex -27.2246 -27.4564 3
    endloop
  endfacet
  facet normal 0 0 1
    outer loop
      vertex 36.75 -33 3
      vertex -36.75 -33 3
      vertex 53.2906 -35.6 3
    endloop
  endfacet
  facet normal 0 0 1
    outer loop
      vertex -51.3045 -33.5307 3
      vertex -36.75 -33 3
      vertex -51.1435 -33 3
    endloop
  endfacet
  facet normal 0 0 1
    outer loop
      vertex -51.6741 -34.2223 3
      vertex -36.75 -33 3
      vertex -51.3045 -33.5307 3
    endloop
  endfacet
  facet normal 0 0 1
    outer loop
      vertex -52.1716 -34.8284 3
      vertex -36.75 -33 3
      vertex -51.6741 -34.2223 3
    endloop
  endfacet
  facet normal 0 0 1
    outer loop
      vertex -52.7777 -35.3259 3
      vertex -36.75 -33 3
      vertex -52.1716 -34.8284 3
    endloop
  endfacet
  facet normal 0 0 1
    outer loop
      vertex -53.2906 -35.6 3
      vertex -36.75 -33 3
      vertex -52.7777 -35.3259 3
    endloop
  endfacet
  facet normal 0 0 1
    outer loop
      vertex -36.75 -33 3
      vertex -53.2906 -35.6 3
      vertex 53.2906 -35.6 3
    endloop
  endfacet
  facet normal -0 0 1
    outer loop
      vertex 58.3259 29.7777 3
      vertex 58.6 -30.2906 3
      vertex 58.6 30.2906 3
    endloop
  endfacet
  facet normal 0 0 1
    outer loop
      vertex 58.3259 29.7777 3
      vertex 58.3259 -29.7777 3
      vertex 58.6 -30.2906 3
    endloop
  endfacet
  facet normal -0 0 1
    outer loop
      vertex 57.8284 29.1716 3
      vertex 58.3259 -29.7777 3
      vertex 58.3259 29.7777 3
    endloop
  endfacet
  facet normal 0 0 1
    outer loop
      vertex 57.8284 29.1716 3
      vertex 57.8284 -29.1716 3
      vertex 58.3259 -29.7777 3
    endloop
  endfacet
  facet normal -0 0 1
    outer loop
      vertex 57.25 28.6969 3
      vertex 57.8284 -29.1716 3
      vertex 57.8284 29.1716 3
    endloop
  endfacet
  facet normal 0 0 1
    outer loop
      vertex 57.8284 -29.1716 3
      vertex 57.25 28.6969 3
      vertex 57.25 -28.6969 3
    endloop
  endfacet
  facet normal 0 0 -1
    outer loop
      vertex 57.25 -29 3
      vertex 57.2223 -28.6741 3
      vertex 57.25 -28.6969 3
    endloop
  endfacet
  facet normal 0 0 -1
    outer loop
      vertex 57.25 -29 3
      vertex 56.5307 -28.3045 3
      vertex 57.2223 -28.6741 3
    endloop
  endfacet
  facet normal 0 0 -1
    outer loop
      vertex 57.25 -29 3
      vertex 55.7804 -28.0769 3
      vertex 56.5307 -28.3045 3
    endloop
  endfacet
  facet normal 0 0 -1
    outer loop
      vertex 57.25 -29 3
      vertex 55 -28 3
      vertex 55.7804 -28.0769 3
    endloop
  endfacet
  facet normal 0 0 -1
    outer loop
      vertex 57.25 -29 3
      vertex 54.2196 -28.0769 3
      vertex 55 -28 3
    endloop
  endfacet
  facet normal 0 0 -1
    outer loop
      vertex 57.25 -29 3
      vertex 53.4693 -28.3045 3
      vertex 54.2196 -28.0769 3
    endloop
  endfacet
  facet normal 0 0 -1
    outer loop
      vertex 52.3806 -29 3
      vertex 53.4693 -28.3045 3
      vertex 57.25 -29 3
    endloop
  endfacet
  facet normal 0 0 -1
    outer loop
      vertex 53.4693 -28.3045 3
      vertex 52.3806 -29 3
      vertex 52.7777 -28.6741 3
    endloop
  endfacet
  facet normal 0 0 -1
    outer loop
      vertex -53.4693 28.3045 3
      vertex -52.3806 29 3
      vertex -52.7777 28.6741 3
    endloop
  endfacet
  facet normal 0 0 -1
    outer loop
      vertex -57.25 29 3
      vertex -53.4693 28.3045 3
      vertex -54.2196 28.0769 3
    endloop
  endfacet
  facet normal 0 0 -1
    outer loop
      vertex -57.25 29 3
      vertex -54.2196 28.0769 3
      vertex -55 28 3
    endloop
  endfacet
  facet normal 0 0 -1
    outer loop
      vertex -57.25 29 3
      vertex -55 28 3
      vertex -55.7804 28.0769 3
    endloop
  endfacet
  facet normal 0 0 -1
    outer loop
      vertex -57.25 29 3
      vertex -55.7804 28.0769 3
      vertex -56.5307 28.3045 3
    endloop
  endfacet
  facet normal 0 0 -1
    outer loop
      vertex -57.25 29 3
      vertex -56.5307 28.3045 3
      vertex -57.2223 28.6741 3
    endloop
  endfacet
  facet normal 0 0 -1
    outer loop
      vertex -57.25 29 3
      vertex -57.2223 28.6741 3
      vertex -57.25 28.6969 3
    endloop
  endfacet
  facet normal 0 0 -1
    outer loop
      vertex -53.4693 28.3045 3
      vertex -57.25 29 3
      vertex -52.3806 29 3
    endloop
  endfacet
  facet normal 0 0 -1
    outer loop
      vertex 57.2223 28.6741 3
      vertex 57.25 29 3
      vertex 57.25 28.6969 3
    endloop
  endfacet
  facet normal 0 0 -1
    outer loop
      vertex 56.5307 28.3045 3
      vertex 57.25 29 3
      vertex 57.2223 28.6741 3
    endloop
  endfacet
  facet normal 0 0 -1
    outer loop
      vertex 55.7804 28.0769 3
      vertex 57.25 29 3
      vertex 56.5307 28.3045 3
    endloop
  endfacet
  facet normal 0 0 -1
    outer loop
      vertex 55 28 3
      vertex 57.25 29 3
      vertex 55.7804 28.0769 3
    endloop
  endfacet
  facet normal 0 0 -1
    outer loop
      vertex 54.2196 28.0769 3
      vertex 57.25 29 3
      vertex 55 28 3
    endloop
  endfacet
  facet normal 0 0 -1
    outer loop
      vertex 53.4693 28.3045 3
      vertex 57.25 29 3
      vertex 54.2196 28.0769 3
    endloop
  endfacet
  facet normal 0 0 -1
    outer loop
      vertex 52.3806 29 3
      vertex 53.4693 28.3045 3
      vertex 52.7777 28.6741 3
    endloop
  endfacet
  facet normal 0 0 -1
    outer loop
      vertex 53.4693 28.3045 3
      vertex 52.3806 29 3
      vertex 57.25 29 3
    endloop
  endfacet
  facet normal -0.881971 0.471303 0
    outer loop
      vertex 58.1618 -34.4445 3
      vertex 58.196 -34.3805 34
      vertex 58.196 -34.3805 3
    endloop
  endfacet
  facet normal -0.881971 0.471303 0
    outer loop
      vertex 58.196 -34.3805 34
      vertex 58.1618 -34.4445 3
      vertex 58.1618 -34.4445 34
    endloop
  endfacet
  facet normal -0.471303 0.881971 0
    outer loop
      vertex 57.4445 -35.1618 3
      vertex 57.3805 -35.196 34
      vertex 57.4445 -35.1618 34
    endloop
  endfacet
  facet normal -0.471303 0.881971 0
    outer loop
      vertex 57.3805 -35.196 34
      vertex 57.4445 -35.1618 3
      vertex 57.3805 -35.196 3
    endloop
  endfacet
  facet normal -0.471303 -0.881971 0
    outer loop
      vertex 57.3805 35.196 3
      vertex 57.4445 35.1618 34
      vertex 57.3805 35.196 34
    endloop
  endfacet
  facet normal -0.471303 -0.881971 -0
    outer loop
      vertex 57.4445 35.1618 34
      vertex 57.3805 35.196 3
      vertex 57.4445 35.1618 3
    endloop
  endfacet
  facet normal 0.773056 0.634338 0
    outer loop
      vertex -57.8385 -34.8385 34
      vertex -58.1618 -34.4445 3
      vertex -58.1618 -34.4445 34
    endloop
  endfacet
  facet normal 0.773056 0.634338 0
    outer loop
      vertex -58.1618 -34.4445 3
      vertex -57.8385 -34.8385 34
      vertex -57.8385 -34.8385 3
    endloop
  endfacet
  facet normal 0.634338 0.773056 -0
    outer loop
      vertex -57.4445 -35.1618 3
      vertex -57.8385 -34.8385 34
      vertex -57.4445 -35.1618 34
    endloop
  endfacet
  facet normal 0.634338 0.773056 0
    outer loop
      vertex -57.8385 -34.8385 34
      vertex -57.4445 -35.1618 3
      vertex -57.8385 -34.8385 3
    endloop
  endfacet
  facet normal 0.881971 0.471303 0
    outer loop
      vertex -58.1618 -34.4445 34
      vertex -58.196 -34.3805 3
      vertex -58.196 -34.3805 34
    endloop
  endfacet
  facet normal 0.881971 0.471303 0
    outer loop
      vertex -58.196 -34.3805 3
      vertex -58.1618 -34.4445 34
      vertex -58.1618 -34.4445 3
    endloop
  endfacet
  facet normal -0.634338 0.773056 0
    outer loop
      vertex 57.8385 -34.8385 3
      vertex 57.4445 -35.1618 34
      vertex 57.8385 -34.8385 34
    endloop
  endfacet
  facet normal -0.634338 0.773056 0
    outer loop
      vertex 57.4445 -35.1618 34
      vertex 57.8385 -34.8385 3
      vertex 57.4445 -35.1618 3
    endloop
  endfacet
  facet normal -0.773056 0.634338 0
    outer loop
      vertex 57.8385 -34.8385 3
      vertex 58.1618 -34.4445 34
      vertex 58.1618 -34.4445 3
    endloop
  endfacet
  facet normal -0.773056 0.634338 0
    outer loop
      vertex 58.1618 -34.4445 34
      vertex 57.8385 -34.8385 3
      vertex 57.8385 -34.8385 34
    endloop
  endfacet
  facet normal 0.471303 -0.881971 0
    outer loop
      vertex -57.4445 35.1618 3
      vertex -57.3805 35.196 34
      vertex -57.4445 35.1618 34
    endloop
  endfacet
  facet normal 0.471303 -0.881971 0
    outer loop
      vertex -57.3805 35.196 34
      vertex -57.4445 35.1618 3
      vertex -57.3805 35.196 3
    endloop
  endfacet
  facet normal 0.881971 -0.471303 0
    outer loop
      vertex -58.196 34.3805 34
      vertex -58.1618 34.4445 3
      vertex -58.1618 34.4445 34
    endloop
  endfacet
  facet normal 0.881971 -0.471303 0
    outer loop
      vertex -58.1618 34.4445 3
      vertex -58.196 34.3805 34
      vertex -58.196 34.3805 3
    endloop
  endfacet
  facet normal 0.773056 -0.634338 0
    outer loop
      vertex -58.1618 34.4445 34
      vertex -57.8385 34.8385 3
      vertex -57.8385 34.8385 34
    endloop
  endfacet
  facet normal 0.773056 -0.634338 0
    outer loop
      vertex -57.8385 34.8385 3
      vertex -58.1618 34.4445 34
      vertex -58.1618 34.4445 3
    endloop
  endfacet
  facet normal -0.773056 -0.634338 0
    outer loop
      vertex 58.1618 34.4445 3
      vertex 57.8385 34.8385 34
      vertex 57.8385 34.8385 3
    endloop
  endfacet
  facet normal -0.773056 -0.634338 0
    outer loop
      vertex 57.8385 34.8385 34
      vertex 58.1618 34.4445 3
      vertex 58.1618 34.4445 34
    endloop
  endfacet
  facet normal -0.881971 -0.471303 0
    outer loop
      vertex 58.196 34.3805 3
      vertex 58.1618 34.4445 34
      vertex 58.1618 34.4445 3
    endloop
  endfacet
  facet normal -0.881971 -0.471303 0
    outer loop
      vertex 58.1618 34.4445 34
      vertex 58.196 34.3805 3
      vertex 58.196 34.3805 34
    endloop
  endfacet
  facet normal 0.99518 0.0980643 0
    outer loop
      vertex -51 -32 34
      vertex -51.0769 -31.2196 5
      vertex -51.0769 -31.2196 34
    endloop
  endfacet
  facet normal 0.99518 0.0980643 0
    outer loop
      vertex -51.0769 -31.2196 5
      vertex -51 -32 34
      vertex -51 -32 5
    endloop
  endfacet
  facet normal -0.0980643 0.99518 0
    outer loop
      vertex -55 -28 3
      vertex -55.7804 -28.0769 34
      vertex -55 -28 34
    endloop
  endfacet
  facet normal -0.0980643 0.99518 0
    outer loop
      vertex -55.7804 -28.0769 34
      vertex -55 -28 3
      vertex -55.7804 -28.0769 3
    endloop
  endfacet
  facet normal 0.634566 0.772869 0
    outer loop
      vertex -52.3806 -29 5
      vertex -52.1716 -29.1716 34
      vertex -52.1716 -29.1716 5
    endloop
  endfacet
  facet normal 0.634459 0.772956 1.28673e-06
    outer loop
      vertex -52.1716 -29.1716 34
      vertex -52.3806 -29 5
      vertex -52.7777 -28.6741 34
    endloop
  endfacet
  facet normal 0.634403 0.773002 0
    outer loop
      vertex -52.7777 -28.6741 3
      vertex -52.3806 -29 5
      vertex -52.3806 -29 3
    endloop
  endfacet
  facet normal 0.634403 0.773002 0
    outer loop
      vertex -52.3806 -29 5
      vertex -52.7777 -28.6741 3
      vertex -52.7777 -28.6741 34
    endloop
  endfacet
  facet normal -0.772956 0.634459 0
    outer loop
      vertex -58.3259 -29.7777 3
      vertex -57.8284 -29.1716 34
      vertex -57.8284 -29.1716 3
    endloop
  endfacet
  facet normal -0.772956 0.634459 0
    outer loop
      vertex -57.8284 -29.1716 34
      vertex -58.3259 -29.7777 3
      vertex -58.3259 -29.7777 34
    endloop
  endfacet
  facet normal -0.471329 0.881957 0
    outer loop
      vertex -56.5307 -28.3045 3
      vertex -57.2223 -28.6741 34
      vertex -56.5307 -28.3045 34
    endloop
  endfacet
  facet normal -0.471329 0.881957 0
    outer loop
      vertex -57.2223 -28.6741 34
      vertex -56.5307 -28.3045 3
      vertex -57.2223 -28.6741 3
    endloop
  endfacet
  facet normal 0.881957 0.471329 0
    outer loop
      vertex -51.3045 -30.4693 34
      vertex -51.6741 -29.7777 5
      vertex -51.6741 -29.7777 34
    endloop
  endfacet
  facet normal 0.881957 0.471329 0
    outer loop
      vertex -51.6741 -29.7777 5
      vertex -51.3045 -30.4693 34
      vertex -51.3045 -30.4693 5
    endloop
  endfacet
  facet normal 0.956941 0.290283 0
    outer loop
      vertex -51.0769 -31.2196 34
      vertex -51.3045 -30.4693 5
      vertex -51.3045 -30.4693 34
    endloop
  endfacet
  facet normal 0.956941 0.290283 0
    outer loop
      vertex -51.3045 -30.4693 5
      vertex -51.0769 -31.2196 34
      vertex -51.0769 -31.2196 5
    endloop
  endfacet
  facet normal 0.772956 0.634459 0
    outer loop
      vertex -51.6741 -29.7777 34
      vertex -52.1716 -29.1716 5
      vertex -52.1716 -29.1716 34
    endloop
  endfacet
  facet normal 0.772956 0.634459 0
    outer loop
      vertex -52.1716 -29.1716 5
      vertex -51.6741 -29.7777 34
      vertex -51.6741 -29.7777 5
    endloop
  endfacet
  facet normal 0.290283 0.956941 -0
    outer loop
      vertex -53.4693 -28.3045 3
      vertex -54.2196 -28.0769 34
      vertex -53.4693 -28.3045 34
    endloop
  endfacet
  facet normal 0.290283 0.956941 0
    outer loop
      vertex -54.2196 -28.0769 34
      vertex -53.4693 -28.3045 3
      vertex -54.2196 -28.0769 3
    endloop
  endfacet
  facet normal 0.0980643 0.99518 -0
    outer loop
      vertex -54.2196 -28.0769 3
      vertex -55 -28 34
      vertex -54.2196 -28.0769 34
    endloop
  endfacet
  facet normal 0.0980643 0.99518 0
    outer loop
      vertex -55 -28 34
      vertex -54.2196 -28.0769 3
      vertex -55 -28 3
    endloop
  endfacet
  facet normal 0.471329 0.881957 -0
    outer loop
      vertex -52.7777 -28.6741 3
      vertex -53.4693 -28.3045 34
      vertex -52.7777 -28.6741 34
    endloop
  endfacet
  facet normal 0.471329 0.881957 0
    outer loop
      vertex -53.4693 -28.3045 34
      vertex -52.7777 -28.6741 3
      vertex -53.4693 -28.3045 3
    endloop
  endfacet
  facet normal -0.881958 0.471329 0
    outer loop
      vertex -58.6 -30.2906 3
      vertex -58.3259 -29.7777 34
      vertex -58.3259 -29.7777 3
    endloop
  endfacet
  facet normal -0.881958 0.471329 0
    outer loop
      vertex -58.3259 -29.7777 34
      vertex -58.6 -30.2906 3
      vertex -58.6 -30.2906 34
    endloop
  endfacet
  facet normal -0.635512 0.772091 0
    outer loop
      vertex -57.25 -28.6969 3
      vertex -57.2223 -28.6741 34
      vertex -57.2223 -28.6741 3
    endloop
  endfacet
  facet normal -0.634459 0.772956 -1.57684e-06
    outer loop
      vertex -57.2223 -28.6741 34
      vertex -57.25 -28.6969 3
      vertex -57.8284 -29.1716 34
    endloop
  endfacet
  facet normal -0.634409 0.772998 0
    outer loop
      vertex -57.8284 -29.1716 34
      vertex -57.25 -28.6969 3
      vertex -57.8284 -29.1716 3
    endloop
  endfacet
  facet normal -0.290283 0.956941 0
    outer loop
      vertex -55.7804 -28.0769 3
      vertex -56.5307 -28.3045 34
      vertex -55.7804 -28.0769 34
    endloop
  endfacet
  facet normal -0.290283 0.956941 0
    outer loop
      vertex -56.5307 -28.3045 34
      vertex -55.7804 -28.0769 3
      vertex -56.5307 -28.3045 3
    endloop
  endfacet
  facet normal 0.634459 -0.772956 0
    outer loop
      vertex -52.7777 -35.3259 3
      vertex -52.1716 -34.8284 34
      vertex -52.7777 -35.3259 34
    endloop
  endfacet
  facet normal 0.634459 -0.772956 0
    outer loop
      vertex -52.1716 -34.8284 34
      vertex -52.7777 -35.3259 3
      vertex -52.1716 -34.8284 3
    endloop
  endfacet
  facet normal 0.881957 -0.471329 0
    outer loop
      vertex -51.6741 -34.2223 34
      vertex -51.3045 -33.5307 3
      vertex -51.3045 -33.5307 34
    endloop
  endfacet
  facet normal 0.881957 -0.471329 0
    outer loop
      vertex -51.3045 -33.5307 3
      vertex -51.6741 -34.2223 34
      vertex -51.6741 -34.2223 3
    endloop
  endfacet
  facet normal 0.99518 -0.0980643 0
    outer loop
      vertex -51.0769 -32.7804 34
      vertex -51 -32 5
      vertex -51 -32 34
    endloop
  endfacet
  facet normal 0.99518 -0.0980643 0
    outer loop
      vertex -51 -32 5
      vertex -51.0769 -32.7804 34
      vertex -51.0769 -32.7804 5
    endloop
  endfacet
  facet normal -0.634412 -0.772995 0
    outer loop
      vertex -57.8284 -34.8284 3
      vertex -57.3805 -35.196 34
      vertex -57.8284 -34.8284 34
    endloop
  endfacet
  facet normal -0.634412 -0.772995 -0
    outer loop
      vertex -57.3805 -35.196 34
      vertex -57.8284 -34.8284 3
      vertex -57.3805 -35.196 3
    endloop
  endfacet
  facet normal -0.772995 -0.634412 0
    outer loop
      vertex -57.8284 -34.8284 3
      vertex -58.196 -34.3805 34
      vertex -58.196 -34.3805 3
    endloop
  endfacet
  facet normal -0.772995 -0.634412 0
    outer loop
      vertex -58.196 -34.3805 34
      vertex -57.8284 -34.8284 3
      vertex -57.8284 -34.8284 34
    endloop
  endfacet
  facet normal 0.772956 -0.634459 0
    outer loop
      vertex -52.1716 -34.8284 34
      vertex -51.6741 -34.2223 3
      vertex -51.6741 -34.2223 34
    endloop
  endfacet
  facet normal 0.772956 -0.634459 0
    outer loop
      vertex -51.6741 -34.2223 3
      vertex -52.1716 -34.8284 34
      vertex -52.1716 -34.8284 3
    endloop
  endfacet
  facet normal 0.956958 -0.290225 0
    outer loop
      vertex -51.0769 -32.7804 34
      vertex -51.1435 -33 5
      vertex -51.0769 -32.7804 5
    endloop
  endfacet
  facet normal 0.956941 -0.290283 4.82897e-07
    outer loop
      vertex -51.3045 -33.5307 34
      vertex -51.1435 -33 5
      vertex -51.0769 -32.7804 34
    endloop
  endfacet
  facet normal 0.956933 -0.290308 0
    outer loop
      vertex -51.3045 -33.5307 3
      vertex -51.1435 -33 5
      vertex -51.3045 -33.5307 34
    endloop
  endfacet
  facet normal 0.956933 -0.290308 0
    outer loop
      vertex -51.1435 -33 5
      vertex -51.3045 -33.5307 3
      vertex -51.1435 -33 3
    endloop
  endfacet
  facet normal 0.471329 -0.881958 0
    outer loop
      vertex -53.2906 -35.6 3
      vertex -52.7777 -35.3259 34
      vertex -53.2906 -35.6 34
    endloop
  endfacet
  facet normal 0.471329 -0.881958 0
    outer loop
      vertex -52.7777 -35.3259 34
      vertex -53.2906 -35.6 3
      vertex -52.7777 -35.3259 3
    endloop
  endfacet
  facet normal 0.99518 0.0980643 0
    outer loop
      vertex -51 32 34
      vertex -51.0769 32.7804 5
      vertex -51.0769 32.7804 34
    endloop
  endfacet
  facet normal 0.99518 0.0980643 0
    outer loop
      vertex -51.0769 32.7804 5
      vertex -51 32 34
      vertex -51 32 5
    endloop
  endfacet
  facet normal 0.0980643 -0.99518 0
    outer loop
      vertex -55 28 3
      vertex -54.2196 28.0769 34
      vertex -55 28 34
    endloop
  endfacet
  facet normal 0.0980643 -0.99518 0
    outer loop
      vertex -54.2196 28.0769 34
      vertex -55 28 3
      vertex -54.2196 28.0769 3
    endloop
  endfacet
  facet normal 0.634459 0.772956 -0
    outer loop
      vertex -52.1716 34.8284 3
      vertex -52.7777 35.3259 34
      vertex -52.1716 34.8284 34
    endloop
  endfacet
  facet normal 0.634459 0.772956 0
    outer loop
      vertex -52.7777 35.3259 34
      vertex -52.1716 34.8284 3
      vertex -52.7777 35.3259 3
    endloop
  endfacet
  facet normal -0.634412 0.772995 0
    outer loop
      vertex -57.3805 35.196 3
      vertex -57.8284 34.8284 34
      vertex -57.3805 35.196 34
    endloop
  endfacet
  facet normal -0.634412 0.772995 0
    outer loop
      vertex -57.8284 34.8284 34
      vertex -57.3805 35.196 3
      vertex -57.8284 34.8284 3
    endloop
  endfacet
  facet normal 0.881957 -0.471329 0
    outer loop
      vertex -51.6741 29.7777 34
      vertex -51.3045 30.4693 5
      vertex -51.3045 30.4693 34
    endloop
  endfacet
  facet normal 0.881957 -0.471329 0
    outer loop
      vertex -51.3045 30.4693 5
      vertex -51.6741 29.7777 34
      vertex -51.6741 29.7777 5
    endloop
  endfacet
  facet normal 0.881957 0.471329 0
    outer loop
      vertex -51.3045 33.5307 34
      vertex -51.6741 34.2223 3
      vertex -51.6741 34.2223 34
    endloop
  endfacet
  facet normal 0.881957 0.471329 0
    outer loop
      vertex -51.6741 34.2223 3
      vertex -51.3045 33.5307 34
      vertex -51.3045 33.5307 3
    endloop
  endfacet
  facet normal 0.956933 0.290308 0
    outer loop
      vertex -51.3045 33.5307 34
      vertex -51.1435 33 5
      vertex -51.3045 33.5307 3
    endloop
  endfacet
  facet normal 0.956941 0.290283 4.82897e-07
    outer loop
      vertex -51.0769 32.7804 34
      vertex -51.1435 33 5
      vertex -51.3045 33.5307 34
    endloop
  endfacet
  facet normal 0.956958 0.290225 0
    outer loop
      vertex -51.1435 33 5
      vertex -51.0769 32.7804 34
      vertex -51.0769 32.7804 5
    endloop
  endfacet
  facet normal 0.956933 0.290308 0
    outer loop
      vertex -51.3045 33.5307 3
      vertex -51.1435 33 5
      vertex -51.1435 33 3
    endloop
  endfacet
  facet normal 0.772956 0.634459 0
    outer loop
      vertex -51.6741 34.2223 34
      vertex -52.1716 34.8284 3
      vertex -52.1716 34.8284 34
    endloop
  endfacet
  facet normal 0.772956 0.634459 0
    outer loop
      vertex -52.1716 34.8284 3
      vertex -51.6741 34.2223 34
      vertex -51.6741 34.2223 3
    endloop
  endfacet
  facet normal 0.471329 0.881958 -0
    outer loop
      vertex -52.7777 35.3259 3
      vertex -53.2906 35.6 34
      vertex -52.7777 35.3259 34
    endloop
  endfacet
  facet normal 0.471329 0.881958 0
    outer loop
      vertex -53.2906 35.6 34
      vertex -52.7777 35.3259 3
      vertex -53.2906 35.6 3
    endloop
  endfacet
  facet normal -0.772995 0.634412 0
    outer loop
      vertex -58.196 34.3805 3
      vertex -57.8284 34.8284 34
      vertex -57.8284 34.8284 3
    endloop
  endfacet
  facet normal -0.772995 0.634412 0
    outer loop
      vertex -57.8284 34.8284 34
      vertex -58.196 34.3805 3
      vertex -58.196 34.3805 34
    endloop
  endfacet
  facet normal -0.772956 -0.634459 0
    outer loop
      vertex -57.8284 29.1716 3
      vertex -58.3259 29.7777 34
      vertex -58.3259 29.7777 3
    endloop
  endfacet
  facet normal -0.772956 -0.634459 0
    outer loop
      vertex -58.3259 29.7777 34
      vertex -57.8284 29.1716 3
      vertex -57.8284 29.1716 34
    endloop
  endfacet
  facet normal 0.956941 -0.290283 0
    outer loop
      vertex -51.3045 30.4693 34
      vertex -51.0769 31.2196 5
      vertex -51.0769 31.2196 34
    endloop
  endfacet
  facet normal 0.956941 -0.290283 0
    outer loop
      vertex -51.0769 31.2196 5
      vertex -51.3045 30.4693 34
      vertex -51.3045 30.4693 5
    endloop
  endfacet
  facet normal 0.99518 -0.0980643 0
    outer loop
      vertex -51.0769 31.2196 34
      vertex -51 32 5
      vertex -51 32 34
    endloop
  endfacet
  facet normal 0.99518 -0.0980643 0
    outer loop
      vertex -51 32 5
      vertex -51.0769 31.2196 34
      vertex -51.0769 31.2196 5
    endloop
  endfacet
  facet normal 0.290283 -0.956941 0
    outer loop
      vertex -54.2196 28.0769 3
      vertex -53.4693 28.3045 34
      vertex -54.2196 28.0769 34
    endloop
  endfacet
  facet normal 0.290283 -0.956941 0
    outer loop
      vertex -53.4693 28.3045 34
      vertex -54.2196 28.0769 3
      vertex -53.4693 28.3045 3
    endloop
  endfacet
  facet normal 0.634459 -0.772956 1.28673e-06
    outer loop
      vertex -52.7777 28.6741 34
      vertex -52.3806 29 5
      vertex -52.1716 29.1716 34
    endloop
  endfacet
  facet normal 0.634403 -0.773002 0
    outer loop
      vertex -52.7777 28.6741 3
      vertex -52.3806 29 5
      vertex -52.7777 28.6741 34
    endloop
  endfacet
  facet normal 0.634403 -0.773002 0
    outer loop
      vertex -52.3806 29 5
      vertex -52.7777 28.6741 3
      vertex -52.3806 29 3
    endloop
  endfacet
  facet normal 0.634566 -0.772869 0
    outer loop
      vertex -52.1716 29.1716 34
      vertex -52.3806 29 5
      vertex -52.1716 29.1716 5
    endloop
  endfacet
  facet normal -0.471329 -0.881957 0
    outer loop
      vertex -57.2223 28.6741 3
      vertex -56.5307 28.3045 34
      vertex -57.2223 28.6741 34
    endloop
  endfacet
  facet normal -0.471329 -0.881957 -0
    outer loop
      vertex -56.5307 28.3045 34
      vertex -57.2223 28.6741 3
      vertex -56.5307 28.3045 3
    endloop
  endfacet
  facet normal -0.0980643 -0.99518 0
    outer loop
      vertex -55.7804 28.0769 3
      vertex -55 28 34
      vertex -55.7804 28.0769 34
    endloop
  endfacet
  facet normal -0.0980643 -0.99518 -0
    outer loop
      vertex -55 28 34
      vertex -55.7804 28.0769 3
      vertex -55 28 3
    endloop
  endfacet
  facet normal -0.634459 -0.772956 0
    outer loop
      vertex -57.8284 29.1716 3
      vertex -57.2223 28.6741 34
      vertex -57.8284 29.1716 34
    endloop
  endfacet
  facet normal -0.634409 -0.772998 -1.65245e-06
    outer loop
      vertex -57.25 28.6969 3
      vertex -57.2223 28.6741 34
      vertex -57.8284 29.1716 3
    endloop
  endfacet
  facet normal -0.635512 -0.772091 -0
    outer loop
      vertex -57.2223 28.6741 34
      vertex -57.25 28.6969 3
      vertex -57.2223 28.6741 3
    endloop
  endfacet
  facet normal 0.471329 -0.881957 0
    outer loop
      vertex -53.4693 28.3045 3
      vertex -52.7777 28.6741 34
      vertex -53.4693 28.3045 34
    endloop
  endfacet
  facet normal 0.471329 -0.881957 0
    outer loop
      vertex -52.7777 28.6741 34
      vertex -53.4693 28.3045 3
      vertex -52.7777 28.6741 3
    endloop
  endfacet
  facet normal 0.772956 -0.634459 0
    outer loop
      vertex -52.1716 29.1716 34
      vertex -51.6741 29.7777 5
      vertex -51.6741 29.7777 34
    endloop
  endfacet
  facet normal 0.772956 -0.634459 0
    outer loop
      vertex -51.6741 29.7777 5
      vertex -52.1716 29.1716 34
      vertex -52.1716 29.1716 5
    endloop
  endfacet
  facet normal -0.290283 -0.956941 0
    outer loop
      vertex -56.5307 28.3045 3
      vertex -55.7804 28.0769 34
      vertex -56.5307 28.3045 34
    endloop
  endfacet
  facet normal -0.290283 -0.956941 -0
    outer loop
      vertex -55.7804 28.0769 34
      vertex -56.5307 28.3045 3
      vertex -55.7804 28.0769 3
    endloop
  endfacet
  facet normal -0.881958 -0.471329 0
    outer loop
      vertex -58.3259 29.7777 3
      vertex -58.6 30.2906 34
      vertex -58.6 30.2906 3
    endloop
  endfacet
  facet normal -0.881958 -0.471329 0
    outer loop
      vertex -58.6 30.2906 34
      vertex -58.3259 29.7777 3
      vertex -58.3259 29.7777 34
    endloop
  endfacet
  facet normal -0.0980643 0.99518 0
    outer loop
      vertex 55 -28 3
      vertex 54.2196 -28.0769 34
      vertex 55 -28 34
    endloop
  endfacet
  facet normal -0.0980643 0.99518 0
    outer loop
      vertex 54.2196 -28.0769 34
      vertex 55 -28 3
      vertex 54.2196 -28.0769 3
    endloop
  endfacet
  facet normal 0.634459 0.772956 -0
    outer loop
      vertex 57.8284 -29.1716 3
      vertex 57.2223 -28.6741 34
      vertex 57.8284 -29.1716 34
    endloop
  endfacet
  facet normal 0.634409 0.772998 -1.65245e-06
    outer loop
      vertex 57.25 -28.6969 3
      vertex 57.2223 -28.6741 34
      vertex 57.8284 -29.1716 3
    endloop
  endfacet
  facet normal 0.635512 0.772091 0
    outer loop
      vertex 57.2223 -28.6741 34
      vertex 57.25 -28.6969 3
      vertex 57.2223 -28.6741 3
    endloop
  endfacet
  facet normal -0.772956 0.634459 0
    outer loop
      vertex 51.6741 -29.7777 5
      vertex 52.1716 -29.1716 34
      vertex 52.1716 -29.1716 5
    endloop
  endfacet
  facet normal -0.772956 0.634459 0
    outer loop
      vertex 52.1716 -29.1716 34
      vertex 51.6741 -29.7777 5
      vertex 51.6741 -29.7777 34
    endloop
  endfacet
  facet normal -0.471329 0.881957 0
    outer loop
      vertex 53.4693 -28.3045 3
      vertex 52.7777 -28.6741 34
      vertex 53.4693 -28.3045 34
    endloop
  endfacet
  facet normal -0.471329 0.881957 0
    outer loop
      vertex 52.7777 -28.6741 34
      vertex 53.4693 -28.3045 3
      vertex 52.7777 -28.6741 3
    endloop
  endfacet
  facet normal 0.881958 0.471329 0
    outer loop
      vertex 58.6 -30.2906 34
      vertex 58.3259 -29.7777 3
      vertex 58.3259 -29.7777 34
    endloop
  endfacet
  facet normal 0.881958 0.471329 0
    outer loop
      vertex 58.3259 -29.7777 3
      vertex 58.6 -30.2906 34
      vertex 58.6 -30.2906 3
    endloop
  endfacet
  facet normal 0.772956 0.634459 0
    outer loop
      vertex 58.3259 -29.7777 34
      vertex 57.8284 -29.1716 3
      vertex 57.8284 -29.1716 34
    endloop
  endfacet
  facet normal 0.772956 0.634459 0
    outer loop
      vertex 57.8284 -29.1716 3
      vertex 58.3259 -29.7777 34
      vertex 58.3259 -29.7777 3
    endloop
  endfacet
  facet normal 0.289921 0.957051 0
    outer loop
      vertex 56.5307 -28.3045 6.5
      vertex 56.5307 -28.3045 3
      vertex 56.5 -28.2952 6.5
    endloop
  endfacet
  facet normal 0.289921 0.957051 0
    outer loop
      vertex 56.5 -28.2952 29.5
      vertex 56.5307 -28.3045 34
      vertex 56.5307 -28.3045 29.5
    endloop
  endfacet
  facet normal 0.290283 0.956941 -2.70104e-06
    outer loop
      vertex 56.5307 -28.3045 34
      vertex 56.5 -28.2952 29.5
      vertex 55.7804 -28.0769 34
    endloop
  endfacet
  facet normal 0.290299 0.956936 0
    outer loop
      vertex 55.7804 -28.0769 3
      vertex 56.5 -28.2952 29.5
      vertex 56.5 -28.2952 6.5
    endloop
  endfacet
  facet normal 0.290283 0.956941 3.47276e-06
    outer loop
      vertex 55.7804 -28.0769 3
      vertex 56.5 -28.2952 6.5
      vertex 56.5307 -28.3045 3
    endloop
  endfacet
  facet normal 0.290299 0.956936 0
    outer loop
      vertex 56.5 -28.2952 29.5
      vertex 55.7804 -28.0769 3
      vertex 55.7804 -28.0769 34
    endloop
  endfacet
  facet normal 0.0980643 0.99518 -0
    outer loop
      vertex 55.7804 -28.0769 3
      vertex 55 -28 34
      vertex 55.7804 -28.0769 34
    endloop
  endfacet
  facet normal 0.0980643 0.99518 0
    outer loop
      vertex 55 -28 34
      vertex 55.7804 -28.0769 3
      vertex 55 -28 3
    endloop
  endfacet
  facet normal 0.471329 0.881957 -2.3011e-06
    outer loop
      vertex 57.2223 -28.6741 34
      vertex 56.8965 -28.5 29.5
      vertex 56.5307 -28.3045 34
    endloop
  endfacet
  facet normal 0.471305 0.88197 -0
    outer loop
      vertex 57.2223 -28.6741 3
      vertex 56.8965 -28.5 29.5
      vertex 57.2223 -28.6741 34
    endloop
  endfacet
  facet normal 0.471305 0.88197 0
    outer loop
      vertex 56.8965 -28.5 29.5
      vertex 57.2223 -28.6741 3
      vertex 56.8965 -28.5 6.5
    endloop
  endfacet
  facet normal 0.471329 0.881957 2.95856e-06
    outer loop
      vertex 56.5307 -28.3045 3
      vertex 56.8965 -28.5 6.5
      vertex 57.2223 -28.6741 3
    endloop
  endfacet
  facet normal 0.471351 0.881945 0
    outer loop
      vertex 56.8965 -28.5 6.5
      vertex 56.5307 -28.3045 3
      vertex 56.5307 -28.3045 6.5
    endloop
  endfacet
  facet normal 0.471351 0.881945 0
    outer loop
      vertex 56.5307 -28.3045 34
      vertex 56.8965 -28.5 29.5
      vertex 56.5307 -28.3045 29.5
    endloop
  endfacet
  facet normal -0.956941 0.290283 0
    outer loop
      vertex 51.0769 -31.2196 5
      vertex 51.3045 -30.4693 34
      vertex 51.3045 -30.4693 5
    endloop
  endfacet
  facet normal -0.956941 0.290283 0
    outer loop
      vertex 51.3045 -30.4693 34
      vertex 51.0769 -31.2196 5
      vertex 51.0769 -31.2196 34
    endloop
  endfacet
  facet normal -0.881957 0.471329 0
    outer loop
      vertex 51.3045 -30.4693 5
      vertex 51.6741 -29.7777 34
      vertex 51.6741 -29.7777 5
    endloop
  endfacet
  facet normal -0.881957 0.471329 0
    outer loop
      vertex 51.6741 -29.7777 34
      vertex 51.3045 -30.4693 5
      vertex 51.3045 -30.4693 34
    endloop
  endfacet
  facet normal -0.99518 0.0980643 0
    outer loop
      vertex 51 -32 5
      vertex 51.0769 -31.2196 34
      vertex 51.0769 -31.2196 5
    endloop
  endfacet
  facet normal -0.99518 0.0980643 0
    outer loop
      vertex 51.0769 -31.2196 34
      vertex 51 -32 5
      vertex 51 -32 34
    endloop
  endfacet
  facet normal -0.634459 0.772956 1.28673e-06
    outer loop
      vertex 52.7777 -28.6741 34
      vertex 52.3806 -29 5
      vertex 52.1716 -29.1716 34
    endloop
  endfacet
  facet normal -0.634403 0.773002 0
    outer loop
      vertex 52.7777 -28.6741 3
      vertex 52.3806 -29 5
      vertex 52.7777 -28.6741 34
    endloop
  endfacet
  facet normal -0.634403 0.773002 0
    outer loop
      vertex 52.3806 -29 5
      vertex 52.7777 -28.6741 3
      vertex 52.3806 -29 3
    endloop
  endfacet
  facet normal -0.634566 0.772869 0
    outer loop
      vertex 52.1716 -29.1716 34
      vertex 52.3806 -29 5
      vertex 52.1716 -29.1716 5
    endloop
  endfacet
  facet normal -0.290283 0.956941 0
    outer loop
      vertex 54.2196 -28.0769 3
      vertex 53.4693 -28.3045 34
      vertex 54.2196 -28.0769 34
    endloop
  endfacet
  facet normal -0.290283 0.956941 0
    outer loop
      vertex 53.4693 -28.3045 34
      vertex 54.2196 -28.0769 3
      vertex 53.4693 -28.3045 3
    endloop
  endfacet
  facet normal -0.99518 -0.0980643 0
    outer loop
      vertex 51.0769 -32.7804 5
      vertex 51 -32 34
      vertex 51 -32 5
    endloop
  endfacet
  facet normal -0.99518 -0.0980643 0
    outer loop
      vertex 51 -32 34
      vertex 51.0769 -32.7804 5
      vertex 51.0769 -32.7804 34
    endloop
  endfacet
  facet normal -0.471329 -0.881958 0
    outer loop
      vertex 52.7777 -35.3259 3
      vertex 53.2906 -35.6 34
      vertex 52.7777 -35.3259 34
    endloop
  endfacet
  facet normal -0.471329 -0.881958 -0
    outer loop
      vertex 53.2906 -35.6 34
      vertex 52.7777 -35.3259 3
      vertex 53.2906 -35.6 3
    endloop
  endfacet
  facet normal -0.772956 -0.634459 0
    outer loop
      vertex 52.1716 -34.8284 3
      vertex 51.6741 -34.2223 34
      vertex 51.6741 -34.2223 3
    endloop
  endfacet
  facet normal -0.772956 -0.634459 0
    outer loop
      vertex 51.6741 -34.2223 34
      vertex 52.1716 -34.8284 3
      vertex 52.1716 -34.8284 34
    endloop
  endfacet
  facet normal -0.634459 -0.772956 0
    outer loop
      vertex 52.1716 -34.8284 3
      vertex 52.7777 -35.3259 34
      vertex 52.1716 -34.8284 34
    endloop
  endfacet
  facet normal -0.634459 -0.772956 -0
    outer loop
      vertex 52.7777 -35.3259 34
      vertex 52.1716 -34.8284 3
      vertex 52.7777 -35.3259 3
    endloop
  endfacet
  facet normal 0.634412 -0.772995 0
    outer loop
      vertex 57.3805 -35.196 3
      vertex 57.8284 -34.8284 34
      vertex 57.3805 -35.196 34
    endloop
  endfacet
  facet normal 0.634412 -0.772995 0
    outer loop
      vertex 57.8284 -34.8284 34
      vertex 57.3805 -35.196 3
      vertex 57.8284 -34.8284 3
    endloop
  endfacet
  facet normal -0.881957 -0.471329 0
    outer loop
      vertex 51.6741 -34.2223 3
      vertex 51.3045 -33.5307 34
      vertex 51.3045 -33.5307 3
    endloop
  endfacet
  facet normal -0.881957 -0.471329 0
    outer loop
      vertex 51.3045 -33.5307 34
      vertex 51.6741 -34.2223 3
      vertex 51.6741 -34.2223 34
    endloop
  endfacet
  facet normal -0.956933 -0.290308 0
    outer loop
      vertex 51.1435 -33 3
      vertex 51.3045 -33.5307 3
      vertex 51.1435 -33 5
    endloop
  endfacet
  facet normal -0.956958 -0.290225 0
    outer loop
      vertex 51.1435 -33 5
      vertex 51.0769 -32.7804 34
      vertex 51.0769 -32.7804 5
    endloop
  endfacet
  facet normal -0.956933 -0.290308 -0
    outer loop
      vertex 51.3045 -33.5307 34
      vertex 51.1435 -33 5
      vertex 51.3045 -33.5307 3
    endloop
  endfacet
  facet normal -0.956941 -0.290283 4.82897e-07
    outer loop
      vertex 51.1435 -33 5
      vertex 51.3045 -33.5307 34
      vertex 51.0769 -32.7804 34
    endloop
  endfacet
  facet normal 0.772995 -0.634412 0
    outer loop
      vertex 57.8284 -34.8284 34
      vertex 58.196 -34.3805 3
      vertex 58.196 -34.3805 34
    endloop
  endfacet
  facet normal 0.772995 -0.634412 0
    outer loop
      vertex 58.196 -34.3805 3
      vertex 57.8284 -34.8284 34
      vertex 57.8284 -34.8284 3
    endloop
  endfacet
  facet normal 0.0980643 -0.99518 0
    outer loop
      vertex 55 28 3
      vertex 55.7804 28.0769 34
      vertex 55 28 34
    endloop
  endfacet
  facet normal 0.0980643 -0.99518 0
    outer loop
      vertex 55.7804 28.0769 34
      vertex 55 28 3
      vertex 55.7804 28.0769 3
    endloop
  endfacet
  facet normal 0.634412 0.772995 -0
    outer loop
      vertex 57.8284 34.8284 3
      vertex 57.3805 35.196 34
      vertex 57.8284 34.8284 34
    endloop
  endfacet
  facet normal 0.634412 0.772995 0
    outer loop
      vertex 57.3805 35.196 34
      vertex 57.8284 34.8284 3
      vertex 57.3805 35.196 3
    endloop
  endfacet
  facet normal -0.772956 0.634459 0
    outer loop
      vertex 51.6741 34.2223 3
      vertex 52.1716 34.8284 19.5
      vertex 52.1716 34.8284 3
    endloop
  endfacet
  facet normal -0.772956 0.634459 0
    outer loop
      vertex 52.1716 34.8284 19.5
      vertex 51.6741 34.2223 3
      vertex 51.6741 34.2223 19.5
    endloop
  endfacet
  facet normal -0.772956 0.634459 0
    outer loop
      vertex 51.6741 34.2223 31.5
      vertex 52.1716 34.8284 34
      vertex 52.1716 34.8284 31.5
    endloop
  endfacet
  facet normal -0.772956 0.634459 0
    outer loop
      vertex 52.1716 34.8284 34
      vertex 51.6741 34.2223 31.5
      vertex 51.6741 34.2223 34
    endloop
  endfacet
  facet normal -0.772956 0.634459 0
    outer loop
      vertex 51.6741 34.2223 23.5
      vertex 52.1716 34.8284 25.5
      vertex 52.1716 34.8284 23.5
    endloop
  endfacet
  facet normal -0.772956 0.634459 0
    outer loop
      vertex 52.1716 34.8284 25.5
      vertex 51.6741 34.2223 23.5
      vertex 51.6741 34.2223 25.5
    endloop
  endfacet
  facet normal -0.471329 0.881958 0
    outer loop
      vertex 53.2906 35.6 3
      vertex 52.7777 35.3259 19.5
      vertex 53.2906 35.6 19.5
    endloop
  endfacet
  facet normal -0.471329 0.881958 0
    outer loop
      vertex 52.7777 35.3259 19.5
      vertex 53.2906 35.6 3
      vertex 52.7777 35.3259 3
    endloop
  endfacet
  facet normal -0.471329 0.881958 -1.44786e-05
    outer loop
      vertex 53.2906 35.6 34
      vertex 53.1 35.4981 31.5
      vertex 52.7777 35.3259 34
    endloop
  endfacet
  facet normal -0.471477 0.881879 0
    outer loop
      vertex 53.2906 35.6 23.5
      vertex 53.1 35.4981 31.5
      vertex 53.2906 35.6 34
    endloop
  endfacet
  facet normal -0.471477 0.881879 0
    outer loop
      vertex 53.1 35.4981 31.5
      vertex 53.2906 35.6 23.5
      vertex 53.1 35.4981 25.5
    endloop
  endfacet
  facet normal -0.471329 0.881958 1.80983e-05
    outer loop
      vertex 52.7777 35.3259 23.5
      vertex 53.1 35.4981 25.5
      vertex 53.2906 35.6 23.5
    endloop
  endfacet
  facet normal -0.471241 0.882004 0
    outer loop
      vertex 53.1 35.4981 25.5
      vertex 52.7777 35.3259 23.5
      vertex 52.7777 35.3259 25.5
    endloop
  endfacet
  facet normal -0.471241 0.882004 0
    outer loop
      vertex 52.7777 35.3259 34
      vertex 53.1 35.4981 31.5
      vertex 52.7777 35.3259 31.5
    endloop
  endfacet
  facet normal 0.772956 -0.634459 0
    outer loop
      vertex 57.8284 29.1716 34
      vertex 58.3259 29.7777 3
      vertex 58.3259 29.7777 34
    endloop
  endfacet
  facet normal 0.772956 -0.634459 0
    outer loop
      vertex 58.3259 29.7777 3
      vertex 57.8284 29.1716 34
      vertex 57.8284 29.1716 3
    endloop
  endfacet
  facet normal 0.772995 0.634412 0
    outer loop
      vertex 58.196 34.3805 34
      vertex 57.8284 34.8284 3
      vertex 57.8284 34.8284 34
    endloop
  endfacet
  facet normal 0.772995 0.634412 0
    outer loop
      vertex 57.8284 34.8284 3
      vertex 58.196 34.3805 34
      vertex 58.196 34.3805 3
    endloop
  endfacet
  facet normal -0.956933 0.290308 0
    outer loop
      vertex 51.1435 33 5
      vertex 51.3045 33.5307 3
      vertex 51.1435 33 3
    endloop
  endfacet
  facet normal -0.956933 0.290308 0
    outer loop
      vertex 51.3045 33.5307 3
      vertex 51.1435 33 5
      vertex 51.3045 33.5307 34
    endloop
  endfacet
  facet normal -0.956958 0.290225 0
    outer loop
      vertex 51.0769 32.7804 34
      vertex 51.1435 33 5
      vertex 51.0769 32.7804 5
    endloop
  endfacet
  facet normal -0.956941 0.290283 4.82897e-07
    outer loop
      vertex 51.1435 33 5
      vertex 51.0769 32.7804 34
      vertex 51.3045 33.5307 34
    endloop
  endfacet
  facet normal -0.881957 0.471329 0
    outer loop
      vertex 51.6741 34.2223 3
      vertex 51.5553 34 19.5
      vertex 51.6741 34.2223 19.5
    endloop
  endfacet
  facet normal -0.881957 0.471329 0
    outer loop
      vertex 51.3045 33.5307 34
      vertex 51.5553 34 23.5
      vertex 51.5553 34 19.5
    endloop
  endfacet
  facet normal -0.881957 0.471329 0
    outer loop
      vertex 51.5553 34 23.5
      vertex 51.3045 33.5307 34
      vertex 51.5553 34 25.5
    endloop
  endfacet
  facet normal -0.881957 0.471329 0
    outer loop
      vertex 51.3045 33.5307 34
      vertex 51.5553 34 19.5
      vertex 51.3045 33.5307 3
    endloop
  endfacet
  facet normal -0.881957 0.471329 5.36289e-17
    outer loop
      vertex 51.3045 33.5307 3
      vertex 51.5553 34 19.5
      vertex 51.6741 34.2223 3
    endloop
  endfacet
  facet normal -0.881957 0.471329 0
    outer loop
      vertex 51.5553 34 23.5
      vertex 51.6741 34.2223 25.5
      vertex 51.6741 34.2223 23.5
    endloop
  endfacet
  facet normal -0.881957 0.471329 0
    outer loop
      vertex 51.6741 34.2223 25.5
      vertex 51.5553 34 23.5
      vertex 51.5553 34 25.5
    endloop
  endfacet
  facet normal -0.881957 0.471329 0
    outer loop
      vertex 51.5553 34 31.5
      vertex 51.6741 34.2223 34
      vertex 51.6741 34.2223 31.5
    endloop
  endfacet
  facet normal -0.881957 0.471329 -3.46872e-16
    outer loop
      vertex 51.5553 34 31.5
      vertex 51.3045 33.5307 34
      vertex 51.6741 34.2223 34
    endloop
  endfacet
  facet normal -0.881957 0.471329 0
    outer loop
      vertex 51.5553 34 25.5
      vertex 51.3045 33.5307 34
      vertex 51.5553 34 31.5
    endloop
  endfacet
  facet normal -0.99518 0.0980643 0
    outer loop
      vertex 51 32 5
      vertex 51.0769 32.7804 34
      vertex 51.0769 32.7804 5
    endloop
  endfacet
  facet normal -0.99518 0.0980643 0
    outer loop
      vertex 51.0769 32.7804 34
      vertex 51 32 5
      vertex 51 32 34
    endloop
  endfacet
  facet normal -0.634459 0.772956 0
    outer loop
      vertex 52.7777 35.3259 3
      vertex 52.1716 34.8284 19.5
      vertex 52.7777 35.3259 19.5
    endloop
  endfacet
  facet normal -0.634459 0.772956 0
    outer loop
      vertex 52.1716 34.8284 19.5
      vertex 52.7777 35.3259 3
      vertex 52.1716 34.8284 3
    endloop
  endfacet
  facet normal -0.634459 0.772956 0
    outer loop
      vertex 52.7777 35.3259 31.5
      vertex 52.1716 34.8284 34
      vertex 52.7777 35.3259 34
    endloop
  endfacet
  facet normal -0.634459 0.772956 0
    outer loop
      vertex 52.1716 34.8284 34
      vertex 52.7777 35.3259 31.5
      vertex 52.1716 34.8284 31.5
    endloop
  endfacet
  facet normal -0.634459 0.772956 0
    outer loop
      vertex 52.7777 35.3259 23.5
      vertex 52.1716 34.8284 25.5
      vertex 52.7777 35.3259 25.5
    endloop
  endfacet
  facet normal -0.634459 0.772956 0
    outer loop
      vertex 52.1716 34.8284 25.5
      vertex 52.7777 35.3259 23.5
      vertex 52.1716 34.8284 23.5
    endloop
  endfacet
  facet normal 0.290283 -0.956941 -2.70104e-06
    outer loop
      vertex 55.7804 28.0769 34
      vertex 56.5 28.2952 29.5
      vertex 56.5307 28.3045 34
    endloop
  endfacet
  facet normal 0.290299 -0.956936 0
    outer loop
      vertex 55.7804 28.0769 3
      vertex 56.5 28.2952 29.5
      vertex 55.7804 28.0769 34
    endloop
  endfacet
  facet normal 0.290299 -0.956936 0
    outer loop
      vertex 56.5 28.2952 29.5
      vertex 55.7804 28.0769 3
      vertex 56.5 28.2952 6.5
    endloop
  endfacet
  facet normal 0.290283 -0.956941 3.47276e-06
    outer loop
      vertex 56.5307 28.3045 3
      vertex 56.5 28.2952 6.5
      vertex 55.7804 28.0769 3
    endloop
  endfacet
  facet normal 0.289921 -0.957051 0
    outer loop
      vertex 56.5 28.2952 6.5
      vertex 56.5307 28.3045 3
      vertex 56.5307 28.3045 6.5
    endloop
  endfacet
  facet normal 0.289921 -0.957051 0
    outer loop
      vertex 56.5307 28.3045 34
      vertex 56.5 28.2952 29.5
      vertex 56.5307 28.3045 29.5
    endloop
  endfacet
  facet normal 0.635512 -0.772091 0
    outer loop
      vertex 57.25 28.6969 3
      vertex 57.2223 28.6741 34
      vertex 57.2223 28.6741 3
    endloop
  endfacet
  facet normal 0.634459 -0.772956 -1.57684e-06
    outer loop
      vertex 57.2223 28.6741 34
      vertex 57.25 28.6969 3
      vertex 57.8284 29.1716 34
    endloop
  endfacet
  facet normal 0.634409 -0.772998 0
    outer loop
      vertex 57.8284 29.1716 34
      vertex 57.25 28.6969 3
      vertex 57.8284 29.1716 3
    endloop
  endfacet
  facet normal -0.471329 -0.881957 0
    outer loop
      vertex 52.7777 28.6741 3
      vertex 53.4693 28.3045 34
      vertex 52.7777 28.6741 34
    endloop
  endfacet
  facet normal -0.471329 -0.881957 -0
    outer loop
      vertex 53.4693 28.3045 34
      vertex 52.7777 28.6741 3
      vertex 53.4693 28.3045 3
    endloop
  endfacet
  facet normal -0.0980643 -0.99518 0
    outer loop
      vertex 54.2196 28.0769 3
      vertex 55 28 34
      vertex 54.2196 28.0769 34
    endloop
  endfacet
  facet normal -0.0980643 -0.99518 -0
    outer loop
      vertex 55 28 34
      vertex 54.2196 28.0769 3
      vertex 55 28 3
    endloop
  endfacet
  facet normal -0.772956 -0.634459 0
    outer loop
      vertex 52.1716 29.1716 5
      vertex 51.6741 29.7777 34
      vertex 51.6741 29.7777 5
    endloop
  endfacet
  facet normal -0.772956 -0.634459 0
    outer loop
      vertex 51.6741 29.7777 34
      vertex 52.1716 29.1716 5
      vertex 52.1716 29.1716 34
    endloop
  endfacet
  facet normal -0.956941 -0.290283 0
    outer loop
      vertex 51.3045 30.4693 5
      vertex 51.0769 31.2196 34
      vertex 51.0769 31.2196 5
    endloop
  endfacet
  facet normal -0.956941 -0.290283 0
    outer loop
      vertex 51.0769 31.2196 34
      vertex 51.3045 30.4693 5
      vertex 51.3045 30.4693 34
    endloop
  endfacet
  facet normal -0.99518 -0.0980643 0
    outer loop
      vertex 51.0769 31.2196 5
      vertex 51 32 34
      vertex 51 32 5
    endloop
  endfacet
  facet normal -0.99518 -0.0980643 0
    outer loop
      vertex 51 32 34
      vertex 51.0769 31.2196 5
      vertex 51.0769 31.2196 34
    endloop
  endfacet
  facet normal 0.471351 -0.881945 0
    outer loop
      vertex 56.5307 28.3045 6.5
      vertex 56.5307 28.3045 3
      vertex 56.8965 28.5 6.5
    endloop
  endfacet
  facet normal 0.471351 -0.881945 0
    outer loop
      vertex 56.8965 28.5 29.5
      vertex 56.5307 28.3045 34
      vertex 56.5307 28.3045 29.5
    endloop
  endfacet
  facet normal 0.471329 -0.881957 -2.3011e-06
    outer loop
      vertex 56.5307 28.3045 34
      vertex 56.8965 28.5 29.5
      vertex 57.2223 28.6741 34
    endloop
  endfacet
  facet normal 0.471305 -0.88197 0
    outer loop
      vertex 57.2223 28.6741 3
      vertex 56.8965 28.5 29.5
      vertex 56.8965 28.5 6.5
    endloop
  endfacet
  facet normal 0.471305 -0.88197 0
    outer loop
      vertex 56.8965 28.5 29.5
      vertex 57.2223 28.6741 3
      vertex 57.2223 28.6741 34
    endloop
  endfacet
  facet normal 0.471329 -0.881957 2.95856e-06
    outer loop
      vertex 57.2223 28.6741 3
      vertex 56.8965 28.5 6.5
      vertex 56.5307 28.3045 3
    endloop
  endfacet
  facet normal 0.881958 -0.471329 0
    outer loop
      vertex 58.3259 29.7777 34
      vertex 58.6 30.2906 3
      vertex 58.6 30.2906 34
    endloop
  endfacet
  facet normal 0.881958 -0.471329 0
    outer loop
      vertex 58.6 30.2906 3
      vertex 58.3259 29.7777 34
      vertex 58.3259 29.7777 3
    endloop
  endfacet
  facet normal -0.290283 -0.956941 0
    outer loop
      vertex 53.4693 28.3045 3
      vertex 54.2196 28.0769 34
      vertex 53.4693 28.3045 34
    endloop
  endfacet
  facet normal -0.290283 -0.956941 -0
    outer loop
      vertex 54.2196 28.0769 34
      vertex 53.4693 28.3045 3
      vertex 54.2196 28.0769 3
    endloop
  endfacet
  facet normal -0.634566 -0.772869 0
    outer loop
      vertex 52.3806 29 5
      vertex 52.1716 29.1716 34
      vertex 52.1716 29.1716 5
    endloop
  endfacet
  facet normal -0.634459 -0.772956 1.28673e-06
    outer loop
      vertex 52.1716 29.1716 34
      vertex 52.3806 29 5
      vertex 52.7777 28.6741 34
    endloop
  endfacet
  facet normal -0.634403 -0.773002 0
    outer loop
      vertex 52.7777 28.6741 3
      vertex 52.3806 29 5
      vertex 52.3806 29 3
    endloop
  endfacet
  facet normal -0.634403 -0.773002 0
    outer loop
      vertex 52.3806 29 5
      vertex 52.7777 28.6741 3
      vertex 52.7777 28.6741 34
    endloop
  endfacet
  facet normal -0.881957 -0.471329 0
    outer loop
      vertex 51.6741 29.7777 5
      vertex 51.3045 30.4693 34
      vertex 51.3045 30.4693 5
    endloop
  endfacet
  facet normal -0.881957 -0.471329 0
    outer loop
      vertex 51.3045 30.4693 34
      vertex 51.6741 29.7777 5
      vertex 51.6741 29.7777 34
    endloop
  endfacet
  facet normal 0.995183 0.0980358 0
    outer loop
      vertex -22.8 -24.5 8.5
      vertex -22.8615 -23.8757 3
      vertex -22.8615 -23.8757 8.5
    endloop
  endfacet
  facet normal 0.995183 0.0980358 0
    outer loop
      vertex -22.8615 -23.8757 3
      vertex -22.8 -24.5 8.5
      vertex -22.8 -24.5 3
    endloop
  endfacet
  facet normal -0.995183 0.0980358 0
    outer loop
      vertex -29.2 -24.5 3
      vertex -29.1385 -23.8757 8.5
      vertex -29.1385 -23.8757 3
    endloop
  endfacet
  facet normal -0.995183 0.0980358 0
    outer loop
      vertex -29.1385 -23.8757 8.5
      vertex -29.2 -24.5 3
      vertex -29.2 -24.5 8.5
    endloop
  endfacet
  facet normal 0.0980358 0.995183 -0
    outer loop
      vertex -25.3757 -21.3615 3
      vertex -26 -21.3 8.5
      vertex -25.3757 -21.3615 8.5
    endloop
  endfacet
  facet normal 0.0980358 0.995183 0
    outer loop
      vertex -26 -21.3 8.5
      vertex -25.3757 -21.3615 3
      vertex -26 -21.3 3
    endloop
  endfacet
  facet normal 0.634444 0.772969 -0
    outer loop
      vertex -23.7373 -22.2373 3
      vertex -24.2222 -21.8393 8.5
      vertex -23.7373 -22.2373 8.5
    endloop
  endfacet
  facet normal 0.634444 0.772969 0
    outer loop
      vertex -24.2222 -21.8393 8.5
      vertex -23.7373 -22.2373 3
      vertex -24.2222 -21.8393 3
    endloop
  endfacet
  facet normal -0.634444 0.772969 0
    outer loop
      vertex -27.7778 -21.8393 3
      vertex -28.2627 -22.2373 8.5
      vertex -27.7778 -21.8393 8.5
    endloop
  endfacet
  facet normal -0.634444 0.772969 0
    outer loop
      vertex -28.2627 -22.2373 8.5
      vertex -27.7778 -21.8393 3
      vertex -28.2627 -22.2373 3
    endloop
  endfacet
  facet normal -0.290286 0.95694 0
    outer loop
      vertex -26.6243 -21.3615 3
      vertex -27.2246 -21.5436 8.5
      vertex -26.6243 -21.3615 8.5
    endloop
  endfacet
  facet normal -0.290286 0.95694 0
    outer loop
      vertex -27.2246 -21.5436 8.5
      vertex -26.6243 -21.3615 3
      vertex -27.2246 -21.5436 3
    endloop
  endfacet
  facet normal 0.881916 -0.471407 0
    outer loop
      vertex -23.3393 -26.2778 8.5
      vertex -23.0436 -25.7246 3
      vertex -23.0436 -25.7246 8.5
    endloop
  endfacet
  facet normal 0.881916 -0.471407 0
    outer loop
      vertex -23.0436 -25.7246 3
      vertex -23.3393 -26.2778 8.5
      vertex -23.3393 -26.2778 3
    endloop
  endfacet
  facet normal 0.881916 0.471407 0
    outer loop
      vertex -23.0436 -23.2754 8.5
      vertex -23.3393 -22.7222 3
      vertex -23.3393 -22.7222 8.5
    endloop
  endfacet
  facet normal 0.881916 0.471407 0
    outer loop
      vertex -23.3393 -22.7222 3
      vertex -23.0436 -23.2754 8.5
      vertex -23.0436 -23.2754 3
    endloop
  endfacet
  facet normal 0.95694 0.290286 0
    outer loop
      vertex -22.8615 -23.8757 8.5
      vertex -23.0436 -23.2754 3
      vertex -23.0436 -23.2754 8.5
    endloop
  endfacet
  facet normal 0.95694 0.290286 0
    outer loop
      vertex -23.0436 -23.2754 3
      vertex -22.8615 -23.8757 8.5
      vertex -22.8615 -23.8757 3
    endloop
  endfacet
  facet normal 0.772969 0.634444 0
    outer loop
      vertex -23.3393 -22.7222 8.5
      vertex -23.7373 -22.2373 3
      vertex -23.7373 -22.2373 8.5
    endloop
  endfacet
  facet normal 0.772969 0.634444 0
    outer loop
      vertex -23.7373 -22.2373 3
      vertex -23.3393 -22.7222 8.5
      vertex -23.3393 -22.7222 3
    endloop
  endfacet
  facet normal 0.290286 0.95694 -0
    outer loop
      vertex -24.7754 -21.5436 3
      vertex -25.3757 -21.3615 8.5
      vertex -24.7754 -21.5436 8.5
    endloop
  endfacet
  facet normal 0.290286 0.95694 0
    outer loop
      vertex -25.3757 -21.3615 8.5
      vertex -24.7754 -21.5436 3
      vertex -25.3757 -21.3615 3
    endloop
  endfacet
  facet normal 0.471407 0.881916 -0
    outer loop
      vertex -24.2222 -21.8393 3
      vertex -24.7754 -21.5436 8.5
      vertex -24.2222 -21.8393 8.5
    endloop
  endfacet
  facet normal 0.471407 0.881916 0
    outer loop
      vertex -24.7754 -21.5436 8.5
      vertex -24.2222 -21.8393 3
      vertex -24.7754 -21.5436 3
    endloop
  endfacet
  facet normal -0.881916 0.471407 0
    outer loop
      vertex -28.9564 -23.2754 3
      vertex -28.6607 -22.7222 8.5
      vertex -28.6607 -22.7222 3
    endloop
  endfacet
  facet normal -0.881916 0.471407 0
    outer loop
      vertex -28.6607 -22.7222 8.5
      vertex -28.9564 -23.2754 3
      vertex -28.9564 -23.2754 8.5
    endloop
  endfacet
  facet normal -0.772969 0.634444 0
    outer loop
      vertex -28.6607 -22.7222 3
      vertex -28.2627 -22.2373 8.5
      vertex -28.2627 -22.2373 3
    endloop
  endfacet
  facet normal -0.772969 0.634444 0
    outer loop
      vertex -28.2627 -22.2373 8.5
      vertex -28.6607 -22.7222 3
      vertex -28.6607 -22.7222 8.5
    endloop
  endfacet
  facet normal -0.95694 0.290286 0
    outer loop
      vertex -29.1385 -23.8757 3
      vertex -28.9564 -23.2754 8.5
      vertex -28.9564 -23.2754 3
    endloop
  endfacet
  facet normal -0.95694 0.290286 0
    outer loop
      vertex -28.9564 -23.2754 8.5
      vertex -29.1385 -23.8757 3
      vertex -29.1385 -23.8757 8.5
    endloop
  endfacet
  facet normal 0 0 1
    outer loop
      vertex -24.85 -24.5 8.5
      vertex -22.8 -24.5 8.5
      vertex -22.8615 -23.8757 8.5
    endloop
  endfacet
  facet normal 0 0 1
    outer loop
      vertex -24.8721 -24.2756 8.5
      vertex -22.8615 -23.8757 8.5
      vertex -23.0436 -23.2754 8.5
    endloop
  endfacet
  facet normal 0 0 1
    outer loop
      vertex -22.8 -24.5 8.5
      vertex -24.85 -24.5 8.5
      vertex -22.8615 -25.1243 8.5
    endloop
  endfacet
  facet normal 0 0 1
    outer loop
      vertex -24.9375 -24.0599 8.5
      vertex -23.0436 -23.2754 8.5
      vertex -23.3393 -22.7222 8.5
    endloop
  endfacet
  facet normal -0 0 1
    outer loop
      vertex -24.8721 -24.7244 8.5
      vertex -22.8615 -25.1243 8.5
      vertex -24.85 -24.5 8.5
    endloop
  endfacet
  facet normal 0 0 1
    outer loop
      vertex -25.0438 -23.8611 8.5
      vertex -23.3393 -22.7222 8.5
      vertex -23.7373 -22.2373 8.5
    endloop
  endfacet
  facet normal 0 0 1
    outer loop
      vertex -22.8615 -25.1243 8.5
      vertex -24.8721 -24.7244 8.5
      vertex -23.0436 -25.7246 8.5
    endloop
  endfacet
  facet normal 0 0 1
    outer loop
      vertex -25.1868 -23.6868 8.5
      vertex -23.7373 -22.2373 8.5
      vertex -24.2222 -21.8393 8.5
    endloop
  endfacet
  facet normal -0 0 1
    outer loop
      vertex -24.9375 -24.9401 8.5
      vertex -23.0436 -25.7246 8.5
      vertex -24.8721 -24.7244 8.5
    endloop
  endfacet
  facet normal 0 0 1
    outer loop
      vertex -25.3611 -23.5438 8.5
      vertex -24.2222 -21.8393 8.5
      vertex -24.7754 -21.5436 8.5
    endloop
  endfacet
  facet normal 0 0 1
    outer loop
      vertex -23.0436 -25.7246 8.5
      vertex -24.9375 -24.9401 8.5
      vertex -23.3393 -26.2778 8.5
    endloop
  endfacet
  facet normal -0 0 1
    outer loop
      vertex -25.0438 -25.1389 8.5
      vertex -23.3393 -26.2778 8.5
      vertex -24.9375 -24.9401 8.5
    endloop
  endfacet
  facet normal 0 0 1
    outer loop
      vertex -22.8615 -23.8757 8.5
      vertex -24.8721 -24.2756 8.5
      vertex -24.85 -24.5 8.5
    endloop
  endfacet
  facet normal 0 0 1
    outer loop
      vertex -23.0436 -23.2754 8.5
      vertex -24.9375 -24.0599 8.5
      vertex -24.8721 -24.2756 8.5
    endloop
  endfacet
  facet normal 0 0 1
    outer loop
      vertex -23.3393 -22.7222 8.5
      vertex -25.0438 -23.8611 8.5
      vertex -24.9375 -24.0599 8.5
    endloop
  endfacet
  facet normal 0 0 1
    outer loop
      vertex -23.7373 -22.2373 8.5
      vertex -25.1868 -23.6868 8.5
      vertex -25.0438 -23.8611 8.5
    endloop
  endfacet
  facet normal 0 0 1
    outer loop
      vertex -24.2222 -21.8393 8.5
      vertex -25.3611 -23.5438 8.5
      vertex -25.1868 -23.6868 8.5
    endloop
  endfacet
  facet normal 0 0 1
    outer loop
      vertex -25.5599 -23.4375 8.5
      vertex -24.7754 -21.5436 8.5
      vertex -25.3757 -21.3615 8.5
    endloop
  endfacet
  facet normal 0 0 1
    outer loop
      vertex -24.7754 -21.5436 8.5
      vertex -25.5599 -23.4375 8.5
      vertex -25.3611 -23.5438 8.5
    endloop
  endfacet
  facet normal 0 0 1
    outer loop
      vertex -25.3757 -21.3615 8.5
      vertex -25.7756 -23.3721 8.5
      vertex -25.5599 -23.4375 8.5
    endloop
  endfacet
  facet normal 0 0 1
    outer loop
      vertex -26 -21.3 8.5
      vertex -25.7756 -23.3721 8.5
      vertex -25.3757 -21.3615 8.5
    endloop
  endfacet
  facet normal 0 0 1
    outer loop
      vertex -26 -21.3 8.5
      vertex -26 -23.35 8.5
      vertex -25.7756 -23.3721 8.5
    endloop
  endfacet
  facet normal 0 0 1
    outer loop
      vertex -26 -21.3 8.5
      vertex -26.2244 -23.3721 8.5
      vertex -26 -23.35 8.5
    endloop
  endfacet
  facet normal -0 0 1
    outer loop
      vertex -26.6243 -21.3615 8.5
      vertex -26.2244 -23.3721 8.5
      vertex -26 -21.3 8.5
    endloop
  endfacet
  facet normal 0 0 1
    outer loop
      vertex -26.2244 -23.3721 8.5
      vertex -26.6243 -21.3615 8.5
      vertex -26.4401 -23.4375 8.5
    endloop
  endfacet
  facet normal -0 0 1
    outer loop
      vertex -27.2246 -21.5436 8.5
      vertex -26.4401 -23.4375 8.5
      vertex -26.6243 -21.3615 8.5
    endloop
  endfacet
  facet normal 0 0 1
    outer loop
      vertex -26.4401 -23.4375 8.5
      vertex -27.2246 -21.5436 8.5
      vertex -26.6389 -23.5438 8.5
    endloop
  endfacet
  facet normal -0 0 1
    outer loop
      vertex -27.7778 -21.8393 8.5
      vertex -26.6389 -23.5438 8.5
      vertex -27.2246 -21.5436 8.5
    endloop
  endfacet
  facet normal 0 0 1
    outer loop
      vertex -26.6389 -23.5438 8.5
      vertex -27.7778 -21.8393 8.5
      vertex -26.8132 -23.6868 8.5
    endloop
  endfacet
  facet normal -0 0 1
    outer loop
      vertex -28.2627 -22.2373 8.5
      vertex -26.8132 -23.6868 8.5
      vertex -27.7778 -21.8393 8.5
    endloop
  endfacet
  facet normal -0 0 1
    outer loop
      vertex -28.6607 -22.7222 8.5
      vertex -26.9562 -23.8611 8.5
      vertex -28.2627 -22.2373 8.5
    endloop
  endfacet
  facet normal 0 0 1
    outer loop
      vertex -26.8132 -23.6868 8.5
      vertex -28.2627 -22.2373 8.5
      vertex -26.9562 -23.8611 8.5
    endloop
  endfacet
  facet normal 0 0 1
    outer loop
      vertex -23.3393 -26.2778 8.5
      vertex -25.0438 -25.1389 8.5
      vertex -23.7373 -26.7627 8.5
    endloop
  endfacet
  facet normal -0 0 1
    outer loop
      vertex -25.1868 -25.3132 8.5
      vertex -23.7373 -26.7627 8.5
      vertex -25.0438 -25.1389 8.5
    endloop
  endfacet
  facet normal 0 0 1
    outer loop
      vertex -23.7373 -26.7627 8.5
      vertex -25.1868 -25.3132 8.5
      vertex -24.2222 -27.1607 8.5
    endloop
  endfacet
  facet normal -0 0 1
    outer loop
      vertex -25.3611 -25.4562 8.5
      vertex -24.2222 -27.1607 8.5
      vertex -25.1868 -25.3132 8.5
    endloop
  endfacet
  facet normal 0 0 1
    outer loop
      vertex -24.2222 -27.1607 8.5
      vertex -25.3611 -25.4562 8.5
      vertex -24.7754 -27.4564 8.5
    endloop
  endfacet
  facet normal -0 0 1
    outer loop
      vertex -25.5599 -25.5625 8.5
      vertex -24.7754 -27.4564 8.5
      vertex -25.3611 -25.4562 8.5
    endloop
  endfacet
  facet normal 0 0 1
    outer loop
      vertex -24.7754 -27.4564 8.5
      vertex -25.5599 -25.5625 8.5
      vertex -25.3757 -27.6385 8.5
    endloop
  endfacet
  facet normal -0 0 1
    outer loop
      vertex -25.7756 -25.6279 8.5
      vertex -25.3757 -27.6385 8.5
      vertex -25.5599 -25.5625 8.5
    endloop
  endfacet
  facet normal -0 0 1
    outer loop
      vertex -26 -25.65 8.5
      vertex -25.3757 -27.6385 8.5
      vertex -25.7756 -25.6279 8.5
    endloop
  endfacet
  facet normal 0 0 1
    outer loop
      vertex -26 -25.65 8.5
      vertex -26 -27.7 8.5
      vertex -25.3757 -27.6385 8.5
    endloop
  endfacet
  facet normal 0 0 1
    outer loop
      vertex -26.2244 -25.6279 8.5
      vertex -26 -27.7 8.5
      vertex -26 -25.65 8.5
    endloop
  endfacet
  facet normal 0 0 1
    outer loop
      vertex -26.6243 -27.6385 8.5
      vertex -26.2244 -25.6279 8.5
      vertex -26.4401 -25.5625 8.5
    endloop
  endfacet
  facet normal 0 0 1
    outer loop
      vertex -26.2244 -25.6279 8.5
      vertex -26.6243 -27.6385 8.5
      vertex -26 -27.7 8.5
    endloop
  endfacet
  facet normal 0 0 1
    outer loop
      vertex -27.2246 -27.4564 8.5
      vertex -26.4401 -25.5625 8.5
      vertex -26.6389 -25.4562 8.5
    endloop
  endfacet
  facet normal 0 0 1
    outer loop
      vertex -27.7778 -27.1607 8.5
      vertex -26.6389 -25.4562 8.5
      vertex -26.8132 -25.3132 8.5
    endloop
  endfacet
  facet normal 0 0 1
    outer loop
      vertex -28.2627 -26.7627 8.5
      vertex -26.8132 -25.3132 8.5
      vertex -26.9562 -25.1389 8.5
    endloop
  endfacet
  facet normal 0 0 1
    outer loop
      vertex -28.6607 -26.2778 8.5
      vertex -26.9562 -25.1389 8.5
      vertex -27.0625 -24.9401 8.5
    endloop
  endfacet
  facet normal 0 0 1
    outer loop
      vertex -28.9564 -25.7246 8.5
      vertex -27.0625 -24.9401 8.5
      vertex -27.1279 -24.7244 8.5
    endloop
  endfacet
  facet normal 0 0 1
    outer loop
      vertex -26.4401 -25.5625 8.5
      vertex -27.2246 -27.4564 8.5
      vertex -26.6243 -27.6385 8.5
    endloop
  endfacet
  facet normal 0 0 1
    outer loop
      vertex -29.1385 -25.1243 8.5
      vertex -27.1279 -24.7244 8.5
      vertex -27.15 -24.5 8.5
    endloop
  endfacet
  facet normal 0 0 1
    outer loop
      vertex -26.9562 -23.8611 8.5
      vertex -28.6607 -22.7222 8.5
      vertex -27.0625 -24.0599 8.5
    endloop
  endfacet
  facet normal -0 0 1
    outer loop
      vertex -28.9564 -23.2754 8.5
      vertex -27.0625 -24.0599 8.5
      vertex -28.6607 -22.7222 8.5
    endloop
  endfacet
  facet normal 0 0 1
    outer loop
      vertex -26.6389 -25.4562 8.5
      vertex -27.7778 -27.1607 8.5
      vertex -27.2246 -27.4564 8.5
    endloop
  endfacet
  facet normal 0 0 1
    outer loop
      vertex -27.0625 -24.0599 8.5
      vertex -28.9564 -23.2754 8.5
      vertex -27.1279 -24.2756 8.5
    endloop
  endfacet
  facet normal 0 0 1
    outer loop
      vertex -26.8132 -25.3132 8.5
      vertex -28.2627 -26.7627 8.5
      vertex -27.7778 -27.1607 8.5
    endloop
  endfacet
  facet normal -0 0 1
    outer loop
      vertex -29.1385 -23.8757 8.5
      vertex -27.1279 -24.2756 8.5
      vertex -28.9564 -23.2754 8.5
    endloop
  endfacet
  facet normal 0 0 1
    outer loop
      vertex -26.9562 -25.1389 8.5
      vertex -28.6607 -26.2778 8.5
      vertex -28.2627 -26.7627 8.5
    endloop
  endfacet
  facet normal 0 0 1
    outer loop
      vertex -27.1279 -24.2756 8.5
      vertex -29.1385 -23.8757 8.5
      vertex -27.15 -24.5 8.5
    endloop
  endfacet
  facet normal 0 0 1
    outer loop
      vertex -27.0625 -24.9401 8.5
      vertex -28.9564 -25.7246 8.5
      vertex -28.6607 -26.2778 8.5
    endloop
  endfacet
  facet normal 0 0 1
    outer loop
      vertex -29.2 -24.5 8.5
      vertex -27.15 -24.5 8.5
      vertex -29.1385 -23.8757 8.5
    endloop
  endfacet
  facet normal 0 0 1
    outer loop
      vertex -27.1279 -24.7244 8.5
      vertex -29.1385 -25.1243 8.5
      vertex -28.9564 -25.7246 8.5
    endloop
  endfacet
  facet normal 0 0 1
    outer loop
      vertex -27.15 -24.5 8.5
      vertex -29.2 -24.5 8.5
      vertex -29.1385 -25.1243 8.5
    endloop
  endfacet
  facet normal -0.471407 0.881916 0
    outer loop
      vertex -27.2246 -21.5436 3
      vertex -27.7778 -21.8393 8.5
      vertex -27.2246 -21.5436 8.5
    endloop
  endfacet
  facet normal -0.471407 0.881916 0
    outer loop
      vertex -27.7778 -21.8393 8.5
      vertex -27.2246 -21.5436 3
      vertex -27.7778 -21.8393 3
    endloop
  endfacet
  facet normal -0.0980358 0.995183 0
    outer loop
      vertex -26 -21.3 3
      vertex -26.6243 -21.3615 8.5
      vertex -26 -21.3 8.5
    endloop
  endfacet
  facet normal -0.0980358 0.995183 0
    outer loop
      vertex -26.6243 -21.3615 8.5
      vertex -26 -21.3 3
      vertex -26.6243 -21.3615 3
    endloop
  endfacet
  facet normal 0.995183 -0.0980358 0
    outer loop
      vertex -22.8615 -25.1243 8.5
      vertex -22.8 -24.5 3
      vertex -22.8 -24.5 8.5
    endloop
  endfacet
  facet normal 0.995183 -0.0980358 0
    outer loop
      vertex -22.8 -24.5 3
      vertex -22.8615 -25.1243 8.5
      vertex -22.8615 -25.1243 3
    endloop
  endfacet
  facet normal 0.0980358 -0.995183 0
    outer loop
      vertex -26 -27.7 3
      vertex -25.3757 -27.6385 8.5
      vertex -26 -27.7 8.5
    endloop
  endfacet
  facet normal 0.0980358 -0.995183 0
    outer loop
      vertex -25.3757 -27.6385 8.5
      vertex -26 -27.7 3
      vertex -25.3757 -27.6385 3
    endloop
  endfacet
  facet normal -0.634444 -0.772969 0
    outer loop
      vertex -28.2627 -26.7627 3
      vertex -27.7778 -27.1607 8.5
      vertex -28.2627 -26.7627 8.5
    endloop
  endfacet
  facet normal -0.634444 -0.772969 -0
    outer loop
      vertex -27.7778 -27.1607 8.5
      vertex -28.2627 -26.7627 3
      vertex -27.7778 -27.1607 3
    endloop
  endfacet
  facet normal -0.290286 -0.95694 0
    outer loop
      vertex -27.2246 -27.4564 3
      vertex -26.6243 -27.6385 8.5
      vertex -27.2246 -27.4564 8.5
    endloop
  endfacet
  facet normal -0.290286 -0.95694 -0
    outer loop
      vertex -26.6243 -27.6385 8.5
      vertex -27.2246 -27.4564 3
      vertex -26.6243 -27.6385 3
    endloop
  endfacet
  facet normal -0.881916 -0.471407 0
    outer loop
      vertex -28.6607 -26.2778 3
      vertex -28.9564 -25.7246 8.5
      vertex -28.9564 -25.7246 3
    endloop
  endfacet
  facet normal -0.881916 -0.471407 0
    outer loop
      vertex -28.9564 -25.7246 8.5
      vertex -28.6607 -26.2778 3
      vertex -28.6607 -26.2778 8.5
    endloop
  endfacet
  facet normal -0.995183 -0.0980358 0
    outer loop
      vertex -29.1385 -25.1243 3
      vertex -29.2 -24.5 8.5
      vertex -29.2 -24.5 3
    endloop
  endfacet
  facet normal -0.995183 -0.0980358 0
    outer loop
      vertex -29.2 -24.5 8.5
      vertex -29.1385 -25.1243 3
      vertex -29.1385 -25.1243 8.5
    endloop
  endfacet
  facet normal 0.95694 -0.290286 0
    outer loop
      vertex -23.0436 -25.7246 8.5
      vertex -22.8615 -25.1243 3
      vertex -22.8615 -25.1243 8.5
    endloop
  endfacet
  facet normal 0.95694 -0.290286 0
    outer loop
      vertex -22.8615 -25.1243 3
      vertex -23.0436 -25.7246 8.5
      vertex -23.0436 -25.7246 3
    endloop
  endfacet
  facet normal -0.471407 -0.881916 0
    outer loop
      vertex -27.7778 -27.1607 3
      vertex -27.2246 -27.4564 8.5
      vertex -27.7778 -27.1607 8.5
    endloop
  endfacet
  facet normal -0.471407 -0.881916 -0
    outer loop
      vertex -27.2246 -27.4564 8.5
      vertex -27.7778 -27.1607 3
      vertex -27.2246 -27.4564 3
    endloop
  endfacet
  facet normal -0.0980358 -0.995183 0
    outer loop
      vertex -26.6243 -27.6385 3
      vertex -26 -27.7 8.5
      vertex -26.6243 -27.6385 8.5
    endloop
  endfacet
  facet normal -0.0980358 -0.995183 -0
    outer loop
      vertex -26 -27.7 8.5
      vertex -26.6243 -27.6385 3
      vertex -26 -27.7 3
    endloop
  endfacet
  facet normal -0.772969 -0.634444 0
    outer loop
      vertex -28.2627 -26.7627 3
      vertex -28.6607 -26.2778 8.5
      vertex -28.6607 -26.2778 3
    endloop
  endfacet
  facet normal -0.772969 -0.634444 0
    outer loop
      vertex -28.6607 -26.2778 8.5
      vertex -28.2627 -26.7627 3
      vertex -28.2627 -26.7627 8.5
    endloop
  endfacet
  facet normal -0.95694 -0.290286 0
    outer loop
      vertex -28.9564 -25.7246 3
      vertex -29.1385 -25.1243 8.5
      vertex -29.1385 -25.1243 3
    endloop
  endfacet
  facet normal -0.95694 -0.290286 0
    outer loop
      vertex -29.1385 -25.1243 8.5
      vertex -28.9564 -25.7246 3
      vertex -28.9564 -25.7246 8.5
    endloop
  endfacet
  facet normal 0.290286 -0.95694 0
    outer loop
      vertex -25.3757 -27.6385 3
      vertex -24.7754 -27.4564 8.5
      vertex -25.3757 -27.6385 8.5
    endloop
  endfacet
  facet normal 0.290286 -0.95694 0
    outer loop
      vertex -24.7754 -27.4564 8.5
      vertex -25.3757 -27.6385 3
      vertex -24.7754 -27.4564 3
    endloop
  endfacet
  facet normal 0.634444 -0.772969 0
    outer loop
      vertex -24.2222 -27.1607 3
      vertex -23.7373 -26.7627 8.5
      vertex -24.2222 -27.1607 8.5
    endloop
  endfacet
  facet normal 0.634444 -0.772969 0
    outer loop
      vertex -23.7373 -26.7627 8.5
      vertex -24.2222 -27.1607 3
      vertex -23.7373 -26.7627 3
    endloop
  endfacet
  facet normal 0.471407 -0.881916 0
    outer loop
      vertex -24.7754 -27.4564 3
      vertex -24.2222 -27.1607 8.5
      vertex -24.7754 -27.4564 8.5
    endloop
  endfacet
  facet normal 0.471407 -0.881916 0
    outer loop
      vertex -24.2222 -27.1607 8.5
      vertex -24.7754 -27.4564 3
      vertex -24.2222 -27.1607 3
    endloop
  endfacet
  facet normal 0.772969 -0.634444 0
    outer loop
      vertex -23.7373 -26.7627 8.5
      vertex -23.3393 -26.2778 3
      vertex -23.3393 -26.2778 8.5
    endloop
  endfacet
  facet normal 0.772969 -0.634444 0
    outer loop
      vertex -23.3393 -26.2778 3
      vertex -23.7373 -26.7627 8.5
      vertex -23.7373 -26.7627 3
    endloop
  endfacet
  facet normal 0.995183 0.0980358 0
    outer loop
      vertex -22.8 24.5 8.5
      vertex -22.8615 25.1243 3
      vertex -22.8615 25.1243 8.5
    endloop
  endfacet
  facet normal 0.995183 0.0980358 0
    outer loop
      vertex -22.8615 25.1243 3
      vertex -22.8 24.5 8.5
      vertex -22.8 24.5 3
    endloop
  endfacet
  facet normal -0.0980358 0.995183 0
    outer loop
      vertex -26 27.7 3
      vertex -26.6243 27.6385 8.5
      vertex -26 27.7 8.5
    endloop
  endfacet
  facet normal -0.0980358 0.995183 0
    outer loop
      vertex -26.6243 27.6385 8.5
      vertex -26 27.7 3
      vertex -26.6243 27.6385 3
    endloop
  endfacet
  facet normal 0.634444 0.772969 -0
    outer loop
      vertex -23.7373 26.7627 3
      vertex -24.2222 27.1607 8.5
      vertex -23.7373 26.7627 8.5
    endloop
  endfacet
  facet normal 0.634444 0.772969 0
    outer loop
      vertex -24.2222 27.1607 8.5
      vertex -23.7373 26.7627 3
      vertex -24.2222 27.1607 3
    endloop
  endfacet
  facet normal -0.772969 0.634444 0
    outer loop
      vertex -28.6607 26.2778 3
      vertex -28.2627 26.7627 8.5
      vertex -28.2627 26.7627 3
    endloop
  endfacet
  facet normal -0.772969 0.634444 0
    outer loop
      vertex -28.2627 26.7627 8.5
      vertex -28.6607 26.2778 3
      vertex -28.6607 26.2778 8.5
    endloop
  endfacet
  facet normal -0.471407 0.881916 0
    outer loop
      vertex -27.2246 27.4564 3
      vertex -27.7778 27.1607 8.5
      vertex -27.2246 27.4564 8.5
    endloop
  endfacet
  facet normal -0.471407 0.881916 0
    outer loop
      vertex -27.7778 27.1607 8.5
      vertex -27.2246 27.4564 3
      vertex -27.7778 27.1607 3
    endloop
  endfacet
  facet normal 0.881916 0.471407 0
    outer loop
      vertex -23.0436 25.7246 8.5
      vertex -23.3393 26.2778 3
      vertex -23.3393 26.2778 8.5
    endloop
  endfacet
  facet normal 0.881916 0.471407 0
    outer loop
      vertex -23.3393 26.2778 3
      vertex -23.0436 25.7246 8.5
      vertex -23.0436 25.7246 3
    endloop
  endfacet
  facet normal 0.95694 0.290286 0
    outer loop
      vertex -22.8615 25.1243 8.5
      vertex -23.0436 25.7246 3
      vertex -23.0436 25.7246 8.5
    endloop
  endfacet
  facet normal 0.95694 0.290286 0
    outer loop
      vertex -23.0436 25.7246 3
      vertex -22.8615 25.1243 8.5
      vertex -22.8615 25.1243 3
    endloop
  endfacet
  facet normal 0.772969 0.634444 0
    outer loop
      vertex -23.3393 26.2778 8.5
      vertex -23.7373 26.7627 3
      vertex -23.7373 26.7627 8.5
    endloop
  endfacet
  facet normal 0.772969 0.634444 0
    outer loop
      vertex -23.7373 26.7627 3
      vertex -23.3393 26.2778 8.5
      vertex -23.3393 26.2778 3
    endloop
  endfacet
  facet normal 0.290286 0.95694 -0
    outer loop
      vertex -24.7754 27.4564 3
      vertex -25.3757 27.6385 8.5
      vertex -24.7754 27.4564 8.5
    endloop
  endfacet
  facet normal 0.290286 0.95694 0
    outer loop
      vertex -25.3757 27.6385 8.5
      vertex -24.7754 27.4564 3
      vertex -25.3757 27.6385 3
    endloop
  endfacet
  facet normal 0.0980358 0.995183 -0
    outer loop
      vertex -25.3757 27.6385 3
      vertex -26 27.7 8.5
      vertex -25.3757 27.6385 8.5
    endloop
  endfacet
  facet normal 0.0980358 0.995183 0
    outer loop
      vertex -26 27.7 8.5
      vertex -25.3757 27.6385 3
      vertex -26 27.7 3
    endloop
  endfacet
  facet normal 0.471407 0.881916 -0
    outer loop
      vertex -24.2222 27.1607 3
      vertex -24.7754 27.4564 8.5
      vertex -24.2222 27.1607 8.5
    endloop
  endfacet
  facet normal 0.471407 0.881916 0
    outer loop
      vertex -24.7754 27.4564 8.5
      vertex -24.2222 27.1607 3
      vertex -24.7754 27.4564 3
    endloop
  endfacet
  facet normal -0.95694 0.290286 0
    outer loop
      vertex -29.1385 25.1243 3
      vertex -28.9564 25.7246 8.5
      vertex -28.9564 25.7246 3
    endloop
  endfacet
  facet normal -0.95694 0.290286 0
    outer loop
      vertex -28.9564 25.7246 8.5
      vertex -29.1385 25.1243 3
      vertex -29.1385 25.1243 8.5
    endloop
  endfacet
  facet normal -0.881916 0.471407 0
    outer loop
      vertex -28.9564 25.7246 3
      vertex -28.6607 26.2778 8.5
      vertex -28.6607 26.2778 3
    endloop
  endfacet
  facet normal -0.881916 0.471407 0
    outer loop
      vertex -28.6607 26.2778 8.5
      vertex -28.9564 25.7246 3
      vertex -28.9564 25.7246 8.5
    endloop
  endfacet
  facet normal -0.995183 0.0980358 0
    outer loop
      vertex -29.2 24.5 3
      vertex -29.1385 25.1243 8.5
      vertex -29.1385 25.1243 3
    endloop
  endfacet
  facet normal -0.995183 0.0980358 0
    outer loop
      vertex -29.1385 25.1243 8.5
      vertex -29.2 24.5 3
      vertex -29.2 24.5 8.5
    endloop
  endfacet
  facet normal 0 0 1
    outer loop
      vertex -24.85 24.5 8.5
      vertex -22.8 24.5 8.5
      vertex -22.8615 25.1243 8.5
    endloop
  endfacet
  facet normal 0 0 1
    outer loop
      vertex -24.8721 24.7244 8.5
      vertex -22.8615 25.1243 8.5
      vertex -23.0436 25.7246 8.5
    endloop
  endfacet
  facet normal 0 0 1
    outer loop
      vertex -22.8 24.5 8.5
      vertex -24.85 24.5 8.5
      vertex -22.8615 23.8757 8.5
    endloop
  endfacet
  facet normal 0 0 1
    outer loop
      vertex -24.9375 24.9401 8.5
      vertex -23.0436 25.7246 8.5
      vertex -23.3393 26.2778 8.5
    endloop
  endfacet
  facet normal -0 0 1
    outer loop
      vertex -24.8721 24.2756 8.5
      vertex -22.8615 23.8757 8.5
      vertex -24.85 24.5 8.5
    endloop
  endfacet
  facet normal 0 0 1
    outer loop
      vertex -25.0438 25.1389 8.5
      vertex -23.3393 26.2778 8.5
      vertex -23.7373 26.7627 8.5
    endloop
  endfacet
  facet normal 0 0 1
    outer loop
      vertex -22.8615 23.8757 8.5
      vertex -24.8721 24.2756 8.5
      vertex -23.0436 23.2754 8.5
    endloop
  endfacet
  facet normal 0 0 1
    outer loop
      vertex -25.1868 25.3132 8.5
      vertex -23.7373 26.7627 8.5
      vertex -24.2222 27.1607 8.5
    endloop
  endfacet
  facet normal -0 0 1
    outer loop
      vertex -24.9375 24.0599 8.5
      vertex -23.0436 23.2754 8.5
      vertex -24.8721 24.2756 8.5
    endloop
  endfacet
  facet normal 0 0 1
    outer loop
      vertex -25.3611 25.4562 8.5
      vertex -24.2222 27.1607 8.5
      vertex -24.7754 27.4564 8.5
    endloop
  endfacet
  facet normal 0 0 1
    outer loop
      vertex -23.0436 23.2754 8.5
      vertex -24.9375 24.0599 8.5
      vertex -23.3393 22.7222 8.5
    endloop
  endfacet
  facet normal -0 0 1
    outer loop
      vertex -25.0438 23.8611 8.5
      vertex -23.3393 22.7222 8.5
      vertex -24.9375 24.0599 8.5
    endloop
  endfacet
  facet normal 0 0 1
    outer loop
      vertex -22.8615 25.1243 8.5
      vertex -24.8721 24.7244 8.5
      vertex -24.85 24.5 8.5
    endloop
  endfacet
  facet normal 0 0 1
    outer loop
      vertex -23.0436 25.7246 8.5
      vertex -24.9375 24.9401 8.5
      vertex -24.8721 24.7244 8.5
    endloop
  endfacet
  facet normal 0 0 1
    outer loop
      vertex -23.3393 26.2778 8.5
      vertex -25.0438 25.1389 8.5
      vertex -24.9375 24.9401 8.5
    endloop
  endfacet
  facet normal 0 0 1
    outer loop
      vertex -23.7373 26.7627 8.5
      vertex -25.1868 25.3132 8.5
      vertex -25.0438 25.1389 8.5
    endloop
  endfacet
  facet normal 0 0 1
    outer loop
      vertex -24.2222 27.1607 8.5
      vertex -25.3611 25.4562 8.5
      vertex -25.1868 25.3132 8.5
    endloop
  endfacet
  facet normal 0 0 1
    outer loop
      vertex -25.5599 25.5625 8.5
      vertex -24.7754 27.4564 8.5
      vertex -25.3757 27.6385 8.5
    endloop
  endfacet
  facet normal 0 0 1
    outer loop
      vertex -24.7754 27.4564 8.5
      vertex -25.5599 25.5625 8.5
      vertex -25.3611 25.4562 8.5
    endloop
  endfacet
  facet normal 0 0 1
    outer loop
      vertex -25.3757 27.6385 8.5
      vertex -25.7756 25.6279 8.5
      vertex -25.5599 25.5625 8.5
    endloop
  endfacet
  facet normal 0 0 1
    outer loop
      vertex -26 27.7 8.5
      vertex -25.7756 25.6279 8.5
      vertex -25.3757 27.6385 8.5
    endloop
  endfacet
  facet normal 0 0 1
    outer loop
      vertex -26 27.7 8.5
      vertex -26 25.65 8.5
      vertex -25.7756 25.6279 8.5
    endloop
  endfacet
  facet normal 0 0 1
    outer loop
      vertex -26 27.7 8.5
      vertex -26.2244 25.6279 8.5
      vertex -26 25.65 8.5
    endloop
  endfacet
  facet normal -0 0 1
    outer loop
      vertex -26.6243 27.6385 8.5
      vertex -26.2244 25.6279 8.5
      vertex -26 27.7 8.5
    endloop
  endfacet
  facet normal 0 0 1
    outer loop
      vertex -26.2244 25.6279 8.5
      vertex -26.6243 27.6385 8.5
      vertex -26.4401 25.5625 8.5
    endloop
  endfacet
  facet normal -0 0 1
    outer loop
      vertex -27.2246 27.4564 8.5
      vertex -26.4401 25.5625 8.5
      vertex -26.6243 27.6385 8.5
    endloop
  endfacet
  facet normal 0 0 1
    outer loop
      vertex -26.4401 25.5625 8.5
      vertex -27.2246 27.4564 8.5
      vertex -26.6389 25.4562 8.5
    endloop
  endfacet
  facet normal -0 0 1
    outer loop
      vertex -27.7778 27.1607 8.5
      vertex -26.6389 25.4562 8.5
      vertex -27.2246 27.4564 8.5
    endloop
  endfacet
  facet normal 0 0 1
    outer loop
      vertex -26.6389 25.4562 8.5
      vertex -27.7778 27.1607 8.5
      vertex -26.8132 25.3132 8.5
    endloop
  endfacet
  facet normal -0 0 1
    outer loop
      vertex -28.2627 26.7627 8.5
      vertex -26.8132 25.3132 8.5
      vertex -27.7778 27.1607 8.5
    endloop
  endfacet
  facet normal -0 0 1
    outer loop
      vertex -28.6607 26.2778 8.5
      vertex -26.9562 25.1389 8.5
      vertex -28.2627 26.7627 8.5
    endloop
  endfacet
  facet normal 0 0 1
    outer loop
      vertex -26.8132 25.3132 8.5
      vertex -28.2627 26.7627 8.5
      vertex -26.9562 25.1389 8.5
    endloop
  endfacet
  facet normal 0 0 1
    outer loop
      vertex -23.3393 22.7222 8.5
      vertex -25.0438 23.8611 8.5
      vertex -23.7373 22.2373 8.5
    endloop
  endfacet
  facet normal -0 0 1
    outer loop
      vertex -25.1868 23.6868 8.5
      vertex -23.7373 22.2373 8.5
      vertex -25.0438 23.8611 8.5
    endloop
  endfacet
  facet normal 0 0 1
    outer loop
      vertex -23.7373 22.2373 8.5
      vertex -25.1868 23.6868 8.5
      vertex -24.2222 21.8393 8.5
    endloop
  endfacet
  facet normal -0 0 1
    outer loop
      vertex -25.3611 23.5438 8.5
      vertex -24.2222 21.8393 8.5
      vertex -25.1868 23.6868 8.5
    endloop
  endfacet
  facet normal 0 0 1
    outer loop
      vertex -24.2222 21.8393 8.5
      vertex -25.3611 23.5438 8.5
      vertex -24.7754 21.5436 8.5
    endloop
  endfacet
  facet normal -0 0 1
    outer loop
      vertex -25.5599 23.4375 8.5
      vertex -24.7754 21.5436 8.5
      vertex -25.3611 23.5438 8.5
    endloop
  endfacet
  facet normal 0 0 1
    outer loop
      vertex -24.7754 21.5436 8.5
      vertex -25.5599 23.4375 8.5
      vertex -25.3757 21.3615 8.5
    endloop
  endfacet
  facet normal -0 0 1
    outer loop
      vertex -25.7756 23.3721 8.5
      vertex -25.3757 21.3615 8.5
      vertex -25.5599 23.4375 8.5
    endloop
  endfacet
  facet normal -0 0 1
    outer loop
      vertex -26 23.35 8.5
      vertex -25.3757 21.3615 8.5
      vertex -25.7756 23.3721 8.5
    endloop
  endfacet
  facet normal 0 0 1
    outer loop
      vertex -26 23.35 8.5
      vertex -26 21.3 8.5
      vertex -25.3757 21.3615 8.5
    endloop
  endfacet
  facet normal 0 0 1
    outer loop
      vertex -26.2244 23.3721 8.5
      vertex -26 21.3 8.5
      vertex -26 23.35 8.5
    endloop
  endfacet
  facet normal 0 0 1
    outer loop
      vertex -26.6243 21.3615 8.5
      vertex -26.2244 23.3721 8.5
      vertex -26.4401 23.4375 8.5
    endloop
  endfacet
  facet normal 0 0 1
    outer loop
      vertex -26.2244 23.3721 8.5
      vertex -26.6243 21.3615 8.5
      vertex -26 21.3 8.5
    endloop
  endfacet
  facet normal 0 0 1
    outer loop
      vertex -27.2246 21.5436 8.5
      vertex -26.4401 23.4375 8.5
      vertex -26.6389 23.5438 8.5
    endloop
  endfacet
  facet normal 0 0 1
    outer loop
      vertex -27.7778 21.8393 8.5
      vertex -26.6389 23.5438 8.5
      vertex -26.8132 23.6868 8.5
    endloop
  endfacet
  facet normal 0 0 1
    outer loop
      vertex -28.2627 22.2373 8.5
      vertex -26.8132 23.6868 8.5
      vertex -26.9562 23.8611 8.5
    endloop
  endfacet
  facet normal 0 0 1
    outer loop
      vertex -28.6607 22.7222 8.5
      vertex -26.9562 23.8611 8.5
      vertex -27.0625 24.0599 8.5
    endloop
  endfacet
  facet normal 0 0 1
    outer loop
      vertex -28.9564 23.2754 8.5
      vertex -27.0625 24.0599 8.5
      vertex -27.1279 24.2756 8.5
    endloop
  endfacet
  facet normal 0 0 1
    outer loop
      vertex -26.4401 23.4375 8.5
      vertex -27.2246 21.5436 8.5
      vertex -26.6243 21.3615 8.5
    endloop
  endfacet
  facet normal 0 0 1
    outer loop
      vertex -29.1385 23.8757 8.5
      vertex -27.1279 24.2756 8.5
      vertex -27.15 24.5 8.5
    endloop
  endfacet
  facet normal 0 0 1
    outer loop
      vertex -26.9562 25.1389 8.5
      vertex -28.6607 26.2778 8.5
      vertex -27.0625 24.9401 8.5
    endloop
  endfacet
  facet normal -0 0 1
    outer loop
      vertex -28.9564 25.7246 8.5
      vertex -27.0625 24.9401 8.5
      vertex -28.6607 26.2778 8.5
    endloop
  endfacet
  facet normal 0 0 1
    outer loop
      vertex -26.6389 23.5438 8.5
      vertex -27.7778 21.8393 8.5
      vertex -27.2246 21.5436 8.5
    endloop
  endfacet
  facet normal 0 0 1
    outer loop
      vertex -27.0625 24.9401 8.5
      vertex -28.9564 25.7246 8.5
      vertex -27.1279 24.7244 8.5
    endloop
  endfacet
  facet normal 0 0 1
    outer loop
      vertex -26.8132 23.6868 8.5
      vertex -28.2627 22.2373 8.5
      vertex -27.7778 21.8393 8.5
    endloop
  endfacet
  facet normal -0 0 1
    outer loop
      vertex -29.1385 25.1243 8.5
      vertex -27.1279 24.7244 8.5
      vertex -28.9564 25.7246 8.5
    endloop
  endfacet
  facet normal 0 0 1
    outer loop
      vertex -26.9562 23.8611 8.5
      vertex -28.6607 22.7222 8.5
      vertex -28.2627 22.2373 8.5
    endloop
  endfacet
  facet normal 0 0 1
    outer loop
      vertex -27.1279 24.7244 8.5
      vertex -29.1385 25.1243 8.5
      vertex -27.15 24.5 8.5
    endloop
  endfacet
  facet normal 0 0 1
    outer loop
      vertex -27.0625 24.0599 8.5
      vertex -28.9564 23.2754 8.5
      vertex -28.6607 22.7222 8.5
    endloop
  endfacet
  facet normal 0 0 1
    outer loop
      vertex -29.2 24.5 8.5
      vertex -27.15 24.5 8.5
      vertex -29.1385 25.1243 8.5
    endloop
  endfacet
  facet normal 0 0 1
    outer loop
      vertex -27.1279 24.2756 8.5
      vertex -29.1385 23.8757 8.5
      vertex -28.9564 23.2754 8.5
    endloop
  endfacet
  facet normal 0 0 1
    outer loop
      vertex -27.15 24.5 8.5
      vertex -29.2 24.5 8.5
      vertex -29.1385 23.8757 8.5
    endloop
  endfacet
  facet normal -0.634444 0.772969 0
    outer loop
      vertex -27.7778 27.1607 3
      vertex -28.2627 26.7627 8.5
      vertex -27.7778 27.1607 8.5
    endloop
  endfacet
  facet normal -0.634444 0.772969 0
    outer loop
      vertex -28.2627 26.7627 8.5
      vertex -27.7778 27.1607 3
      vertex -28.2627 26.7627 3
    endloop
  endfacet
  facet normal -0.290286 0.95694 0
    outer loop
      vertex -26.6243 27.6385 3
      vertex -27.2246 27.4564 8.5
      vertex -26.6243 27.6385 8.5
    endloop
  endfacet
  facet normal -0.290286 0.95694 0
    outer loop
      vertex -27.2246 27.4564 8.5
      vertex -26.6243 27.6385 3
      vertex -27.2246 27.4564 3
    endloop
  endfacet
  facet normal 0.881916 -0.471407 0
    outer loop
      vertex -23.3393 22.7222 8.5
      vertex -23.0436 23.2754 3
      vertex -23.0436 23.2754 8.5
    endloop
  endfacet
  facet normal 0.881916 -0.471407 0
    outer loop
      vertex -23.0436 23.2754 3
      vertex -23.3393 22.7222 8.5
      vertex -23.3393 22.7222 3
    endloop
  endfacet
  facet normal 0.995183 -0.0980358 0
    outer loop
      vertex -22.8615 23.8757 8.5
      vertex -22.8 24.5 3
      vertex -22.8 24.5 8.5
    endloop
  endfacet
  facet normal 0.995183 -0.0980358 0
    outer loop
      vertex -22.8 24.5 3
      vertex -22.8615 23.8757 8.5
      vertex -22.8615 23.8757 3
    endloop
  endfacet
  facet normal -0.0980358 -0.995183 0
    outer loop
      vertex -26.6243 21.3615 3
      vertex -26 21.3 8.5
      vertex -26.6243 21.3615 8.5
    endloop
  endfacet
  facet normal -0.0980358 -0.995183 -0
    outer loop
      vertex -26 21.3 8.5
      vertex -26.6243 21.3615 3
      vertex -26 21.3 3
    endloop
  endfacet
  facet normal -0.995183 -0.0980358 0
    outer loop
      vertex -29.1385 23.8757 3
      vertex -29.2 24.5 8.5
      vertex -29.2 24.5 3
    endloop
  endfacet
  facet normal -0.995183 -0.0980358 0
    outer loop
      vertex -29.2 24.5 8.5
      vertex -29.1385 23.8757 3
      vertex -29.1385 23.8757 8.5
    endloop
  endfacet
  facet normal 0.634444 -0.772969 0
    outer loop
      vertex -24.2222 21.8393 3
      vertex -23.7373 22.2373 8.5
      vertex -24.2222 21.8393 8.5
    endloop
  endfacet
  facet normal 0.634444 -0.772969 0
    outer loop
      vertex -23.7373 22.2373 8.5
      vertex -24.2222 21.8393 3
      vertex -23.7373 22.2373 3
    endloop
  endfacet
  facet normal -0.772969 -0.634444 0
    outer loop
      vertex -28.2627 22.2373 3
      vertex -28.6607 22.7222 8.5
      vertex -28.6607 22.7222 3
    endloop
  endfacet
  facet normal -0.772969 -0.634444 0
    outer loop
      vertex -28.6607 22.7222 8.5
      vertex -28.2627 22.2373 3
      vertex -28.2627 22.2373 8.5
    endloop
  endfacet
  facet normal -0.95694 -0.290286 0
    outer loop
      vertex -28.9564 23.2754 3
      vertex -29.1385 23.8757 8.5
      vertex -29.1385 23.8757 3
    endloop
  endfacet
  facet normal -0.95694 -0.290286 0
    outer loop
      vertex -29.1385 23.8757 8.5
      vertex -28.9564 23.2754 3
      vertex -28.9564 23.2754 8.5
    endloop
  endfacet
  facet normal -0.881916 -0.471407 0
    outer loop
      vertex -28.6607 22.7222 3
      vertex -28.9564 23.2754 8.5
      vertex -28.9564 23.2754 3
    endloop
  endfacet
  facet normal -0.881916 -0.471407 0
    outer loop
      vertex -28.9564 23.2754 8.5
      vertex -28.6607 22.7222 3
      vertex -28.6607 22.7222 8.5
    endloop
  endfacet
  facet normal 0.290286 -0.95694 0
    outer loop
      vertex -25.3757 21.3615 3
      vertex -24.7754 21.5436 8.5
      vertex -25.3757 21.3615 8.5
    endloop
  endfacet
  facet normal 0.290286 -0.95694 0
    outer loop
      vertex -24.7754 21.5436 8.5
      vertex -25.3757 21.3615 3
      vertex -24.7754 21.5436 3
    endloop
  endfacet
  facet normal 0.772969 -0.634444 0
    outer loop
      vertex -23.7373 22.2373 8.5
      vertex -23.3393 22.7222 3
      vertex -23.3393 22.7222 8.5
    endloop
  endfacet
  facet normal 0.772969 -0.634444 0
    outer loop
      vertex -23.3393 22.7222 3
      vertex -23.7373 22.2373 8.5
      vertex -23.7373 22.2373 3
    endloop
  endfacet
  facet normal 0.95694 -0.290286 0
    outer loop
      vertex -23.0436 23.2754 8.5
      vertex -22.8615 23.8757 3
      vertex -22.8615 23.8757 8.5
    endloop
  endfacet
  facet normal 0.95694 -0.290286 0
    outer loop
      vertex -22.8615 23.8757 3
      vertex -23.0436 23.2754 8.5
      vertex -23.0436 23.2754 3
    endloop
  endfacet
  facet normal 0.0980358 -0.995183 0
    outer loop
      vertex -26 21.3 3
      vertex -25.3757 21.3615 8.5
      vertex -26 21.3 8.5
    endloop
  endfacet
  facet normal 0.0980358 -0.995183 0
    outer loop
      vertex -25.3757 21.3615 8.5
      vertex -26 21.3 3
      vertex -25.3757 21.3615 3
    endloop
  endfacet
  facet normal -0.471407 -0.881916 0
    outer loop
      vertex -27.7778 21.8393 3
      vertex -27.2246 21.5436 8.5
      vertex -27.7778 21.8393 8.5
    endloop
  endfacet
  facet normal -0.471407 -0.881916 -0
    outer loop
      vertex -27.2246 21.5436 8.5
      vertex -27.7778 21.8393 3
      vertex -27.2246 21.5436 3
    endloop
  endfacet
  facet normal -0.634444 -0.772969 0
    outer loop
      vertex -28.2627 22.2373 3
      vertex -27.7778 21.8393 8.5
      vertex -28.2627 22.2373 8.5
    endloop
  endfacet
  facet normal -0.634444 -0.772969 -0
    outer loop
      vertex -27.7778 21.8393 8.5
      vertex -28.2627 22.2373 3
      vertex -27.7778 21.8393 3
    endloop
  endfacet
  facet normal 0.471407 -0.881916 0
    outer loop
      vertex -24.7754 21.5436 3
      vertex -24.2222 21.8393 8.5
      vertex -24.7754 21.5436 8.5
    endloop
  endfacet
  facet normal 0.471407 -0.881916 0
    outer loop
      vertex -24.2222 21.8393 8.5
      vertex -24.7754 21.5436 3
      vertex -24.2222 21.8393 3
    endloop
  endfacet
  facet normal -0.290286 -0.95694 0
    outer loop
      vertex -27.2246 21.5436 3
      vertex -26.6243 21.3615 8.5
      vertex -27.2246 21.5436 8.5
    endloop
  endfacet
  facet normal -0.290286 -0.95694 -0
    outer loop
      vertex -26.6243 21.3615 8.5
      vertex -27.2246 21.5436 3
      vertex -26.6243 21.3615 3
    endloop
  endfacet
  facet normal 0.995183 0.0980358 0
    outer loop
      vertex 35.2 -24.5 8.5
      vertex 35.1385 -23.8757 3
      vertex 35.1385 -23.8757 8.5
    endloop
  endfacet
  facet normal 0.995183 0.0980358 0
    outer loop
      vertex 35.1385 -23.8757 3
      vertex 35.2 -24.5 8.5
      vertex 35.2 -24.5 3
    endloop
  endfacet
  facet normal -0.995183 0.0980358 0
    outer loop
      vertex 28.8 -24.5 3
      vertex 28.8615 -23.8757 8.5
      vertex 28.8615 -23.8757 3
    endloop
  endfacet
  facet normal -0.995183 0.0980358 0
    outer loop
      vertex 28.8615 -23.8757 8.5
      vertex 28.8 -24.5 3
      vertex 28.8 -24.5 8.5
    endloop
  endfacet
  facet normal 0.0980358 0.995183 -0
    outer loop
      vertex 32.6243 -21.3615 3
      vertex 32 -21.3 8.5
      vertex 32.6243 -21.3615 8.5
    endloop
  endfacet
  facet normal 0.0980358 0.995183 0
    outer loop
      vertex 32 -21.3 8.5
      vertex 32.6243 -21.3615 3
      vertex 32 -21.3 3
    endloop
  endfacet
  facet normal -0.0980358 -0.995183 0
    outer loop
      vertex 31.3757 -27.6385 3
      vertex 32 -27.7 8.5
      vertex 31.3757 -27.6385 8.5
    endloop
  endfacet
  facet normal -0.0980358 -0.995183 -0
    outer loop
      vertex 32 -27.7 8.5
      vertex 31.3757 -27.6385 3
      vertex 32 -27.7 3
    endloop
  endfacet
  facet normal 0.634444 0.772969 -0
    outer loop
      vertex 34.2627 -22.2373 3
      vertex 33.7778 -21.8393 8.5
      vertex 34.2627 -22.2373 8.5
    endloop
  endfacet
  facet normal 0.634444 0.772969 0
    outer loop
      vertex 33.7778 -21.8393 8.5
      vertex 34.2627 -22.2373 3
      vertex 33.7778 -21.8393 3
    endloop
  endfacet
  facet normal -0.634444 0.772969 0
    outer loop
      vertex 30.2222 -21.8393 3
      vertex 29.7373 -22.2373 8.5
      vertex 30.2222 -21.8393 8.5
    endloop
  endfacet
  facet normal -0.634444 0.772969 0
    outer loop
      vertex 29.7373 -22.2373 8.5
      vertex 30.2222 -21.8393 3
      vertex 29.7373 -22.2373 3
    endloop
  endfacet
  facet normal -0.290286 0.95694 0
    outer loop
      vertex 31.3757 -21.3615 3
      vertex 30.7754 -21.5436 8.5
      vertex 31.3757 -21.3615 8.5
    endloop
  endfacet
  facet normal -0.290286 0.95694 0
    outer loop
      vertex 30.7754 -21.5436 8.5
      vertex 31.3757 -21.3615 3
      vertex 30.7754 -21.5436 3
    endloop
  endfacet
  facet normal 0.881916 -0.471407 0
    outer loop
      vertex 34.6607 -26.2778 8.5
      vertex 34.9564 -25.7246 3
      vertex 34.9564 -25.7246 8.5
    endloop
  endfacet
  facet normal 0.881916 -0.471407 0
    outer loop
      vertex 34.9564 -25.7246 3
      vertex 34.6607 -26.2778 8.5
      vertex 34.6607 -26.2778 3
    endloop
  endfacet
  facet normal -0.772969 -0.634444 0
    outer loop
      vertex 29.7373 -26.7627 3
      vertex 29.3393 -26.2778 8.5
      vertex 29.3393 -26.2778 3
    endloop
  endfacet
  facet normal -0.772969 -0.634444 0
    outer loop
      vertex 29.3393 -26.2778 8.5
      vertex 29.7373 -26.7627 3
      vertex 29.7373 -26.7627 8.5
    endloop
  endfacet
  facet normal 0.881916 0.471407 0
    outer loop
      vertex 34.9564 -23.2754 8.5
      vertex 34.6607 -22.7222 3
      vertex 34.6607 -22.7222 8.5
    endloop
  endfacet
  facet normal 0.881916 0.471407 0
    outer loop
      vertex 34.6607 -22.7222 3
      vertex 34.9564 -23.2754 8.5
      vertex 34.9564 -23.2754 3
    endloop
  endfacet
  facet normal 0.95694 0.290286 0
    outer loop
      vertex 35.1385 -23.8757 8.5
      vertex 34.9564 -23.2754 3
      vertex 34.9564 -23.2754 8.5
    endloop
  endfacet
  facet normal 0.95694 0.290286 0
    outer loop
      vertex 34.9564 -23.2754 3
      vertex 35.1385 -23.8757 8.5
      vertex 35.1385 -23.8757 3
    endloop
  endfacet
  facet normal 0.772969 0.634444 0
    outer loop
      vertex 34.6607 -22.7222 8.5
      vertex 34.2627 -22.2373 3
      vertex 34.2627 -22.2373 8.5
    endloop
  endfacet
  facet normal 0.772969 0.634444 0
    outer loop
      vertex 34.2627 -22.2373 3
      vertex 34.6607 -22.7222 8.5
      vertex 34.6607 -22.7222 3
    endloop
  endfacet
  facet normal 0.290286 0.95694 -0
    outer loop
      vertex 33.2246 -21.5436 3
      vertex 32.6243 -21.3615 8.5
      vertex 33.2246 -21.5436 8.5
    endloop
  endfacet
  facet normal 0.290286 0.95694 0
    outer loop
      vertex 32.6243 -21.3615 8.5
      vertex 33.2246 -21.5436 3
      vertex 32.6243 -21.3615 3
    endloop
  endfacet
  facet normal 0.471407 0.881916 -0
    outer loop
      vertex 33.7778 -21.8393 3
      vertex 33.2246 -21.5436 8.5
      vertex 33.7778 -21.8393 8.5
    endloop
  endfacet
  facet normal 0.471407 0.881916 0
    outer loop
      vertex 33.2246 -21.5436 8.5
      vertex 33.7778 -21.8393 3
      vertex 33.2246 -21.5436 3
    endloop
  endfacet
  facet normal -0.881916 0.471407 0
    outer loop
      vertex 29.0436 -23.2754 3
      vertex 29.3393 -22.7222 8.5
      vertex 29.3393 -22.7222 3
    endloop
  endfacet
  facet normal -0.881916 0.471407 0
    outer loop
      vertex 29.3393 -22.7222 8.5
      vertex 29.0436 -23.2754 3
      vertex 29.0436 -23.2754 8.5
    endloop
  endfacet
  facet normal -0.772969 0.634444 0
    outer loop
      vertex 29.3393 -22.7222 3
      vertex 29.7373 -22.2373 8.5
      vertex 29.7373 -22.2373 3
    endloop
  endfacet
  facet normal -0.772969 0.634444 0
    outer loop
      vertex 29.7373 -22.2373 8.5
      vertex 29.3393 -22.7222 3
      vertex 29.3393 -22.7222 8.5
    endloop
  endfacet
  facet normal -0.95694 0.290286 0
    outer loop
      vertex 28.8615 -23.8757 3
      vertex 29.0436 -23.2754 8.5
      vertex 29.0436 -23.2754 3
    endloop
  endfacet
  facet normal -0.95694 0.290286 0
    outer loop
      vertex 29.0436 -23.2754 8.5
      vertex 28.8615 -23.8757 3
      vertex 28.8615 -23.8757 8.5
    endloop
  endfacet
  facet normal 0 0 1
    outer loop
      vertex 33.15 -24.5 8.5
      vertex 35.2 -24.5 8.5
      vertex 35.1385 -23.8757 8.5
    endloop
  endfacet
  facet normal 0 0 1
    outer loop
      vertex 33.1279 -24.2756 8.5
      vertex 35.1385 -23.8757 8.5
      vertex 34.9564 -23.2754 8.5
    endloop
  endfacet
  facet normal 0 0 1
    outer loop
      vertex 35.2 -24.5 8.5
      vertex 33.15 -24.5 8.5
      vertex 35.1385 -25.1243 8.5
    endloop
  endfacet
  facet normal 0 0 1
    outer loop
      vertex 33.0625 -24.0599 8.5
      vertex 34.9564 -23.2754 8.5
      vertex 34.6607 -22.7222 8.5
    endloop
  endfacet
  facet normal -0 0 1
    outer loop
      vertex 33.1279 -24.7244 8.5
      vertex 35.1385 -25.1243 8.5
      vertex 33.15 -24.5 8.5
    endloop
  endfacet
  facet normal 0 0 1
    outer loop
      vertex 32.9562 -23.8611 8.5
      vertex 34.6607 -22.7222 8.5
      vertex 34.2627 -22.2373 8.5
    endloop
  endfacet
  facet normal 0 0 1
    outer loop
      vertex 35.1385 -25.1243 8.5
      vertex 33.1279 -24.7244 8.5
      vertex 34.9564 -25.7246 8.5
    endloop
  endfacet
  facet normal 0 0 1
    outer loop
      vertex 32.8132 -23.6868 8.5
      vertex 34.2627 -22.2373 8.5
      vertex 33.7778 -21.8393 8.5
    endloop
  endfacet
  facet normal -0 0 1
    outer loop
      vertex 33.0625 -24.9401 8.5
      vertex 34.9564 -25.7246 8.5
      vertex 33.1279 -24.7244 8.5
    endloop
  endfacet
  facet normal 0 0 1
    outer loop
      vertex 32.6389 -23.5438 8.5
      vertex 33.7778 -21.8393 8.5
      vertex 33.2246 -21.5436 8.5
    endloop
  endfacet
  facet normal 0 0 1
    outer loop
      vertex 34.9564 -25.7246 8.5
      vertex 33.0625 -24.9401 8.5
      vertex 34.6607 -26.2778 8.5
    endloop
  endfacet
  facet normal -0 0 1
    outer loop
      vertex 32.9562 -25.1389 8.5
      vertex 34.6607 -26.2778 8.5
      vertex 33.0625 -24.9401 8.5
    endloop
  endfacet
  facet normal 0 0 1
    outer loop
      vertex 35.1385 -23.8757 8.5
      vertex 33.1279 -24.2756 8.5
      vertex 33.15 -24.5 8.5
    endloop
  endfacet
  facet normal 0 0 1
    outer loop
      vertex 34.9564 -23.2754 8.5
      vertex 33.0625 -24.0599 8.5
      vertex 33.1279 -24.2756 8.5
    endloop
  endfacet
  facet normal 0 0 1
    outer loop
      vertex 34.6607 -22.7222 8.5
      vertex 32.9562 -23.8611 8.5
      vertex 33.0625 -24.0599 8.5
    endloop
  endfacet
  facet normal 0 0 1
    outer loop
      vertex 34.2627 -22.2373 8.5
      vertex 32.8132 -23.6868 8.5
      vertex 32.9562 -23.8611 8.5
    endloop
  endfacet
  facet normal 0 0 1
    outer loop
      vertex 33.7778 -21.8393 8.5
      vertex 32.6389 -23.5438 8.5
      vertex 32.8132 -23.6868 8.5
    endloop
  endfacet
  facet normal 0 0 1
    outer loop
      vertex 32.4401 -23.4375 8.5
      vertex 33.2246 -21.5436 8.5
      vertex 32.6243 -21.3615 8.5
    endloop
  endfacet
  facet normal 0 0 1
    outer loop
      vertex 33.2246 -21.5436 8.5
      vertex 32.4401 -23.4375 8.5
      vertex 32.6389 -23.5438 8.5
    endloop
  endfacet
  facet normal 0 0 1
    outer loop
      vertex 32.6243 -21.3615 8.5
      vertex 32.2244 -23.3721 8.5
      vertex 32.4401 -23.4375 8.5
    endloop
  endfacet
  facet normal 0 0 1
    outer loop
      vertex 32 -21.3 8.5
      vertex 32.2244 -23.3721 8.5
      vertex 32.6243 -21.3615 8.5
    endloop
  endfacet
  facet normal 0 0 1
    outer loop
      vertex 32 -21.3 8.5
      vertex 32 -23.35 8.5
      vertex 32.2244 -23.3721 8.5
    endloop
  endfacet
  facet normal 0 0 1
    outer loop
      vertex 32 -21.3 8.5
      vertex 31.7756 -23.3721 8.5
      vertex 32 -23.35 8.5
    endloop
  endfacet
  facet normal -0 0 1
    outer loop
      vertex 31.3757 -21.3615 8.5
      vertex 31.7756 -23.3721 8.5
      vertex 32 -21.3 8.5
    endloop
  endfacet
  facet normal 0 0 1
    outer loop
      vertex 31.7756 -23.3721 8.5
      vertex 31.3757 -21.3615 8.5
      vertex 31.5599 -23.4375 8.5
    endloop
  endfacet
  facet normal -0 0 1
    outer loop
      vertex 30.7754 -21.5436 8.5
      vertex 31.5599 -23.4375 8.5
      vertex 31.3757 -21.3615 8.5
    endloop
  endfacet
  facet normal 0 0 1
    outer loop
      vertex 31.5599 -23.4375 8.5
      vertex 30.7754 -21.5436 8.5
      vertex 31.3611 -23.5438 8.5
    endloop
  endfacet
  facet normal -0 0 1
    outer loop
      vertex 30.2222 -21.8393 8.5
      vertex 31.3611 -23.5438 8.5
      vertex 30.7754 -21.5436 8.5
    endloop
  endfacet
  facet normal 0 0 1
    outer loop
      vertex 31.3611 -23.5438 8.5
      vertex 30.2222 -21.8393 8.5
      vertex 31.1868 -23.6868 8.5
    endloop
  endfacet
  facet normal -0 0 1
    outer loop
      vertex 29.7373 -22.2373 8.5
      vertex 31.1868 -23.6868 8.5
      vertex 30.2222 -21.8393 8.5
    endloop
  endfacet
  facet normal -0 0 1
    outer loop
      vertex 29.3393 -22.7222 8.5
      vertex 31.0438 -23.8611 8.5
      vertex 29.7373 -22.2373 8.5
    endloop
  endfacet
  facet normal 0 0 1
    outer loop
      vertex 31.1868 -23.6868 8.5
      vertex 29.7373 -22.2373 8.5
      vertex 31.0438 -23.8611 8.5
    endloop
  endfacet
  facet normal 0 0 1
    outer loop
      vertex 34.6607 -26.2778 8.5
      vertex 32.9562 -25.1389 8.5
      vertex 34.2627 -26.7627 8.5
    endloop
  endfacet
  facet normal -0 0 1
    outer loop
      vertex 32.8132 -25.3132 8.5
      vertex 34.2627 -26.7627 8.5
      vertex 32.9562 -25.1389 8.5
    endloop
  endfacet
  facet normal 0 0 1
    outer loop
      vertex 34.2627 -26.7627 8.5
      vertex 32.8132 -25.3132 8.5
      vertex 33.7778 -27.1607 8.5
    endloop
  endfacet
  facet normal -0 0 1
    outer loop
      vertex 32.6389 -25.4562 8.5
      vertex 33.7778 -27.1607 8.5
      vertex 32.8132 -25.3132 8.5
    endloop
  endfacet
  facet normal 0 0 1
    outer loop
      vertex 33.7778 -27.1607 8.5
      vertex 32.6389 -25.4562 8.5
      vertex 33.2246 -27.4564 8.5
    endloop
  endfacet
  facet normal -0 0 1
    outer loop
      vertex 32.4401 -25.5625 8.5
      vertex 33.2246 -27.4564 8.5
      vertex 32.6389 -25.4562 8.5
    endloop
  endfacet
  facet normal 0 0 1
    outer loop
      vertex 33.2246 -27.4564 8.5
      vertex 32.4401 -25.5625 8.5
      vertex 32.6243 -27.6385 8.5
    endloop
  endfacet
  facet normal -0 0 1
    outer loop
      vertex 32.2244 -25.6279 8.5
      vertex 32.6243 -27.6385 8.5
      vertex 32.4401 -25.5625 8.5
    endloop
  endfacet
  facet normal -0 0 1
    outer loop
      vertex 32 -25.65 8.5
      vertex 32.6243 -27.6385 8.5
      vertex 32.2244 -25.6279 8.5
    endloop
  endfacet
  facet normal 0 0 1
    outer loop
      vertex 32 -25.65 8.5
      vertex 32 -27.7 8.5
      vertex 32.6243 -27.6385 8.5
    endloop
  endfacet
  facet normal 0 0 1
    outer loop
      vertex 31.7756 -25.6279 8.5
      vertex 32 -27.7 8.5
      vertex 32 -25.65 8.5
    endloop
  endfacet
  facet normal 0 0 1
    outer loop
      vertex 31.3757 -27.6385 8.5
      vertex 31.7756 -25.6279 8.5
      vertex 31.5599 -25.5625 8.5
    endloop
  endfacet
  facet normal 0 0 1
    outer loop
      vertex 31.7756 -25.6279 8.5
      vertex 31.3757 -27.6385 8.5
      vertex 32 -27.7 8.5
    endloop
  endfacet
  facet normal 0 0 1
    outer loop
      vertex 30.7754 -27.4564 8.5
      vertex 31.5599 -25.5625 8.5
      vertex 31.3611 -25.4562 8.5
    endloop
  endfacet
  facet normal 0 0 1
    outer loop
      vertex 30.2222 -27.1607 8.5
      vertex 31.3611 -25.4562 8.5
      vertex 31.1868 -25.3132 8.5
    endloop
  endfacet
  facet normal 0 0 1
    outer loop
      vertex 29.7373 -26.7627 8.5
      vertex 31.1868 -25.3132 8.5
      vertex 31.0438 -25.1389 8.5
    endloop
  endfacet
  facet normal 0 0 1
    outer loop
      vertex 29.3393 -26.2778 8.5
      vertex 31.0438 -25.1389 8.5
      vertex 30.9375 -24.9401 8.5
    endloop
  endfacet
  facet normal 0 0 1
    outer loop
      vertex 29.0436 -25.7246 8.5
      vertex 30.9375 -24.9401 8.5
      vertex 30.8721 -24.7244 8.5
    endloop
  endfacet
  facet normal 0 0 1
    outer loop
      vertex 31.5599 -25.5625 8.5
      vertex 30.7754 -27.4564 8.5
      vertex 31.3757 -27.6385 8.5
    endloop
  endfacet
  facet normal 0 0 1
    outer loop
      vertex 28.8615 -25.1243 8.5
      vertex 30.8721 -24.7244 8.5
      vertex 30.85 -24.5 8.5
    endloop
  endfacet
  facet normal 0 0 1
    outer loop
      vertex 31.0438 -23.8611 8.5
      vertex 29.3393 -22.7222 8.5
      vertex 30.9375 -24.0599 8.5
    endloop
  endfacet
  facet normal -0 0 1
    outer loop
      vertex 29.0436 -23.2754 8.5
      vertex 30.9375 -24.0599 8.5
      vertex 29.3393 -22.7222 8.5
    endloop
  endfacet
  facet normal 0 0 1
    outer loop
      vertex 31.3611 -25.4562 8.5
      vertex 30.2222 -27.1607 8.5
      vertex 30.7754 -27.4564 8.5
    endloop
  endfacet
  facet normal 0 0 1
    outer loop
      vertex 30.9375 -24.0599 8.5
      vertex 29.0436 -23.2754 8.5
      vertex 30.8721 -24.2756 8.5
    endloop
  endfacet
  facet normal 0 0 1
    outer loop
      vertex 31.1868 -25.3132 8.5
      vertex 29.7373 -26.7627 8.5
      vertex 30.2222 -27.1607 8.5
    endloop
  endfacet
  facet normal -0 0 1
    outer loop
      vertex 28.8615 -23.8757 8.5
      vertex 30.8721 -24.2756 8.5
      vertex 29.0436 -23.2754 8.5
    endloop
  endfacet
  facet normal 0 0 1
    outer loop
      vertex 31.0438 -25.1389 8.5
      vertex 29.3393 -26.2778 8.5
      vertex 29.7373 -26.7627 8.5
    endloop
  endfacet
  facet normal 0 0 1
    outer loop
      vertex 30.8721 -24.2756 8.5
      vertex 28.8615 -23.8757 8.5
      vertex 30.85 -24.5 8.5
    endloop
  endfacet
  facet normal 0 0 1
    outer loop
      vertex 30.9375 -24.9401 8.5
      vertex 29.0436 -25.7246 8.5
      vertex 29.3393 -26.2778 8.5
    endloop
  endfacet
  facet normal 0 0 1
    outer loop
      vertex 28.8 -24.5 8.5
      vertex 30.85 -24.5 8.5
      vertex 28.8615 -23.8757 8.5
    endloop
  endfacet
  facet normal 0 0 1
    outer loop
      vertex 30.8721 -24.7244 8.5
      vertex 28.8615 -25.1243 8.5
      vertex 29.0436 -25.7246 8.5
    endloop
  endfacet
  facet normal 0 0 1
    outer loop
      vertex 30.85 -24.5 8.5
      vertex 28.8 -24.5 8.5
      vertex 28.8615 -25.1243 8.5
    endloop
  endfacet
  facet normal -0.471407 0.881916 0
    outer loop
      vertex 30.7754 -21.5436 3
      vertex 30.2222 -21.8393 8.5
      vertex 30.7754 -21.5436 8.5
    endloop
  endfacet
  facet normal -0.471407 0.881916 0
    outer loop
      vertex 30.2222 -21.8393 8.5
      vertex 30.7754 -21.5436 3
      vertex 30.2222 -21.8393 3
    endloop
  endfacet
  facet normal -0.0980358 0.995183 0
    outer loop
      vertex 32 -21.3 3
      vertex 31.3757 -21.3615 8.5
      vertex 32 -21.3 8.5
    endloop
  endfacet
  facet normal -0.0980358 0.995183 0
    outer loop
      vertex 31.3757 -21.3615 8.5
      vertex 32 -21.3 3
      vertex 31.3757 -21.3615 3
    endloop
  endfacet
  facet normal 0.995183 -0.0980358 0
    outer loop
      vertex 35.1385 -25.1243 8.5
      vertex 35.2 -24.5 3
      vertex 35.2 -24.5 8.5
    endloop
  endfacet
  facet normal 0.995183 -0.0980358 0
    outer loop
      vertex 35.2 -24.5 3
      vertex 35.1385 -25.1243 8.5
      vertex 35.1385 -25.1243 3
    endloop
  endfacet
  facet normal 0.290286 -0.95694 0
    outer loop
      vertex 32.6243 -27.6385 3
      vertex 33.2246 -27.4564 8.5
      vertex 32.6243 -27.6385 8.5
    endloop
  endfacet
  facet normal 0.290286 -0.95694 0
    outer loop
      vertex 33.2246 -27.4564 8.5
      vertex 32.6243 -27.6385 3
      vertex 33.2246 -27.4564 3
    endloop
  endfacet
  facet normal 0.0980358 -0.995183 0
    outer loop
      vertex 32 -27.7 3
      vertex 32.6243 -27.6385 8.5
      vertex 32 -27.7 8.5
    endloop
  endfacet
  facet normal 0.0980358 -0.995183 0
    outer loop
      vertex 32.6243 -27.6385 8.5
      vertex 32 -27.7 3
      vertex 32.6243 -27.6385 3
    endloop
  endfacet
  facet normal 0.634444 -0.772969 0
    outer loop
      vertex 33.7778 -27.1607 3
      vertex 34.2627 -26.7627 8.5
      vertex 33.7778 -27.1607 8.5
    endloop
  endfacet
  facet normal 0.634444 -0.772969 0
    outer loop
      vertex 34.2627 -26.7627 8.5
      vertex 33.7778 -27.1607 3
      vertex 34.2627 -26.7627 3
    endloop
  endfacet
  facet normal -0.634444 -0.772969 0
    outer loop
      vertex 29.7373 -26.7627 3
      vertex 30.2222 -27.1607 8.5
      vertex 29.7373 -26.7627 8.5
    endloop
  endfacet
  facet normal -0.634444 -0.772969 -0
    outer loop
      vertex 30.2222 -27.1607 8.5
      vertex 29.7373 -26.7627 3
      vertex 30.2222 -27.1607 3
    endloop
  endfacet
  facet normal -0.290286 -0.95694 0
    outer loop
      vertex 30.7754 -27.4564 3
      vertex 31.3757 -27.6385 8.5
      vertex 30.7754 -27.4564 8.5
    endloop
  endfacet
  facet normal -0.290286 -0.95694 -0
    outer loop
      vertex 31.3757 -27.6385 8.5
      vertex 30.7754 -27.4564 3
      vertex 31.3757 -27.6385 3
    endloop
  endfacet
  facet normal -0.995183 -0.0980358 0
    outer loop
      vertex 28.8615 -25.1243 3
      vertex 28.8 -24.5 8.5
      vertex 28.8 -24.5 3
    endloop
  endfacet
  facet normal -0.995183 -0.0980358 0
    outer loop
      vertex 28.8 -24.5 8.5
      vertex 28.8615 -25.1243 3
      vertex 28.8615 -25.1243 8.5
    endloop
  endfacet
  facet normal -0.881916 -0.471407 0
    outer loop
      vertex 29.3393 -26.2778 3
      vertex 29.0436 -25.7246 8.5
      vertex 29.0436 -25.7246 3
    endloop
  endfacet
  facet normal -0.881916 -0.471407 0
    outer loop
      vertex 29.0436 -25.7246 8.5
      vertex 29.3393 -26.2778 3
      vertex 29.3393 -26.2778 8.5
    endloop
  endfacet
  facet normal 0.772969 -0.634444 0
    outer loop
      vertex 34.2627 -26.7627 8.5
      vertex 34.6607 -26.2778 3
      vertex 34.6607 -26.2778 8.5
    endloop
  endfacet
  facet normal 0.772969 -0.634444 0
    outer loop
      vertex 34.6607 -26.2778 3
      vertex 34.2627 -26.7627 8.5
      vertex 34.2627 -26.7627 3
    endloop
  endfacet
  facet normal 0.95694 -0.290286 0
    outer loop
      vertex 34.9564 -25.7246 8.5
      vertex 35.1385 -25.1243 3
      vertex 35.1385 -25.1243 8.5
    endloop
  endfacet
  facet normal 0.95694 -0.290286 0
    outer loop
      vertex 35.1385 -25.1243 3
      vertex 34.9564 -25.7246 8.5
      vertex 34.9564 -25.7246 3
    endloop
  endfacet
  facet normal -0.471407 -0.881916 0
    outer loop
      vertex 30.2222 -27.1607 3
      vertex 30.7754 -27.4564 8.5
      vertex 30.2222 -27.1607 8.5
    endloop
  endfacet
  facet normal -0.471407 -0.881916 -0
    outer loop
      vertex 30.7754 -27.4564 8.5
      vertex 30.2222 -27.1607 3
      vertex 30.7754 -27.4564 3
    endloop
  endfacet
  facet normal -0.95694 -0.290286 0
    outer loop
      vertex 29.0436 -25.7246 3
      vertex 28.8615 -25.1243 8.5
      vertex 28.8615 -25.1243 3
    endloop
  endfacet
  facet normal -0.95694 -0.290286 0
    outer loop
      vertex 28.8615 -25.1243 8.5
      vertex 29.0436 -25.7246 3
      vertex 29.0436 -25.7246 8.5
    endloop
  endfacet
  facet normal 0.471407 -0.881916 0
    outer loop
      vertex 33.2246 -27.4564 3
      vertex 33.7778 -27.1607 8.5
      vertex 33.2246 -27.4564 8.5
    endloop
  endfacet
  facet normal 0.471407 -0.881916 0
    outer loop
      vertex 33.7778 -27.1607 8.5
      vertex 33.2246 -27.4564 3
      vertex 33.7778 -27.1607 3
    endloop
  endfacet
  facet normal 0.995183 0.0980358 0
    outer loop
      vertex 35.2 24.5 8.5
      vertex 35.1385 25.1243 3
      vertex 35.1385 25.1243 8.5
    endloop
  endfacet
  facet normal 0.995183 0.0980358 0
    outer loop
      vertex 35.1385 25.1243 3
      vertex 35.2 24.5 8.5
      vertex 35.2 24.5 3
    endloop
  endfacet
  facet normal -0.0980358 0.995183 0
    outer loop
      vertex 32 27.7 3
      vertex 31.3757 27.6385 8.5
      vertex 32 27.7 8.5
    endloop
  endfacet
  facet normal -0.0980358 0.995183 0
    outer loop
      vertex 31.3757 27.6385 8.5
      vertex 32 27.7 3
      vertex 31.3757 27.6385 3
    endloop
  endfacet
  facet normal 0.634444 0.772969 -0
    outer loop
      vertex 34.2627 26.7627 3
      vertex 33.7778 27.1607 8.5
      vertex 34.2627 26.7627 8.5
    endloop
  endfacet
  facet normal 0.634444 0.772969 0
    outer loop
      vertex 33.7778 27.1607 8.5
      vertex 34.2627 26.7627 3
      vertex 33.7778 27.1607 3
    endloop
  endfacet
  facet normal -0.772969 0.634444 0
    outer loop
      vertex 29.3393 26.2778 3
      vertex 29.7373 26.7627 8.5
      vertex 29.7373 26.7627 3
    endloop
  endfacet
  facet normal -0.772969 0.634444 0
    outer loop
      vertex 29.7373 26.7627 8.5
      vertex 29.3393 26.2778 3
      vertex 29.3393 26.2778 8.5
    endloop
  endfacet
  facet normal -0.471407 0.881916 0
    outer loop
      vertex 30.7754 27.4564 3
      vertex 30.2222 27.1607 8.5
      vertex 30.7754 27.4564 8.5
    endloop
  endfacet
  facet normal -0.471407 0.881916 0
    outer loop
      vertex 30.2222 27.1607 8.5
      vertex 30.7754 27.4564 3
      vertex 30.2222 27.1607 3
    endloop
  endfacet
  facet normal 0.881916 0.471407 0
    outer loop
      vertex 34.9564 25.7246 8.5
      vertex 34.6607 26.2778 3
      vertex 34.6607 26.2778 8.5
    endloop
  endfacet
  facet normal 0.881916 0.471407 0
    outer loop
      vertex 34.6607 26.2778 3
      vertex 34.9564 25.7246 8.5
      vertex 34.9564 25.7246 3
    endloop
  endfacet
  facet normal 0.95694 0.290286 0
    outer loop
      vertex 35.1385 25.1243 8.5
      vertex 34.9564 25.7246 3
      vertex 34.9564 25.7246 8.5
    endloop
  endfacet
  facet normal 0.95694 0.290286 0
    outer loop
      vertex 34.9564 25.7246 3
      vertex 35.1385 25.1243 8.5
      vertex 35.1385 25.1243 3
    endloop
  endfacet
  facet normal 0.772969 0.634444 0
    outer loop
      vertex 34.6607 26.2778 8.5
      vertex 34.2627 26.7627 3
      vertex 34.2627 26.7627 8.5
    endloop
  endfacet
  facet normal 0.772969 0.634444 0
    outer loop
      vertex 34.2627 26.7627 3
      vertex 34.6607 26.2778 8.5
      vertex 34.6607 26.2778 3
    endloop
  endfacet
  facet normal 0.290286 0.95694 -0
    outer loop
      vertex 33.2246 27.4564 3
      vertex 32.6243 27.6385 8.5
      vertex 33.2246 27.4564 8.5
    endloop
  endfacet
  facet normal 0.290286 0.95694 0
    outer loop
      vertex 32.6243 27.6385 8.5
      vertex 33.2246 27.4564 3
      vertex 32.6243 27.6385 3
    endloop
  endfacet
  facet normal 0.0980358 0.995183 -0
    outer loop
      vertex 32.6243 27.6385 3
      vertex 32 27.7 8.5
      vertex 32.6243 27.6385 8.5
    endloop
  endfacet
  facet normal 0.0980358 0.995183 0
    outer loop
      vertex 32 27.7 8.5
      vertex 32.6243 27.6385 3
      vertex 32 27.7 3
    endloop
  endfacet
  facet normal 0.471407 0.881916 -0
    outer loop
      vertex 33.7778 27.1607 3
      vertex 33.2246 27.4564 8.5
      vertex 33.7778 27.1607 8.5
    endloop
  endfacet
  facet normal 0.471407 0.881916 0
    outer loop
      vertex 33.2246 27.4564 8.5
      vertex 33.7778 27.1607 3
      vertex 33.2246 27.4564 3
    endloop
  endfacet
  facet normal -0.95694 0.290286 0
    outer loop
      vertex 28.8615 25.1243 3
      vertex 29.0436 25.7246 8.5
      vertex 29.0436 25.7246 3
    endloop
  endfacet
  facet normal -0.95694 0.290286 0
    outer loop
      vertex 29.0436 25.7246 8.5
      vertex 28.8615 25.1243 3
      vertex 28.8615 25.1243 8.5
    endloop
  endfacet
  facet normal -0.881916 0.471407 0
    outer loop
      vertex 29.0436 25.7246 3
      vertex 29.3393 26.2778 8.5
      vertex 29.3393 26.2778 3
    endloop
  endfacet
  facet normal -0.881916 0.471407 0
    outer loop
      vertex 29.3393 26.2778 8.5
      vertex 29.0436 25.7246 3
      vertex 29.0436 25.7246 8.5
    endloop
  endfacet
  facet normal -0.995183 0.0980358 0
    outer loop
      vertex 28.8 24.5 3
      vertex 28.8615 25.1243 8.5
      vertex 28.8615 25.1243 3
    endloop
  endfacet
  facet normal -0.995183 0.0980358 0
    outer loop
      vertex 28.8615 25.1243 8.5
      vertex 28.8 24.5 3
      vertex 28.8 24.5 8.5
    endloop
  endfacet
  facet normal 0 0 1
    outer loop
      vertex 33.15 24.5 8.5
      vertex 35.2 24.5 8.5
      vertex 35.1385 25.1243 8.5
    endloop
  endfacet
  facet normal 0 0 1
    outer loop
      vertex 33.1279 24.7244 8.5
      vertex 35.1385 25.1243 8.5
      vertex 34.9564 25.7246 8.5
    endloop
  endfacet
  facet normal 0 0 1
    outer loop
      vertex 35.2 24.5 8.5
      vertex 33.15 24.5 8.5
      vertex 35.1385 23.8757 8.5
    endloop
  endfacet
  facet normal 0 0 1
    outer loop
      vertex 33.0625 24.9401 8.5
      vertex 34.9564 25.7246 8.5
      vertex 34.6607 26.2778 8.5
    endloop
  endfacet
  facet normal -0 0 1
    outer loop
      vertex 33.1279 24.2756 8.5
      vertex 35.1385 23.8757 8.5
      vertex 33.15 24.5 8.5
    endloop
  endfacet
  facet normal 0 0 1
    outer loop
      vertex 32.9562 25.1389 8.5
      vertex 34.6607 26.2778 8.5
      vertex 34.2627 26.7627 8.5
    endloop
  endfacet
  facet normal 0 0 1
    outer loop
      vertex 35.1385 23.8757 8.5
      vertex 33.1279 24.2756 8.5
      vertex 34.9564 23.2754 8.5
    endloop
  endfacet
  facet normal 0 0 1
    outer loop
      vertex 32.8132 25.3132 8.5
      vertex 34.2627 26.7627 8.5
      vertex 33.7778 27.1607 8.5
    endloop
  endfacet
  facet normal -0 0 1
    outer loop
      vertex 33.0625 24.0599 8.5
      vertex 34.9564 23.2754 8.5
      vertex 33.1279 24.2756 8.5
    endloop
  endfacet
  facet normal 0 0 1
    outer loop
      vertex 32.6389 25.4562 8.5
      vertex 33.7778 27.1607 8.5
      vertex 33.2246 27.4564 8.5
    endloop
  endfacet
  facet normal 0 0 1
    outer loop
      vertex 34.9564 23.2754 8.5
      vertex 33.0625 24.0599 8.5
      vertex 34.6607 22.7222 8.5
    endloop
  endfacet
  facet normal -0 0 1
    outer loop
      vertex 32.9562 23.8611 8.5
      vertex 34.6607 22.7222 8.5
      vertex 33.0625 24.0599 8.5
    endloop
  endfacet
  facet normal 0 0 1
    outer loop
      vertex 35.1385 25.1243 8.5
      vertex 33.1279 24.7244 8.5
      vertex 33.15 24.5 8.5
    endloop
  endfacet
  facet normal 0 0 1
    outer loop
      vertex 34.9564 25.7246 8.5
      vertex 33.0625 24.9401 8.5
      vertex 33.1279 24.7244 8.5
    endloop
  endfacet
  facet normal 0 0 1
    outer loop
      vertex 34.6607 26.2778 8.5
      vertex 32.9562 25.1389 8.5
      vertex 33.0625 24.9401 8.5
    endloop
  endfacet
  facet normal 0 0 1
    outer loop
      vertex 34.2627 26.7627 8.5
      vertex 32.8132 25.3132 8.5
      vertex 32.9562 25.1389 8.5
    endloop
  endfacet
  facet normal 0 0 1
    outer loop
      vertex 33.7778 27.1607 8.5
      vertex 32.6389 25.4562 8.5
      vertex 32.8132 25.3132 8.5
    endloop
  endfacet
  facet normal 0 0 1
    outer loop
      vertex 32.4401 25.5625 8.5
      vertex 33.2246 27.4564 8.5
      vertex 32.6243 27.6385 8.5
    endloop
  endfacet
  facet normal 0 0 1
    outer loop
      vertex 33.2246 27.4564 8.5
      vertex 32.4401 25.5625 8.5
      vertex 32.6389 25.4562 8.5
    endloop
  endfacet
  facet normal 0 0 1
    outer loop
      vertex 32.6243 27.6385 8.5
      vertex 32.2244 25.6279 8.5
      vertex 32.4401 25.5625 8.5
    endloop
  endfacet
  facet normal 0 0 1
    outer loop
      vertex 32 27.7 8.5
      vertex 32.2244 25.6279 8.5
      vertex 32.6243 27.6385 8.5
    endloop
  endfacet
  facet normal 0 0 1
    outer loop
      vertex 32 27.7 8.5
      vertex 32 25.65 8.5
      vertex 32.2244 25.6279 8.5
    endloop
  endfacet
  facet normal 0 0 1
    outer loop
      vertex 32 27.7 8.5
      vertex 31.7756 25.6279 8.5
      vertex 32 25.65 8.5
    endloop
  endfacet
  facet normal -0 0 1
    outer loop
      vertex 31.3757 27.6385 8.5
      vertex 31.7756 25.6279 8.5
      vertex 32 27.7 8.5
    endloop
  endfacet
  facet normal 0 0 1
    outer loop
      vertex 31.7756 25.6279 8.5
      vertex 31.3757 27.6385 8.5
      vertex 31.5599 25.5625 8.5
    endloop
  endfacet
  facet normal -0 0 1
    outer loop
      vertex 30.7754 27.4564 8.5
      vertex 31.5599 25.5625 8.5
      vertex 31.3757 27.6385 8.5
    endloop
  endfacet
  facet normal 0 0 1
    outer loop
      vertex 31.5599 25.5625 8.5
      vertex 30.7754 27.4564 8.5
      vertex 31.3611 25.4562 8.5
    endloop
  endfacet
  facet normal -0 0 1
    outer loop
      vertex 30.2222 27.1607 8.5
      vertex 31.3611 25.4562 8.5
      vertex 30.7754 27.4564 8.5
    endloop
  endfacet
  facet normal 0 0 1
    outer loop
      vertex 31.3611 25.4562 8.5
      vertex 30.2222 27.1607 8.5
      vertex 31.1868 25.3132 8.5
    endloop
  endfacet
  facet normal -0 0 1
    outer loop
      vertex 29.7373 26.7627 8.5
      vertex 31.1868 25.3132 8.5
      vertex 30.2222 27.1607 8.5
    endloop
  endfacet
  facet normal -0 0 1
    outer loop
      vertex 29.3393 26.2778 8.5
      vertex 31.0438 25.1389 8.5
      vertex 29.7373 26.7627 8.5
    endloop
  endfacet
  facet normal 0 0 1
    outer loop
      vertex 31.1868 25.3132 8.5
      vertex 29.7373 26.7627 8.5
      vertex 31.0438 25.1389 8.5
    endloop
  endfacet
  facet normal 0 0 1
    outer loop
      vertex 34.6607 22.7222 8.5
      vertex 32.9562 23.8611 8.5
      vertex 34.2627 22.2373 8.5
    endloop
  endfacet
  facet normal -0 0 1
    outer loop
      vertex 32.8132 23.6868 8.5
      vertex 34.2627 22.2373 8.5
      vertex 32.9562 23.8611 8.5
    endloop
  endfacet
  facet normal 0 0 1
    outer loop
      vertex 34.2627 22.2373 8.5
      vertex 32.8132 23.6868 8.5
      vertex 33.7778 21.8393 8.5
    endloop
  endfacet
  facet normal -0 0 1
    outer loop
      vertex 32.6389 23.5438 8.5
      vertex 33.7778 21.8393 8.5
      vertex 32.8132 23.6868 8.5
    endloop
  endfacet
  facet normal 0 0 1
    outer loop
      vertex 33.7778 21.8393 8.5
      vertex 32.6389 23.5438 8.5
      vertex 33.2246 21.5436 8.5
    endloop
  endfacet
  facet normal -0 0 1
    outer loop
      vertex 32.4401 23.4375 8.5
      vertex 33.2246 21.5436 8.5
      vertex 32.6389 23.5438 8.5
    endloop
  endfacet
  facet normal 0 0 1
    outer loop
      vertex 33.2246 21.5436 8.5
      vertex 32.4401 23.4375 8.5
      vertex 32.6243 21.3615 8.5
    endloop
  endfacet
  facet normal -0 0 1
    outer loop
      vertex 32.2244 23.3721 8.5
      vertex 32.6243 21.3615 8.5
      vertex 32.4401 23.4375 8.5
    endloop
  endfacet
  facet normal -0 0 1
    outer loop
      vertex 32 23.35 8.5
      vertex 32.6243 21.3615 8.5
      vertex 32.2244 23.3721 8.5
    endloop
  endfacet
  facet normal 0 0 1
    outer loop
      vertex 32 23.35 8.5
      vertex 32 21.3 8.5
      vertex 32.6243 21.3615 8.5
    endloop
  endfacet
  facet normal 0 0 1
    outer loop
      vertex 31.7756 23.3721 8.5
      vertex 32 21.3 8.5
      vertex 32 23.35 8.5
    endloop
  endfacet
  facet normal 0 0 1
    outer loop
      vertex 31.3757 21.3615 8.5
      vertex 31.7756 23.3721 8.5
      vertex 31.5599 23.4375 8.5
    endloop
  endfacet
  facet normal 0 0 1
    outer loop
      vertex 31.7756 23.3721 8.5
      vertex 31.3757 21.3615 8.5
      vertex 32 21.3 8.5
    endloop
  endfacet
  facet normal 0 0 1
    outer loop
      vertex 30.7754 21.5436 8.5
      vertex 31.5599 23.4375 8.5
      vertex 31.3611 23.5438 8.5
    endloop
  endfacet
  facet normal 0 0 1
    outer loop
      vertex 30.2222 21.8393 8.5
      vertex 31.3611 23.5438 8.5
      vertex 31.1868 23.6868 8.5
    endloop
  endfacet
  facet normal 0 0 1
    outer loop
      vertex 29.7373 22.2373 8.5
      vertex 31.1868 23.6868 8.5
      vertex 31.0438 23.8611 8.5
    endloop
  endfacet
  facet normal 0 0 1
    outer loop
      vertex 29.3393 22.7222 8.5
      vertex 31.0438 23.8611 8.5
      vertex 30.9375 24.0599 8.5
    endloop
  endfacet
  facet normal 0 0 1
    outer loop
      vertex 29.0436 23.2754 8.5
      vertex 30.9375 24.0599 8.5
      vertex 30.8721 24.2756 8.5
    endloop
  endfacet
  facet normal 0 0 1
    outer loop
      vertex 31.5599 23.4375 8.5
      vertex 30.7754 21.5436 8.5
      vertex 31.3757 21.3615 8.5
    endloop
  endfacet
  facet normal 0 0 1
    outer loop
      vertex 28.8615 23.8757 8.5
      vertex 30.8721 24.2756 8.5
      vertex 30.85 24.5 8.5
    endloop
  endfacet
  facet normal 0 0 1
    outer loop
      vertex 31.0438 25.1389 8.5
      vertex 29.3393 26.2778 8.5
      vertex 30.9375 24.9401 8.5
    endloop
  endfacet
  facet normal -0 0 1
    outer loop
      vertex 29.0436 25.7246 8.5
      vertex 30.9375 24.9401 8.5
      vertex 29.3393 26.2778 8.5
    endloop
  endfacet
  facet normal 0 0 1
    outer loop
      vertex 31.3611 23.5438 8.5
      vertex 30.2222 21.8393 8.5
      vertex 30.7754 21.5436 8.5
    endloop
  endfacet
  facet normal 0 0 1
    outer loop
      vertex 30.9375 24.9401 8.5
      vertex 29.0436 25.7246 8.5
      vertex 30.8721 24.7244 8.5
    endloop
  endfacet
  facet normal 0 0 1
    outer loop
      vertex 31.1868 23.6868 8.5
      vertex 29.7373 22.2373 8.5
      vertex 30.2222 21.8393 8.5
    endloop
  endfacet
  facet normal -0 0 1
    outer loop
      vertex 28.8615 25.1243 8.5
      vertex 30.8721 24.7244 8.5
      vertex 29.0436 25.7246 8.5
    endloop
  endfacet
  facet normal 0 0 1
    outer loop
      vertex 31.0438 23.8611 8.5
      vertex 29.3393 22.7222 8.5
      vertex 29.7373 22.2373 8.5
    endloop
  endfacet
  facet normal 0 0 1
    outer loop
      vertex 30.8721 24.7244 8.5
      vertex 28.8615 25.1243 8.5
      vertex 30.85 24.5 8.5
    endloop
  endfacet
  facet normal 0 0 1
    outer loop
      vertex 30.9375 24.0599 8.5
      vertex 29.0436 23.2754 8.5
      vertex 29.3393 22.7222 8.5
    endloop
  endfacet
  facet normal 0 0 1
    outer loop
      vertex 28.8 24.5 8.5
      vertex 30.85 24.5 8.5
      vertex 28.8615 25.1243 8.5
    endloop
  endfacet
  facet normal 0 0 1
    outer loop
      vertex 30.8721 24.2756 8.5
      vertex 28.8615 23.8757 8.5
      vertex 29.0436 23.2754 8.5
    endloop
  endfacet
  facet normal 0 0 1
    outer loop
      vertex 30.85 24.5 8.5
      vertex 28.8 24.5 8.5
      vertex 28.8615 23.8757 8.5
    endloop
  endfacet
  facet normal -0.634444 0.772969 0
    outer loop
      vertex 30.2222 27.1607 3
      vertex 29.7373 26.7627 8.5
      vertex 30.2222 27.1607 8.5
    endloop
  endfacet
  facet normal -0.634444 0.772969 0
    outer loop
      vertex 29.7373 26.7627 8.5
      vertex 30.2222 27.1607 3
      vertex 29.7373 26.7627 3
    endloop
  endfacet
  facet normal -0.290286 0.95694 0
    outer loop
      vertex 31.3757 27.6385 3
      vertex 30.7754 27.4564 8.5
      vertex 31.3757 27.6385 8.5
    endloop
  endfacet
  facet normal -0.290286 0.95694 0
    outer loop
      vertex 30.7754 27.4564 8.5
      vertex 31.3757 27.6385 3
      vertex 30.7754 27.4564 3
    endloop
  endfacet
  facet normal 0.995183 -0.0980358 0
    outer loop
      vertex 35.1385 23.8757 8.5
      vertex 35.2 24.5 3
      vertex 35.2 24.5 8.5
    endloop
  endfacet
  facet normal 0.995183 -0.0980358 0
    outer loop
      vertex 35.2 24.5 3
      vertex 35.1385 23.8757 8.5
      vertex 35.1385 23.8757 3
    endloop
  endfacet
  facet normal 0.881916 -0.471407 0
    outer loop
      vertex 34.6607 22.7222 8.5
      vertex 34.9564 23.2754 3
      vertex 34.9564 23.2754 8.5
    endloop
  endfacet
  facet normal 0.881916 -0.471407 0
    outer loop
      vertex 34.9564 23.2754 3
      vertex 34.6607 22.7222 8.5
      vertex 34.6607 22.7222 3
    endloop
  endfacet
  facet normal -0.0980358 -0.995183 0
    outer loop
      vertex 31.3757 21.3615 3
      vertex 32 21.3 8.5
      vertex 31.3757 21.3615 8.5
    endloop
  endfacet
  facet normal -0.0980358 -0.995183 -0
    outer loop
      vertex 32 21.3 8.5
      vertex 31.3757 21.3615 3
      vertex 32 21.3 3
    endloop
  endfacet
  facet normal -0.995183 -0.0980358 0
    outer loop
      vertex 28.8615 23.8757 3
      vertex 28.8 24.5 8.5
      vertex 28.8 24.5 3
    endloop
  endfacet
  facet normal -0.995183 -0.0980358 0
    outer loop
      vertex 28.8 24.5 8.5
      vertex 28.8615 23.8757 3
      vertex 28.8615 23.8757 8.5
    endloop
  endfacet
  facet normal 0.634444 -0.772969 0
    outer loop
      vertex 33.7778 21.8393 3
      vertex 34.2627 22.2373 8.5
      vertex 33.7778 21.8393 8.5
    endloop
  endfacet
  facet normal 0.634444 -0.772969 0
    outer loop
      vertex 34.2627 22.2373 8.5
      vertex 33.7778 21.8393 3
      vertex 34.2627 22.2373 3
    endloop
  endfacet
  facet normal -0.772969 -0.634444 0
    outer loop
      vertex 29.7373 22.2373 3
      vertex 29.3393 22.7222 8.5
      vertex 29.3393 22.7222 3
    endloop
  endfacet
  facet normal -0.772969 -0.634444 0
    outer loop
      vertex 29.3393 22.7222 8.5
      vertex 29.7373 22.2373 3
      vertex 29.7373 22.2373 8.5
    endloop
  endfacet
  facet normal -0.95694 -0.290286 0
    outer loop
      vertex 29.0436 23.2754 3
      vertex 28.8615 23.8757 8.5
      vertex 28.8615 23.8757 3
    endloop
  endfacet
  facet normal -0.95694 -0.290286 0
    outer loop
      vertex 28.8615 23.8757 8.5
      vertex 29.0436 23.2754 3
      vertex 29.0436 23.2754 8.5
    endloop
  endfacet
  facet normal -0.881916 -0.471407 0
    outer loop
      vertex 29.3393 22.7222 3
      vertex 29.0436 23.2754 8.5
      vertex 29.0436 23.2754 3
    endloop
  endfacet
  facet normal -0.881916 -0.471407 0
    outer loop
      vertex 29.0436 23.2754 8.5
      vertex 29.3393 22.7222 3
      vertex 29.3393 22.7222 8.5
    endloop
  endfacet
  facet normal 0.290286 -0.95694 0
    outer loop
      vertex 32.6243 21.3615 3
      vertex 33.2246 21.5436 8.5
      vertex 32.6243 21.3615 8.5
    endloop
  endfacet
  facet normal 0.290286 -0.95694 0
    outer loop
      vertex 33.2246 21.5436 8.5
      vertex 32.6243 21.3615 3
      vertex 33.2246 21.5436 3
    endloop
  endfacet
  facet normal 0.95694 -0.290286 0
    outer loop
      vertex 34.9564 23.2754 8.5
      vertex 35.1385 23.8757 3
      vertex 35.1385 23.8757 8.5
    endloop
  endfacet
  facet normal 0.95694 -0.290286 0
    outer loop
      vertex 35.1385 23.8757 3
      vertex 34.9564 23.2754 8.5
      vertex 34.9564 23.2754 3
    endloop
  endfacet
  facet normal 0.0980358 -0.995183 0
    outer loop
      vertex 32 21.3 3
      vertex 32.6243 21.3615 8.5
      vertex 32 21.3 8.5
    endloop
  endfacet
  facet normal 0.0980358 -0.995183 0
    outer loop
      vertex 32.6243 21.3615 8.5
      vertex 32 21.3 3
      vertex 32.6243 21.3615 3
    endloop
  endfacet
  facet normal -0.471407 -0.881916 0
    outer loop
      vertex 30.2222 21.8393 3
      vertex 30.7754 21.5436 8.5
      vertex 30.2222 21.8393 8.5
    endloop
  endfacet
  facet normal -0.471407 -0.881916 -0
    outer loop
      vertex 30.7754 21.5436 8.5
      vertex 30.2222 21.8393 3
      vertex 30.7754 21.5436 3
    endloop
  endfacet
  facet normal -0.634444 -0.772969 0
    outer loop
      vertex 29.7373 22.2373 3
      vertex 30.2222 21.8393 8.5
      vertex 29.7373 22.2373 8.5
    endloop
  endfacet
  facet normal -0.634444 -0.772969 -0
    outer loop
      vertex 30.2222 21.8393 8.5
      vertex 29.7373 22.2373 3
      vertex 30.2222 21.8393 3
    endloop
  endfacet
  facet normal 0.471407 -0.881916 0
    outer loop
      vertex 33.2246 21.5436 3
      vertex 33.7778 21.8393 8.5
      vertex 33.2246 21.5436 8.5
    endloop
  endfacet
  facet normal 0.471407 -0.881916 0
    outer loop
      vertex 33.7778 21.8393 8.5
      vertex 33.2246 21.5436 3
      vertex 33.7778 21.8393 3
    endloop
  endfacet
  facet normal 0.772969 -0.634444 0
    outer loop
      vertex 34.2627 22.2373 8.5
      vertex 34.6607 22.7222 3
      vertex 34.6607 22.7222 8.5
    endloop
  endfacet
  facet normal 0.772969 -0.634444 0
    outer loop
      vertex 34.6607 22.7222 3
      vertex 34.2627 22.2373 8.5
      vertex 34.2627 22.2373 3
    endloop
  endfacet
  facet normal -0.290286 -0.95694 0
    outer loop
      vertex 30.7754 21.5436 3
      vertex 31.3757 21.3615 8.5
      vertex 30.7754 21.5436 8.5
    endloop
  endfacet
  facet normal -0.290286 -0.95694 -0
    outer loop
      vertex 31.3757 21.3615 8.5
      vertex 30.7754 21.5436 3
      vertex 31.3757 21.3615 3
    endloop
  endfacet
  facet normal 1 -0 0
    outer loop
      vertex -57.25 -33 5
      vertex -57.25 -29 3
      vertex -57.25 -29 5
    endloop
  endfacet
  facet normal 1 0 0
    outer loop
      vertex -57.25 -29 3
      vertex -57.25 -33 5
      vertex -57.25 -29 2.1
    endloop
  endfacet
  facet normal 1 0 0
    outer loop
      vertex -57.25 -33 0
      vertex -57.25 -29 2.1
      vertex -57.25 -33 5
    endloop
  endfacet
  facet normal 1 0 0
    outer loop
      vertex -57.25 -29 2.1
      vertex -57.25 -33 0
      vertex -57.25 -29 0
    endloop
  endfacet
  facet normal 1 -0 0
    outer loop
      vertex -57.25 28.6969 3
      vertex -57.25 29 2.1
      vertex -57.25 29 3
    endloop
  endfacet
  facet normal 1 -0 0
    outer loop
      vertex -57.25 -28.6969 3
      vertex -57.25 29 2.1
      vertex -57.25 28.6969 3
    endloop
  endfacet
  facet normal 1 0 0
    outer loop
      vertex -57.25 -29 2.1
      vertex -57.25 -28.6969 3
      vertex -57.25 -29 3
    endloop
  endfacet
  facet normal 1 0 0
    outer loop
      vertex -57.25 -28.6969 3
      vertex -57.25 -29 2.1
      vertex -57.25 29 2.1
    endloop
  endfacet
  facet normal 1 0 0
    outer loop
      vertex -57.25 29 3
      vertex -57.25 33 5
      vertex -57.25 29 5
    endloop
  endfacet
  facet normal 1 0 0
    outer loop
      vertex -57.25 29 2.1
      vertex -57.25 33 5
      vertex -57.25 29 3
    endloop
  endfacet
  facet normal 1 0 0
    outer loop
      vertex -57.25 33 5
      vertex -57.25 29 2.1
      vertex -57.25 33 0
    endloop
  endfacet
  facet normal 1 0 0
    outer loop
      vertex -57.25 33 0
      vertex -57.25 29 2.1
      vertex -57.25 29 0
    endloop
  endfacet
  facet normal -0 0 -1
    outer loop
      vertex -56.3241 -32.2634 5
      vertex -57.25 -33 5
      vertex -56.35 -32 5
    endloop
  endfacet
  facet normal -0 0 -1
    outer loop
      vertex -56.2472 -32.5166 5
      vertex -57.25 -33 5
      vertex -56.3241 -32.2634 5
    endloop
  endfacet
  facet normal -0 0 -1
    outer loop
      vertex -56.1225 -32.75 5
      vertex -57.25 -33 5
      vertex -56.2472 -32.5166 5
    endloop
  endfacet
  facet normal -0 0 -1
    outer loop
      vertex -55.9546 -32.9546 5
      vertex -57.25 -33 5
      vertex -56.1225 -32.75 5
    endloop
  endfacet
  facet normal 0 0 -1
    outer loop
      vertex -57.25 -33 5
      vertex -55.9546 -32.9546 5
      vertex -55.8993 -33 5
    endloop
  endfacet
  facet normal 0 0 -1
    outer loop
      vertex -53.65 -32 5
      vertex -51 -32 5
      vertex -51.0769 -32.7804 5
    endloop
  endfacet
  facet normal 0 0 -1
    outer loop
      vertex -53.6759 -32.2634 5
      vertex -51.0769 -32.7804 5
      vertex -51.1435 -33 5
    endloop
  endfacet
  facet normal 0 0 -1
    outer loop
      vertex -51 -32 5
      vertex -53.65 -32 5
      vertex -51.0769 -31.2196 5
    endloop
  endfacet
  facet normal 0 0 -1
    outer loop
      vertex -53.6759 -31.7366 5
      vertex -51.0769 -31.2196 5
      vertex -53.65 -32 5
    endloop
  endfacet
  facet normal 0 0 -1
    outer loop
      vertex -53.7528 -31.4834 5
      vertex -51.3045 -30.4693 5
      vertex -53.6759 -31.7366 5
    endloop
  endfacet
  facet normal -0 0 -1
    outer loop
      vertex -51.3045 -30.4693 5
      vertex -53.7528 -31.4834 5
      vertex -51.6741 -29.7777 5
    endloop
  endfacet
  facet normal -0 0 -1
    outer loop
      vertex -51.0769 -31.2196 5
      vertex -53.6759 -31.7366 5
      vertex -51.3045 -30.4693 5
    endloop
  endfacet
  facet normal 0 0 -1
    outer loop
      vertex -51.0769 -32.7804 5
      vertex -53.6759 -32.2634 5
      vertex -53.65 -32 5
    endloop
  endfacet
  facet normal 0 0 -1
    outer loop
      vertex -51.1435 -33 5
      vertex -53.7528 -32.5166 5
      vertex -53.6759 -32.2634 5
    endloop
  endfacet
  facet normal 0 0 -1
    outer loop
      vertex -51.1435 -33 5
      vertex -53.8775 -32.75 5
      vertex -53.7528 -32.5166 5
    endloop
  endfacet
  facet normal 0 0 -1
    outer loop
      vertex -51.1435 -33 5
      vertex -54.0454 -32.9546 5
      vertex -53.8775 -32.75 5
    endloop
  endfacet
  facet normal 0 -0 -1
    outer loop
      vertex -54.0454 -32.9546 5
      vertex -51.1435 -33 5
      vertex -54.1007 -33 5
    endloop
  endfacet
  facet normal 0 0 -1
    outer loop
      vertex -53.8775 -31.25 5
      vertex -51.6741 -29.7777 5
      vertex -53.7528 -31.4834 5
    endloop
  endfacet
  facet normal -0 0 -1
    outer loop
      vertex -51.6741 -29.7777 5
      vertex -53.8775 -31.25 5
      vertex -52.1716 -29.1716 5
    endloop
  endfacet
  facet normal 0 0 -1
    outer loop
      vertex -54.0454 -31.0454 5
      vertex -52.1716 -29.1716 5
      vertex -53.8775 -31.25 5
    endloop
  endfacet
  facet normal -0 0 -1
    outer loop
      vertex -52.1716 -29.1716 5
      vertex -54.0454 -31.0454 5
      vertex -52.3806 -29 5
    endloop
  endfacet
  facet normal 0 0 -1
    outer loop
      vertex -54.25 -30.8775 5
      vertex -52.3806 -29 5
      vertex -54.0454 -31.0454 5
    endloop
  endfacet
  facet normal 0 0 -1
    outer loop
      vertex -54.4834 -30.7528 5
      vertex -52.3806 -29 5
      vertex -54.25 -30.8775 5
    endloop
  endfacet
  facet normal 0 0 -1
    outer loop
      vertex -54.7366 -30.6759 5
      vertex -52.3806 -29 5
      vertex -54.4834 -30.7528 5
    endloop
  endfacet
  facet normal 0 0 -1
    outer loop
      vertex -55 -30.65 5
      vertex -52.3806 -29 5
      vertex -54.7366 -30.6759 5
    endloop
  endfacet
  facet normal 0 0 -1
    outer loop
      vertex -57.25 -29 5
      vertex -55 -30.65 5
      vertex -55.2634 -30.6759 5
    endloop
  endfacet
  facet normal 0 0 -1
    outer loop
      vertex -57.25 -29 5
      vertex -55.2634 -30.6759 5
      vertex -55.5166 -30.7528 5
    endloop
  endfacet
  facet normal 0 0 -1
    outer loop
      vertex -57.25 -29 5
      vertex -55.5166 -30.7528 5
      vertex -55.75 -30.8775 5
    endloop
  endfacet
  facet normal 0 0 -1
    outer loop
      vertex -57.25 -33 5
      vertex -56.3241 -31.7366 5
      vertex -56.35 -32 5
    endloop
  endfacet
  facet normal 0 0 -1
    outer loop
      vertex -57.25 -29 5
      vertex -56.3241 -31.7366 5
      vertex -57.25 -33 5
    endloop
  endfacet
  facet normal 0 0 -1
    outer loop
      vertex -56.3241 -31.7366 5
      vertex -57.25 -29 5
      vertex -56.2472 -31.4834 5
    endloop
  endfacet
  facet normal 0 0 -1
    outer loop
      vertex -55 -30.65 5
      vertex -57.25 -29 5
      vertex -52.3806 -29 5
    endloop
  endfacet
  facet normal 0 0 -1
    outer loop
      vertex -55.9546 -31.0454 5
      vertex -57.25 -29 5
      vertex -55.75 -30.8775 5
    endloop
  endfacet
  facet normal 0 0 -1
    outer loop
      vertex -56.1225 -31.25 5
      vertex -57.25 -29 5
      vertex -55.9546 -31.0454 5
    endloop
  endfacet
  facet normal 0 0 -1
    outer loop
      vertex -56.2472 -31.4834 5
      vertex -57.25 -29 5
      vertex -56.1225 -31.25 5
    endloop
  endfacet
  facet normal -1 0 0
    outer loop
      vertex -36.75 -29 0
      vertex -36.75 -33 0
      vertex -36.75 -29 2.1
    endloop
  endfacet
  facet normal -1 0 0
    outer loop
      vertex -36.75 29 2.1
      vertex -36.75 33 0
      vertex -36.75 29 0
    endloop
  endfacet
  facet normal -1 0 0
    outer loop
      vertex -36.75 33 0
      vertex -36.75 29 2.1
      vertex -36.75 33 3
    endloop
  endfacet
  facet normal -1 0 0
    outer loop
      vertex -36.75 -29 2.1
      vertex -36.75 33 3
      vertex -36.75 29 2.1
    endloop
  endfacet
  facet normal -1 0 0
    outer loop
      vertex -36.75 -29 2.1
      vertex -36.75 -33 3
      vertex -36.75 33 3
    endloop
  endfacet
  facet normal -1 0 0
    outer loop
      vertex -36.75 -33 3
      vertex -36.75 -29 2.1
      vertex -36.75 -33 0
    endloop
  endfacet
  facet normal 0 -1 0
    outer loop
      vertex -57.25 -29 3
      vertex -52.3806 -29 5
      vertex -57.25 -29 5
    endloop
  endfacet
  facet normal 0 -1 -0
    outer loop
      vertex -52.3806 -29 5
      vertex -57.25 -29 3
      vertex -52.3806 -29 3
    endloop
  endfacet
  facet normal 0 -1 0
    outer loop
      vertex -57.25 -29 0
      vertex -36.75 -29 2.1
      vertex -57.25 -29 2.1
    endloop
  endfacet
  facet normal 0 -1 -0
    outer loop
      vertex -36.75 -29 2.1
      vertex -57.25 -29 0
      vertex -36.75 -29 0
    endloop
  endfacet
  facet normal 0 1 -0
    outer loop
      vertex -36.75 -33 0
      vertex -51.1435 -33 3
      vertex -36.75 -33 3
    endloop
  endfacet
  facet normal 0 1 0
    outer loop
      vertex -51.1435 -33 3
      vertex -57.25 -33 0
      vertex -54.1007 -33 2.5
    endloop
  endfacet
  facet normal 0 1 0
    outer loop
      vertex -57.25 -33 0
      vertex -51.1435 -33 3
      vertex -36.75 -33 0
    endloop
  endfacet
  facet normal 0 1 -0
    outer loop
      vertex -51.1435 -33 3
      vertex -54.1007 -33 5
      vertex -51.1435 -33 5
    endloop
  endfacet
  facet normal 0 1 0
    outer loop
      vertex -54.1007 -33 5
      vertex -51.1435 -33 3
      vertex -54.1007 -33 2.5
    endloop
  endfacet
  facet normal 0 1 -0
    outer loop
      vertex -55.8993 -33 2.5
      vertex -57.25 -33 5
      vertex -55.8993 -33 5
    endloop
  endfacet
  facet normal 0 1 0
    outer loop
      vertex -55.8993 -33 2.5
      vertex -57.25 -33 0
      vertex -57.25 -33 5
    endloop
  endfacet
  facet normal 0 1 0
    outer loop
      vertex -54.1007 -33 2.5
      vertex -57.25 -33 0
      vertex -55.8993 -33 2.5
    endloop
  endfacet
  facet normal 0 0 -1
    outer loop
      vertex -51.0769 31.2196 5
      vertex -53.6759 31.7366 5
      vertex -53.65 32 5
    endloop
  endfacet
  facet normal 0 0 -1
    outer loop
      vertex -52.1716 29.1716 5
      vertex -53.7528 31.4834 5
      vertex -53.6759 31.7366 5
    endloop
  endfacet
  facet normal 0 0 -1
    outer loop
      vertex -52.1716 29.1716 5
      vertex -53.8775 31.25 5
      vertex -53.7528 31.4834 5
    endloop
  endfacet
  facet normal 0 0 -1
    outer loop
      vertex -52.1716 29.1716 5
      vertex -54.0454 31.0454 5
      vertex -53.8775 31.25 5
    endloop
  endfacet
  facet normal 0 0 -1
    outer loop
      vertex -52.3806 29 5
      vertex -54.25 30.8775 5
      vertex -54.0454 31.0454 5
    endloop
  endfacet
  facet normal 0 0 -1
    outer loop
      vertex -52.3806 29 5
      vertex -54.4834 30.7528 5
      vertex -54.25 30.8775 5
    endloop
  endfacet
  facet normal 0 0 -1
    outer loop
      vertex -52.3806 29 5
      vertex -54.7366 30.6759 5
      vertex -54.4834 30.7528 5
    endloop
  endfacet
  facet normal 0 0 -1
    outer loop
      vertex -52.3806 29 5
      vertex -55 30.65 5
      vertex -54.7366 30.6759 5
    endloop
  endfacet
  facet normal 0 0 -1
    outer loop
      vertex -57.25 29 5
      vertex -55 30.65 5
      vertex -52.3806 29 5
    endloop
  endfacet
  facet normal -0 0 -1
    outer loop
      vertex -55 30.65 5
      vertex -57.25 29 5
      vertex -55.2634 30.6759 5
    endloop
  endfacet
  facet normal -0 0 -1
    outer loop
      vertex -55.2634 30.6759 5
      vertex -57.25 29 5
      vertex -55.5166 30.7528 5
    endloop
  endfacet
  facet normal 0 0 -1
    outer loop
      vertex -57.25 33 5
      vertex -56.3241 31.7366 5
      vertex -57.25 29 5
    endloop
  endfacet
  facet normal -0 0 -1
    outer loop
      vertex -56.2472 31.4834 5
      vertex -57.25 29 5
      vertex -56.3241 31.7366 5
    endloop
  endfacet
  facet normal -0 0 -1
    outer loop
      vertex -56.1225 31.25 5
      vertex -57.25 29 5
      vertex -56.2472 31.4834 5
    endloop
  endfacet
  facet normal -0 0 -1
    outer loop
      vertex -55.9546 31.0454 5
      vertex -57.25 29 5
      vertex -56.1225 31.25 5
    endloop
  endfacet
  facet normal -0 0 -1
    outer loop
      vertex -55.75 30.8775 5
      vertex -57.25 29 5
      vertex -55.9546 31.0454 5
    endloop
  endfacet
  facet normal -0 0 -1
    outer loop
      vertex -55.5166 30.7528 5
      vertex -57.25 29 5
      vertex -55.75 30.8775 5
    endloop
  endfacet
  facet normal 0 0 -1
    outer loop
      vertex -53.65 32 5
      vertex -51 32 5
      vertex -51.0769 31.2196 5
    endloop
  endfacet
  facet normal 0 0 -1
    outer loop
      vertex -51 32 5
      vertex -53.65 32 5
      vertex -51.0769 32.7804 5
    endloop
  endfacet
  facet normal 0 0 -1
    outer loop
      vertex -53.6759 31.7366 5
      vertex -51.0769 31.2196 5
      vertex -51.3045 30.4693 5
    endloop
  endfacet
  facet normal 0 0 -1
    outer loop
      vertex -53.6759 31.7366 5
      vertex -51.3045 30.4693 5
      vertex -51.6741 29.7777 5
    endloop
  endfacet
  facet normal 0 0 -1
    outer loop
      vertex -53.6759 31.7366 5
      vertex -51.6741 29.7777 5
      vertex -52.1716 29.1716 5
    endloop
  endfacet
  facet normal 0 0 -1
    outer loop
      vertex -54.0454 31.0454 5
      vertex -52.1716 29.1716 5
      vertex -52.3806 29 5
    endloop
  endfacet
  facet normal 0 0 -1
    outer loop
      vertex -53.6759 32.2634 5
      vertex -51.0769 32.7804 5
      vertex -53.65 32 5
    endloop
  endfacet
  facet normal -0 0 -1
    outer loop
      vertex -51.0769 32.7804 5
      vertex -53.6759 32.2634 5
      vertex -51.1435 33 5
    endloop
  endfacet
  facet normal 0 0 -1
    outer loop
      vertex -53.7528 32.5166 5
      vertex -51.1435 33 5
      vertex -53.6759 32.2634 5
    endloop
  endfacet
  facet normal 0 0 -1
    outer loop
      vertex -53.8775 32.75 5
      vertex -51.1435 33 5
      vertex -53.7528 32.5166 5
    endloop
  endfacet
  facet normal 0 0 -1
    outer loop
      vertex -54.0454 32.9546 5
      vertex -51.1435 33 5
      vertex -53.8775 32.75 5
    endloop
  endfacet
  facet normal -0 0 -1
    outer loop
      vertex -51.1435 33 5
      vertex -54.0454 32.9546 5
      vertex -54.1007 33 5
    endloop
  endfacet
  facet normal 0 0 -1
    outer loop
      vertex -56.3241 31.7366 5
      vertex -57.25 33 5
      vertex -56.35 32 5
    endloop
  endfacet
  facet normal 0 0 -1
    outer loop
      vertex -55.9546 32.9546 5
      vertex -57.25 33 5
      vertex -55.8993 33 5
    endloop
  endfacet
  facet normal 0 0 -1
    outer loop
      vertex -56.1225 32.75 5
      vertex -57.25 33 5
      vertex -55.9546 32.9546 5
    endloop
  endfacet
  facet normal 0 0 -1
    outer loop
      vertex -56.2472 32.5166 5
      vertex -57.25 33 5
      vertex -56.1225 32.75 5
    endloop
  endfacet
  facet normal 0 0 -1
    outer loop
      vertex -56.3241 32.2634 5
      vertex -57.25 33 5
      vertex -56.2472 32.5166 5
    endloop
  endfacet
  facet normal 0 0 -1
    outer loop
      vertex -56.35 32 5
      vertex -57.25 33 5
      vertex -56.3241 32.2634 5
    endloop
  endfacet
  facet normal 0 1 -0
    outer loop
      vertex -52.3806 29 3
      vertex -57.25 29 5
      vertex -52.3806 29 5
    endloop
  endfacet
  facet normal 0 1 0
    outer loop
      vertex -57.25 29 5
      vertex -52.3806 29 3
      vertex -57.25 29 3
    endloop
  endfacet
  facet normal 0 1 -0
    outer loop
      vertex -36.75 29 0
      vertex -57.25 29 2.1
      vertex -36.75 29 2.1
    endloop
  endfacet
  facet normal 0 1 0
    outer loop
      vertex -57.25 29 2.1
      vertex -36.75 29 0
      vertex -57.25 29 0
    endloop
  endfacet
  facet normal 0 -1 0
    outer loop
      vertex -57.25 33 5
      vertex -55.8993 33 2.5
      vertex -55.8993 33 5
    endloop
  endfacet
  facet normal 0 -1 -0
    outer loop
      vertex -55.8993 33 2.5
      vertex -57.25 33 0
      vertex -54.1007 33 2.5
    endloop
  endfacet
  facet normal 0 -1 0
    outer loop
      vertex -57.25 33 0
      vertex -55.8993 33 2.5
      vertex -57.25 33 5
    endloop
  endfacet
  facet normal 0 -1 0
    outer loop
      vertex -54.1007 33 5
      vertex -51.1435 33 3
      vertex -51.1435 33 5
    endloop
  endfacet
  facet normal 0 -1 0
    outer loop
      vertex -54.1007 33 2.5
      vertex -51.1435 33 3
      vertex -54.1007 33 5
    endloop
  endfacet
  facet normal 0 -1 0
    outer loop
      vertex -57.25 33 0
      vertex -51.1435 33 3
      vertex -54.1007 33 2.5
    endloop
  endfacet
  facet normal 0 -1 -0
    outer loop
      vertex -51.1435 33 3
      vertex -57.25 33 0
      vertex -36.75 33 0
    endloop
  endfacet
  facet normal 0 -1 0
    outer loop
      vertex -51.1435 33 3
      vertex -36.75 33 0
      vertex -36.75 33 3
    endloop
  endfacet
  facet normal -0 0 1
    outer loop
      vertex -57.25 29 2.1
      vertex -36.75 -29 2.1
      vertex -36.75 29 2.1
    endloop
  endfacet
  facet normal 0 0 1
    outer loop
      vertex -36.75 -29 2.1
      vertex -57.25 29 2.1
      vertex -57.25 -29 2.1
    endloop
  endfacet
  facet normal 1 0 0
    outer loop
      vertex 36.75 33 3
      vertex 36.75 29 2.1
      vertex 36.75 33 0
    endloop
  endfacet
  facet normal 1 0 0
    outer loop
      vertex 36.75 33 3
      vertex 36.75 -29 2.1
      vertex 36.75 29 2.1
    endloop
  endfacet
  facet normal 1 -0 0
    outer loop
      vertex 36.75 -33 3
      vertex 36.75 -29 2.1
      vertex 36.75 33 3
    endloop
  endfacet
  facet normal 1 0 0
    outer loop
      vertex 36.75 -33 0
      vertex 36.75 -29 2.1
      vertex 36.75 -33 3
    endloop
  endfacet
  facet normal 1 0 0
    outer loop
      vertex 36.75 -29 2.1
      vertex 36.75 -33 0
      vertex 36.75 -29 0
    endloop
  endfacet
  facet normal 1 0 0
    outer loop
      vertex 36.75 33 0
      vertex 36.75 29 2.1
      vertex 36.75 29 0
    endloop
  endfacet
  facet normal 0 0 -1
    outer loop
      vertex 51 -32 5
      vertex 53.65 -32 5
      vertex 53.6759 -32.2634 5
    endloop
  endfacet
  facet normal 0 0 -1
    outer loop
      vertex 51.1435 -33 5
      vertex 53.6759 -32.2634 5
      vertex 53.7528 -32.5166 5
    endloop
  endfacet
  facet normal 0 0 -1
    outer loop
      vertex 53.65 -32 5
      vertex 52.1716 -29.1716 5
      vertex 52.3806 -29 5
    endloop
  endfacet
  facet normal 0 0 -1
    outer loop
      vertex 53.65 -32 5
      vertex 51.6741 -29.7777 5
      vertex 52.1716 -29.1716 5
    endloop
  endfacet
  facet normal 0 0 -1
    outer loop
      vertex 51.1435 -33 5
      vertex 53.7528 -32.5166 5
      vertex 53.8775 -32.75 5
    endloop
  endfacet
  facet normal 0 0 -1
    outer loop
      vertex 53.65 -32 5
      vertex 51.3045 -30.4693 5
      vertex 51.6741 -29.7777 5
    endloop
  endfacet
  facet normal 0 0 -1
    outer loop
      vertex 51.1435 -33 5
      vertex 53.8775 -32.75 5
      vertex 54.0454 -32.9546 5
    endloop
  endfacet
  facet normal 0 0 -1
    outer loop
      vertex 51.1435 -33 5
      vertex 54.0454 -32.9546 5
      vertex 54.1007 -33 5
    endloop
  endfacet
  facet normal 0 0 -1
    outer loop
      vertex 53.6759 -32.2634 5
      vertex 51.1435 -33 5
      vertex 51.0769 -32.7804 5
    endloop
  endfacet
  facet normal -0 0 -1
    outer loop
      vertex 53.6759 -32.2634 5
      vertex 51.0769 -32.7804 5
      vertex 51 -32 5
    endloop
  endfacet
  facet normal 0 0 -1
    outer loop
      vertex 53.65 -32 5
      vertex 51.0769 -31.2196 5
      vertex 51.3045 -30.4693 5
    endloop
  endfacet
  facet normal 0 0 -1
    outer loop
      vertex 53.65 -32 5
      vertex 51 -32 5
      vertex 51.0769 -31.2196 5
    endloop
  endfacet
  facet normal 0 0 -1
    outer loop
      vertex 56.3241 -31.7366 5
      vertex 57.25 -33 5
      vertex 56.35 -32 5
    endloop
  endfacet
  facet normal 0 0 -1
    outer loop
      vertex 57.25 -33 5
      vertex 56.3241 -32.2634 5
      vertex 56.35 -32 5
    endloop
  endfacet
  facet normal 0 0 -1
    outer loop
      vertex 57.25 -33 5
      vertex 56.2472 -32.5166 5
      vertex 56.3241 -32.2634 5
    endloop
  endfacet
  facet normal 0 0 -1
    outer loop
      vertex 57.25 -33 5
      vertex 56.1225 -32.75 5
      vertex 56.2472 -32.5166 5
    endloop
  endfacet
  facet normal 0 0 -1
    outer loop
      vertex 57.25 -33 5
      vertex 55.9546 -32.9546 5
      vertex 56.1225 -32.75 5
    endloop
  endfacet
  facet normal 0 -0 -1
    outer loop
      vertex 55.9546 -32.9546 5
      vertex 57.25 -33 5
      vertex 55.8993 -33 5
    endloop
  endfacet
  facet normal 0 0 -1
    outer loop
      vertex 57.25 -33 5
      vertex 56.3241 -31.7366 5
      vertex 57.25 -29 5
    endloop
  endfacet
  facet normal 0 0 -1
    outer loop
      vertex 56.2472 -31.4834 5
      vertex 57.25 -29 5
      vertex 56.3241 -31.7366 5
    endloop
  endfacet
  facet normal 0 0 -1
    outer loop
      vertex 56.1225 -31.25 5
      vertex 57.25 -29 5
      vertex 56.2472 -31.4834 5
    endloop
  endfacet
  facet normal 0 0 -1
    outer loop
      vertex 55.9546 -31.0454 5
      vertex 57.25 -29 5
      vertex 56.1225 -31.25 5
    endloop
  endfacet
  facet normal 0 0 -1
    outer loop
      vertex 55.75 -30.8775 5
      vertex 57.25 -29 5
      vertex 55.9546 -31.0454 5
    endloop
  endfacet
  facet normal 0 0 -1
    outer loop
      vertex 55.5166 -30.7528 5
      vertex 57.25 -29 5
      vertex 55.75 -30.8775 5
    endloop
  endfacet
  facet normal 0 0 -1
    outer loop
      vertex 55.2634 -30.6759 5
      vertex 57.25 -29 5
      vertex 55.5166 -30.7528 5
    endloop
  endfacet
  facet normal 0 0 -1
    outer loop
      vertex 55 -30.65 5
      vertex 57.25 -29 5
      vertex 55.2634 -30.6759 5
    endloop
  endfacet
  facet normal 0 0 -1
    outer loop
      vertex 52.3806 -29 5
      vertex 55 -30.65 5
      vertex 54.7366 -30.6759 5
    endloop
  endfacet
  facet normal 0 0 -1
    outer loop
      vertex 52.3806 -29 5
      vertex 54.7366 -30.6759 5
      vertex 54.4834 -30.7528 5
    endloop
  endfacet
  facet normal 0 0 -1
    outer loop
      vertex 52.3806 -29 5
      vertex 54.4834 -30.7528 5
      vertex 54.25 -30.8775 5
    endloop
  endfacet
  facet normal 0 0 -1
    outer loop
      vertex 55 -30.65 5
      vertex 52.3806 -29 5
      vertex 57.25 -29 5
    endloop
  endfacet
  facet normal 0 0 -1
    outer loop
      vertex 54.0454 -31.0454 5
      vertex 52.3806 -29 5
      vertex 54.25 -30.8775 5
    endloop
  endfacet
  facet normal 0 0 -1
    outer loop
      vertex 53.8775 -31.25 5
      vertex 52.3806 -29 5
      vertex 54.0454 -31.0454 5
    endloop
  endfacet
  facet normal 0 0 -1
    outer loop
      vertex 53.7528 -31.4834 5
      vertex 52.3806 -29 5
      vertex 53.8775 -31.25 5
    endloop
  endfacet
  facet normal 0 0 -1
    outer loop
      vertex 53.6759 -31.7366 5
      vertex 52.3806 -29 5
      vertex 53.7528 -31.4834 5
    endloop
  endfacet
  facet normal 0 0 -1
    outer loop
      vertex 52.3806 -29 5
      vertex 53.6759 -31.7366 5
      vertex 53.65 -32 5
    endloop
  endfacet
  facet normal -1 0 0
    outer loop
      vertex 57.25 -33 0
      vertex 57.25 -29 2.1
      vertex 57.25 -29 0
    endloop
  endfacet
  facet normal -1 0 0
    outer loop
      vertex 57.25 -33 5
      vertex 57.25 -29 2.1
      vertex 57.25 -33 0
    endloop
  endfacet
  facet normal -1 0 0
    outer loop
      vertex 57.25 -29 2.1
      vertex 57.25 -33 5
      vertex 57.25 -29 3
    endloop
  endfacet
  facet normal -1 0 0
    outer loop
      vertex 57.25 -29 3
      vertex 57.25 -33 5
      vertex 57.25 -29 5
    endloop
  endfacet
  facet normal -1 0 0
    outer loop
      vertex 57.25 29 2.1
      vertex 57.25 28.6969 3
      vertex 57.25 29 3
    endloop
  endfacet
  facet normal -1 0 0
    outer loop
      vertex 57.25 29 2.1
      vertex 57.25 -28.6969 3
      vertex 57.25 28.6969 3
    endloop
  endfacet
  facet normal -1 0 0
    outer loop
      vertex 57.25 -29 2.1
      vertex 57.25 -28.6969 3
      vertex 57.25 29 2.1
    endloop
  endfacet
  facet normal -1 -0 0
    outer loop
      vertex 57.25 -28.6969 3
      vertex 57.25 -29 2.1
      vertex 57.25 -29 3
    endloop
  endfacet
  facet normal -1 0 0
    outer loop
      vertex 57.25 29 2.1
      vertex 57.25 33 0
      vertex 57.25 29 0
    endloop
  endfacet
  facet normal -1 0 0
    outer loop
      vertex 57.25 33 0
      vertex 57.25 29 2.1
      vertex 57.25 33 5
    endloop
  endfacet
  facet normal -1 0 0
    outer loop
      vertex 57.25 29 3
      vertex 57.25 33 5
      vertex 57.25 29 2.1
    endloop
  endfacet
  facet normal -1 -0 0
    outer loop
      vertex 57.25 33 5
      vertex 57.25 29 3
      vertex 57.25 29 5
    endloop
  endfacet
  facet normal 0 -1 0
    outer loop
      vertex 52.3806 -29 3
      vertex 57.25 -29 5
      vertex 52.3806 -29 5
    endloop
  endfacet
  facet normal 0 -1 -0
    outer loop
      vertex 57.25 -29 5
      vertex 52.3806 -29 3
      vertex 57.25 -29 3
    endloop
  endfacet
  facet normal 0 -1 0
    outer loop
      vertex 36.75 -29 0
      vertex 57.25 -29 2.1
      vertex 36.75 -29 2.1
    endloop
  endfacet
  facet normal 0 -1 -0
    outer loop
      vertex 57.25 -29 2.1
      vertex 36.75 -29 0
      vertex 57.25 -29 0
    endloop
  endfacet
  facet normal 0 1 0
    outer loop
      vertex 57.25 -33 5
      vertex 55.8993 -33 2.5
      vertex 55.8993 -33 5
    endloop
  endfacet
  facet normal 0 1 0
    outer loop
      vertex 55.8993 -33 2.5
      vertex 57.25 -33 0
      vertex 54.1007 -33 2.5
    endloop
  endfacet
  facet normal 0 1 -0
    outer loop
      vertex 57.25 -33 0
      vertex 55.8993 -33 2.5
      vertex 57.25 -33 5
    endloop
  endfacet
  facet normal 0 1 0
    outer loop
      vertex 54.1007 -33 5
      vertex 51.1435 -33 3
      vertex 51.1435 -33 5
    endloop
  endfacet
  facet normal 0 1 -0
    outer loop
      vertex 54.1007 -33 2.5
      vertex 51.1435 -33 3
      vertex 54.1007 -33 5
    endloop
  endfacet
  facet normal 0 1 0
    outer loop
      vertex 57.25 -33 0
      vertex 51.1435 -33 3
      vertex 54.1007 -33 2.5
    endloop
  endfacet
  facet normal 0 1 0
    outer loop
      vertex 51.1435 -33 3
      vertex 57.25 -33 0
      vertex 36.75 -33 0
    endloop
  endfacet
  facet normal 0 1 0
    outer loop
      vertex 51.1435 -33 3
      vertex 36.75 -33 0
      vertex 36.75 -33 3
    endloop
  endfacet
  facet normal 0 0 -1
    outer loop
      vertex 56.3241 31.7366 5
      vertex 57.25 33 5
      vertex 57.25 29 5
    endloop
  endfacet
  facet normal 0 0 -1
    outer loop
      vertex 57.25 33 5
      vertex 56.3241 31.7366 5
      vertex 56.35 32 5
    endloop
  endfacet
  facet normal 0 0 -1
    outer loop
      vertex 57.25 29 5
      vertex 56.2472 31.4834 5
      vertex 56.3241 31.7366 5
    endloop
  endfacet
  facet normal 0 0 -1
    outer loop
      vertex 57.25 29 5
      vertex 56.1225 31.25 5
      vertex 56.2472 31.4834 5
    endloop
  endfacet
  facet normal 0 0 -1
    outer loop
      vertex 57.25 29 5
      vertex 55.9546 31.0454 5
      vertex 56.1225 31.25 5
    endloop
  endfacet
  facet normal 0 0 -1
    outer loop
      vertex 57.25 29 5
      vertex 55.75 30.8775 5
      vertex 55.9546 31.0454 5
    endloop
  endfacet
  facet normal 0 0 -1
    outer loop
      vertex 57.25 29 5
      vertex 55.5166 30.7528 5
      vertex 55.75 30.8775 5
    endloop
  endfacet
  facet normal 0 0 -1
    outer loop
      vertex 57.25 29 5
      vertex 55.2634 30.6759 5
      vertex 55.5166 30.7528 5
    endloop
  endfacet
  facet normal 0 0 -1
    outer loop
      vertex 57.25 29 5
      vertex 55 30.65 5
      vertex 55.2634 30.6759 5
    endloop
  endfacet
  facet normal 0 0 -1
    outer loop
      vertex 52.3806 29 5
      vertex 55 30.65 5
      vertex 57.25 29 5
    endloop
  endfacet
  facet normal -0 0 -1
    outer loop
      vertex 55 30.65 5
      vertex 52.3806 29 5
      vertex 54.7366 30.6759 5
    endloop
  endfacet
  facet normal -0 0 -1
    outer loop
      vertex 54.7366 30.6759 5
      vertex 52.3806 29 5
      vertex 54.4834 30.7528 5
    endloop
  endfacet
  facet normal -0 0 -1
    outer loop
      vertex 53.8775 31.25 5
      vertex 51.6741 29.7777 5
      vertex 53.7528 31.4834 5
    endloop
  endfacet
  facet normal 0 0 -1
    outer loop
      vertex 51.6741 29.7777 5
      vertex 53.8775 31.25 5
      vertex 52.1716 29.1716 5
    endloop
  endfacet
  facet normal -0 0 -1
    outer loop
      vertex 54.0454 31.0454 5
      vertex 52.1716 29.1716 5
      vertex 53.8775 31.25 5
    endloop
  endfacet
  facet normal 0 0 -1
    outer loop
      vertex 52.1716 29.1716 5
      vertex 54.0454 31.0454 5
      vertex 52.3806 29 5
    endloop
  endfacet
  facet normal -0 0 -1
    outer loop
      vertex 54.25 30.8775 5
      vertex 52.3806 29 5
      vertex 54.0454 31.0454 5
    endloop
  endfacet
  facet normal -0 0 -1
    outer loop
      vertex 54.4834 30.7528 5
      vertex 52.3806 29 5
      vertex 54.25 30.8775 5
    endloop
  endfacet
  facet normal 0 0 -1
    outer loop
      vertex 56.3241 32.2634 5
      vertex 57.25 33 5
      vertex 56.35 32 5
    endloop
  endfacet
  facet normal 0 0 -1
    outer loop
      vertex 56.2472 32.5166 5
      vertex 57.25 33 5
      vertex 56.3241 32.2634 5
    endloop
  endfacet
  facet normal 0 0 -1
    outer loop
      vertex 56.1225 32.75 5
      vertex 57.25 33 5
      vertex 56.2472 32.5166 5
    endloop
  endfacet
  facet normal 0 0 -1
    outer loop
      vertex 55.9546 32.9546 5
      vertex 57.25 33 5
      vertex 56.1225 32.75 5
    endloop
  endfacet
  facet normal -0 0 -1
    outer loop
      vertex 57.25 33 5
      vertex 55.9546 32.9546 5
      vertex 55.8993 33 5
    endloop
  endfacet
  facet normal 0 0 -1
    outer loop
      vertex 51.3045 30.4693 5
      vertex 53.7528 31.4834 5
      vertex 51.6741 29.7777 5
    endloop
  endfacet
  facet normal -0 0 -1
    outer loop
      vertex 53.7528 31.4834 5
      vertex 51.3045 30.4693 5
      vertex 53.6759 31.7366 5
    endloop
  endfacet
  facet normal 0 0 -1
    outer loop
      vertex 51.0769 31.2196 5
      vertex 53.6759 31.7366 5
      vertex 51.3045 30.4693 5
    endloop
  endfacet
  facet normal -0 0 -1
    outer loop
      vertex 53.6759 31.7366 5
      vertex 51.0769 31.2196 5
      vertex 53.65 32 5
    endloop
  endfacet
  facet normal 0 0 -1
    outer loop
      vertex 51 32 5
      vertex 53.65 32 5
      vertex 51.0769 31.2196 5
    endloop
  endfacet
  facet normal 0 0 -1
    outer loop
      vertex 53.65 32 5
      vertex 51 32 5
      vertex 53.6759 32.2634 5
    endloop
  endfacet
  facet normal 0 -0 -1
    outer loop
      vertex 51.0769 32.7804 5
      vertex 53.6759 32.2634 5
      vertex 51 32 5
    endloop
  endfacet
  facet normal 0 0 -1
    outer loop
      vertex 54.0454 32.9546 5
      vertex 51.1435 33 5
      vertex 54.1007 33 5
    endloop
  endfacet
  facet normal 0 -0 -1
    outer loop
      vertex 51.1435 33 5
      vertex 53.6759 32.2634 5
      vertex 51.0769 32.7804 5
    endloop
  endfacet
  facet normal 0 0 -1
    outer loop
      vertex 53.6759 32.2634 5
      vertex 51.1435 33 5
      vertex 53.7528 32.5166 5
    endloop
  endfacet
  facet normal 0 0 -1
    outer loop
      vertex 53.7528 32.5166 5
      vertex 51.1435 33 5
      vertex 53.8775 32.75 5
    endloop
  endfacet
  facet normal 0 0 -1
    outer loop
      vertex 53.8775 32.75 5
      vertex 51.1435 33 5
      vertex 54.0454 32.9546 5
    endloop
  endfacet
  facet normal 0 1 -0
    outer loop
      vertex 57.25 29 0
      vertex 36.75 29 2.1
      vertex 57.25 29 2.1
    endloop
  endfacet
  facet normal 0 1 0
    outer loop
      vertex 36.75 29 2.1
      vertex 57.25 29 0
      vertex 36.75 29 0
    endloop
  endfacet
  facet normal 0 1 -0
    outer loop
      vertex 57.25 29 3
      vertex 52.3806 29 5
      vertex 57.25 29 5
    endloop
  endfacet
  facet normal 0 1 0
    outer loop
      vertex 52.3806 29 5
      vertex 57.25 29 3
      vertex 52.3806 29 3
    endloop
  endfacet
  facet normal 0 -1 0
    outer loop
      vertex 36.75 33 0
      vertex 51.1435 33 3
      vertex 36.75 33 3
    endloop
  endfacet
  facet normal 0 -1 0
    outer loop
      vertex 51.1435 33 3
      vertex 57.25 33 0
      vertex 54.1007 33 2.5
    endloop
  endfacet
  facet normal 0 -1 0
    outer loop
      vertex 57.25 33 0
      vertex 51.1435 33 3
      vertex 36.75 33 0
    endloop
  endfacet
  facet normal 0 -1 0
    outer loop
      vertex 51.1435 33 3
      vertex 54.1007 33 5
      vertex 51.1435 33 5
    endloop
  endfacet
  facet normal 0 -1 -0
    outer loop
      vertex 54.1007 33 5
      vertex 51.1435 33 3
      vertex 54.1007 33 2.5
    endloop
  endfacet
  facet normal 0 -1 0
    outer loop
      vertex 55.8993 33 2.5
      vertex 57.25 33 5
      vertex 55.8993 33 5
    endloop
  endfacet
  facet normal 0 -1 0
    outer loop
      vertex 55.8993 33 2.5
      vertex 57.25 33 0
      vertex 57.25 33 5
    endloop
  endfacet
  facet normal 0 -1 0
    outer loop
      vertex 54.1007 33 2.5
      vertex 57.25 33 0
      vertex 55.8993 33 2.5
    endloop
  endfacet
  facet normal -0 0 1
    outer loop
      vertex 36.75 29 2.1
      vertex 57.25 -29 2.1
      vertex 57.25 29 2.1
    endloop
  endfacet
  facet normal 0 0 1
    outer loop
      vertex 57.25 -29 2.1
      vertex 36.75 29 2.1
      vertex 36.75 -29 2.1
    endloop
  endfacet
  facet normal -0.9952 -0.0978576 0
    outer loop
      vertex -53.65 -32 5
      vertex -53.6759 -31.7366 34
      vertex -53.6759 -31.7366 5
    endloop
  endfacet
  facet normal -0.9952 -0.0978576 0
    outer loop
      vertex -53.6759 -31.7366 34
      vertex -53.65 -32 5
      vertex -53.65 -32 34
    endloop
  endfacet
  facet normal 0.9952 -0.0978576 0
    outer loop
      vertex -56.35 -32 34
      vertex -56.3241 -31.7366 5
      vertex -56.3241 -31.7366 34
    endloop
  endfacet
  facet normal 0.9952 -0.0978576 0
    outer loop
      vertex -56.3241 -31.7366 5
      vertex -56.35 -32 34
      vertex -56.35 -32 5
    endloop
  endfacet
  facet normal -0.0978576 -0.9952 0
    outer loop
      vertex -55 -30.65 5
      vertex -54.7366 -30.6759 34
      vertex -55 -30.65 34
    endloop
  endfacet
  facet normal -0.0978576 -0.9952 -0
    outer loop
      vertex -54.7366 -30.6759 34
      vertex -55 -30.65 5
      vertex -54.7366 -30.6759 5
    endloop
  endfacet
  facet normal -0.0978576 0.9952 0
    outer loop
      vertex -54.7366 -33.3241 2.5
      vertex -55 -33.35 34
      vertex -54.7366 -33.3241 34
    endloop
  endfacet
  facet normal -0.0978576 0.9952 0
    outer loop
      vertex -55 -33.35 34
      vertex -54.7366 -33.3241 2.5
      vertex -55 -33.35 2.5
    endloop
  endfacet
  facet normal -0.773031 -0.634369 0
    outer loop
      vertex -53.8775 -31.25 5
      vertex -54.0454 -31.0454 34
      vertex -54.0454 -31.0454 5
    endloop
  endfacet
  facet normal -0.773031 -0.634369 0
    outer loop
      vertex -54.0454 -31.0454 34
      vertex -53.8775 -31.25 5
      vertex -53.8775 -31.25 34
    endloop
  endfacet
  facet normal -0.956843 -0.290605 0
    outer loop
      vertex -53.6759 -31.7366 5
      vertex -53.7528 -31.4834 34
      vertex -53.7528 -31.4834 5
    endloop
  endfacet
  facet normal -0.956843 -0.290605 0
    outer loop
      vertex -53.7528 -31.4834 34
      vertex -53.6759 -31.7366 5
      vertex -53.6759 -31.7366 34
    endloop
  endfacet
  facet normal 0.634369 -0.773031 0
    outer loop
      vertex -55.9546 -31.0454 5
      vertex -55.75 -30.8775 34
      vertex -55.9546 -31.0454 34
    endloop
  endfacet
  facet normal 0.634369 -0.773031 0
    outer loop
      vertex -55.75 -30.8775 34
      vertex -55.9546 -31.0454 5
      vertex -55.75 -30.8775 5
    endloop
  endfacet
  facet normal 0.290605 -0.956843 0
    outer loop
      vertex -55.5166 -30.7528 5
      vertex -55.2634 -30.6759 34
      vertex -55.5166 -30.7528 34
    endloop
  endfacet
  facet normal 0.290605 -0.956843 0
    outer loop
      vertex -55.2634 -30.6759 34
      vertex -55.5166 -30.7528 5
      vertex -55.2634 -30.6759 5
    endloop
  endfacet
  facet normal -0.882007 0.471235 0
    outer loop
      vertex -53.8775 -32.75 5
      vertex -53.7528 -32.5166 34
      vertex -53.7528 -32.5166 5
    endloop
  endfacet
  facet normal -0.882007 0.471235 0
    outer loop
      vertex -53.7528 -32.5166 34
      vertex -53.8775 -32.75 5
      vertex -53.8775 -32.75 34
    endloop
  endfacet
  facet normal -0.882007 -0.471235 0
    outer loop
      vertex -53.7528 -31.4834 5
      vertex -53.8775 -31.25 34
      vertex -53.8775 -31.25 5
    endloop
  endfacet
  facet normal -0.882007 -0.471235 0
    outer loop
      vertex -53.8775 -31.25 34
      vertex -53.7528 -31.4834 5
      vertex -53.7528 -31.4834 34
    endloop
  endfacet
  facet normal -0.471235 -0.882007 0
    outer loop
      vertex -54.4834 -30.7528 5
      vertex -54.25 -30.8775 34
      vertex -54.4834 -30.7528 34
    endloop
  endfacet
  facet normal -0.471235 -0.882007 -0
    outer loop
      vertex -54.25 -30.8775 34
      vertex -54.4834 -30.7528 5
      vertex -54.25 -30.8775 5
    endloop
  endfacet
  facet normal -0.290605 -0.956843 0
    outer loop
      vertex -54.7366 -30.6759 5
      vertex -54.4834 -30.7528 34
      vertex -54.7366 -30.6759 34
    endloop
  endfacet
  facet normal -0.290605 -0.956843 -0
    outer loop
      vertex -54.4834 -30.7528 34
      vertex -54.7366 -30.6759 5
      vertex -54.4834 -30.7528 5
    endloop
  endfacet
  facet normal -0.634369 -0.773031 0
    outer loop
      vertex -54.25 -30.8775 5
      vertex -54.0454 -31.0454 34
      vertex -54.25 -30.8775 34
    endloop
  endfacet
  facet normal -0.634369 -0.773031 -0
    outer loop
      vertex -54.0454 -31.0454 34
      vertex -54.25 -30.8775 5
      vertex -54.0454 -31.0454 5
    endloop
  endfacet
  facet normal 0.882007 -0.471235 0
    outer loop
      vertex -56.2472 -31.4834 34
      vertex -56.1225 -31.25 5
      vertex -56.1225 -31.25 34
    endloop
  endfacet
  facet normal 0.882007 -0.471235 0
    outer loop
      vertex -56.1225 -31.25 5
      vertex -56.2472 -31.4834 34
      vertex -56.2472 -31.4834 5
    endloop
  endfacet
  facet normal 0.773031 -0.634369 0
    outer loop
      vertex -56.1225 -31.25 34
      vertex -55.9546 -31.0454 5
      vertex -55.9546 -31.0454 34
    endloop
  endfacet
  facet normal 0.773031 -0.634369 0
    outer loop
      vertex -55.9546 -31.0454 5
      vertex -56.1225 -31.25 34
      vertex -56.1225 -31.25 5
    endloop
  endfacet
  facet normal 0.956843 -0.290605 0
    outer loop
      vertex -56.3241 -31.7366 34
      vertex -56.2472 -31.4834 5
      vertex -56.2472 -31.4834 34
    endloop
  endfacet
  facet normal 0.956843 -0.290605 0
    outer loop
      vertex -56.2472 -31.4834 5
      vertex -56.3241 -31.7366 34
      vertex -56.3241 -31.7366 5
    endloop
  endfacet
  facet normal 0.471235 -0.882007 0
    outer loop
      vertex -55.75 -30.8775 5
      vertex -55.5166 -30.7528 34
      vertex -55.75 -30.8775 34
    endloop
  endfacet
  facet normal 0.471235 -0.882007 0
    outer loop
      vertex -55.5166 -30.7528 34
      vertex -55.75 -30.8775 5
      vertex -55.5166 -30.7528 5
    endloop
  endfacet
  facet normal 0.0978576 -0.9952 0
    outer loop
      vertex -55.2634 -30.6759 5
      vertex -55 -30.65 34
      vertex -55.2634 -30.6759 34
    endloop
  endfacet
  facet normal 0.0978576 -0.9952 0
    outer loop
      vertex -55 -30.65 34
      vertex -55.2634 -30.6759 5
      vertex -55 -30.65 5
    endloop
  endfacet
  facet normal -0.9952 0.0978576 0
    outer loop
      vertex -53.6759 -32.2634 5
      vertex -53.65 -32 34
      vertex -53.65 -32 5
    endloop
  endfacet
  facet normal -0.9952 0.0978576 0
    outer loop
      vertex -53.65 -32 34
      vertex -53.6759 -32.2634 5
      vertex -53.6759 -32.2634 34
    endloop
  endfacet
  facet normal 0 0 1
    outer loop
      vertex -54.1007 -33 2.5
      vertex -54.4834 -33.2472 2.5
      vertex -54.25 -33.1225 2.5
    endloop
  endfacet
  facet normal 0 0 1
    outer loop
      vertex -54.1007 -33 2.5
      vertex -54.7366 -33.3241 2.5
      vertex -54.4834 -33.2472 2.5
    endloop
  endfacet
  facet normal 0 0 1
    outer loop
      vertex -54.1007 -33 2.5
      vertex -55 -33.35 2.5
      vertex -54.7366 -33.3241 2.5
    endloop
  endfacet
  facet normal 0 0 1
    outer loop
      vertex -54.1007 -33 2.5
      vertex -55.2634 -33.3241 2.5
      vertex -55 -33.35 2.5
    endloop
  endfacet
  facet normal 0 0 1
    outer loop
      vertex -54.1007 -33 2.5
      vertex -55.5166 -33.2472 2.5
      vertex -55.2634 -33.3241 2.5
    endloop
  endfacet
  facet normal -0 0 1
    outer loop
      vertex -55.8993 -33 2.5
      vertex -55.5166 -33.2472 2.5
      vertex -54.1007 -33 2.5
    endloop
  endfacet
  facet normal 0 0 1
    outer loop
      vertex -55.5166 -33.2472 2.5
      vertex -55.8993 -33 2.5
      vertex -55.75 -33.1225 2.5
    endloop
  endfacet
  facet normal -0.290605 0.956843 0
    outer loop
      vertex -54.4834 -33.2472 2.5
      vertex -54.7366 -33.3241 34
      vertex -54.4834 -33.2472 34
    endloop
  endfacet
  facet normal -0.290605 0.956843 0
    outer loop
      vertex -54.7366 -33.3241 34
      vertex -54.4834 -33.2472 2.5
      vertex -54.7366 -33.3241 2.5
    endloop
  endfacet
  facet normal -0.634369 0.773031 0
    outer loop
      vertex -54.0454 -32.9546 5
      vertex -54.25 -33.1225 34
      vertex -54.0454 -32.9546 34
    endloop
  endfacet
  facet normal -0.634531 0.772898 -1.91333e-06
    outer loop
      vertex -54.1007 -33 5
      vertex -54.25 -33.1225 34
      vertex -54.0454 -32.9546 5
    endloop
  endfacet
  facet normal -0.634309 0.77308 0
    outer loop
      vertex -54.25 -33.1225 2.5
      vertex -54.1007 -33 5
      vertex -54.1007 -33 2.5
    endloop
  endfacet
  facet normal -0.634309 0.77308 0
    outer loop
      vertex -54.1007 -33 5
      vertex -54.25 -33.1225 2.5
      vertex -54.25 -33.1225 34
    endloop
  endfacet
  facet normal -0.773031 0.634369 0
    outer loop
      vertex -54.0454 -32.9546 5
      vertex -53.8775 -32.75 34
      vertex -53.8775 -32.75 5
    endloop
  endfacet
  facet normal -0.773031 0.634369 0
    outer loop
      vertex -53.8775 -32.75 34
      vertex -54.0454 -32.9546 5
      vertex -54.0454 -32.9546 34
    endloop
  endfacet
  facet normal -0.956843 0.290605 0
    outer loop
      vertex -53.7528 -32.5166 5
      vertex -53.6759 -32.2634 34
      vertex -53.6759 -32.2634 5
    endloop
  endfacet
  facet normal -0.956843 0.290605 0
    outer loop
      vertex -53.6759 -32.2634 34
      vertex -53.7528 -32.5166 5
      vertex -53.7528 -32.5166 34
    endloop
  endfacet
  facet normal 0.634369 0.773031 -5.1723e-07
    outer loop
      vertex -55.75 -33.1225 34
      vertex -55.8993 -33 5
      vertex -55.9546 -32.9546 34
    endloop
  endfacet
  facet normal 0.634309 0.77308 -0
    outer loop
      vertex -55.75 -33.1225 2.5
      vertex -55.8993 -33 5
      vertex -55.75 -33.1225 34
    endloop
  endfacet
  facet normal 0.634309 0.77308 0
    outer loop
      vertex -55.8993 -33 5
      vertex -55.75 -33.1225 2.5
      vertex -55.8993 -33 2.5
    endloop
  endfacet
  facet normal 0.634531 0.772898 0
    outer loop
      vertex -55.9546 -32.9546 34
      vertex -55.8993 -33 5
      vertex -55.9546 -32.9546 5
    endloop
  endfacet
  facet normal 0.882007 0.471235 0
    outer loop
      vertex -56.1225 -32.75 34
      vertex -56.2472 -32.5166 5
      vertex -56.2472 -32.5166 34
    endloop
  endfacet
  facet normal 0.882007 0.471235 0
    outer loop
      vertex -56.2472 -32.5166 5
      vertex -56.1225 -32.75 34
      vertex -56.1225 -32.75 5
    endloop
  endfacet
  facet normal 0.773031 0.634369 0
    outer loop
      vertex -55.9546 -32.9546 34
      vertex -56.1225 -32.75 5
      vertex -56.1225 -32.75 34
    endloop
  endfacet
  facet normal 0.773031 0.634369 0
    outer loop
      vertex -56.1225 -32.75 5
      vertex -55.9546 -32.9546 34
      vertex -55.9546 -32.9546 5
    endloop
  endfacet
  facet normal 0.9952 0.0978576 0
    outer loop
      vertex -56.3241 -32.2634 34
      vertex -56.35 -32 5
      vertex -56.35 -32 34
    endloop
  endfacet
  facet normal 0.9952 0.0978576 0
    outer loop
      vertex -56.35 -32 5
      vertex -56.3241 -32.2634 34
      vertex -56.3241 -32.2634 5
    endloop
  endfacet
  facet normal -0.471235 0.882007 0
    outer loop
      vertex -54.25 -33.1225 2.5
      vertex -54.4834 -33.2472 34
      vertex -54.25 -33.1225 34
    endloop
  endfacet
  facet normal -0.471235 0.882007 0
    outer loop
      vertex -54.4834 -33.2472 34
      vertex -54.25 -33.1225 2.5
      vertex -54.4834 -33.2472 2.5
    endloop
  endfacet
  facet normal 0.290605 0.956843 -0
    outer loop
      vertex -55.2634 -33.3241 2.5
      vertex -55.5166 -33.2472 34
      vertex -55.2634 -33.3241 34
    endloop
  endfacet
  facet normal 0.290605 0.956843 0
    outer loop
      vertex -55.5166 -33.2472 34
      vertex -55.2634 -33.3241 2.5
      vertex -55.5166 -33.2472 2.5
    endloop
  endfacet
  facet normal 0.956843 0.290605 0
    outer loop
      vertex -56.2472 -32.5166 34
      vertex -56.3241 -32.2634 5
      vertex -56.3241 -32.2634 34
    endloop
  endfacet
  facet normal 0.956843 0.290605 0
    outer loop
      vertex -56.3241 -32.2634 5
      vertex -56.2472 -32.5166 34
      vertex -56.2472 -32.5166 5
    endloop
  endfacet
  facet normal 0.0978576 0.9952 -0
    outer loop
      vertex -55 -33.35 2.5
      vertex -55.2634 -33.3241 34
      vertex -55 -33.35 34
    endloop
  endfacet
  facet normal 0.0978576 0.9952 0
    outer loop
      vertex -55.2634 -33.3241 34
      vertex -55 -33.35 2.5
      vertex -55.2634 -33.3241 2.5
    endloop
  endfacet
  facet normal 0.471235 0.882007 -0
    outer loop
      vertex -55.5166 -33.2472 2.5
      vertex -55.75 -33.1225 34
      vertex -55.5166 -33.2472 34
    endloop
  endfacet
  facet normal 0.471235 0.882007 0
    outer loop
      vertex -55.75 -33.1225 34
      vertex -55.5166 -33.2472 2.5
      vertex -55.75 -33.1225 2.5
    endloop
  endfacet
  facet normal -0.9952 -0.0978576 0
    outer loop
      vertex -53.65 32 5
      vertex -53.6759 32.2634 34
      vertex -53.6759 32.2634 5
    endloop
  endfacet
  facet normal -0.9952 -0.0978576 0
    outer loop
      vertex -53.6759 32.2634 34
      vertex -53.65 32 5
      vertex -53.65 32 34
    endloop
  endfacet
  facet normal 0.0978576 -0.9952 0
    outer loop
      vertex -55.2634 33.3241 2.5
      vertex -55 33.35 34
      vertex -55.2634 33.3241 34
    endloop
  endfacet
  facet normal 0.0978576 -0.9952 0
    outer loop
      vertex -55 33.35 34
      vertex -55.2634 33.3241 2.5
      vertex -55 33.35 2.5
    endloop
  endfacet
  facet normal -0.0978576 0.9952 0
    outer loop
      vertex -54.7366 30.6759 5
      vertex -55 30.65 34
      vertex -54.7366 30.6759 34
    endloop
  endfacet
  facet normal -0.0978576 0.9952 0
    outer loop
      vertex -55 30.65 34
      vertex -54.7366 30.6759 5
      vertex -55 30.65 5
    endloop
  endfacet
  facet normal -0.634369 -0.773031 -5.1723e-07
    outer loop
      vertex -54.25 33.1225 34
      vertex -54.1007 33 5
      vertex -54.0454 32.9546 34
    endloop
  endfacet
  facet normal -0.634309 -0.77308 0
    outer loop
      vertex -54.25 33.1225 2.5
      vertex -54.1007 33 5
      vertex -54.25 33.1225 34
    endloop
  endfacet
  facet normal -0.634309 -0.77308 -0
    outer loop
      vertex -54.1007 33 5
      vertex -54.25 33.1225 2.5
      vertex -54.1007 33 2.5
    endloop
  endfacet
  facet normal -0.634531 -0.772898 -0
    outer loop
      vertex -54.0454 32.9546 34
      vertex -54.1007 33 5
      vertex -54.0454 32.9546 5
    endloop
  endfacet
  facet normal 0.773031 -0.634369 0
    outer loop
      vertex -56.1225 32.75 34
      vertex -55.9546 32.9546 5
      vertex -55.9546 32.9546 34
    endloop
  endfacet
  facet normal 0.773031 -0.634369 0
    outer loop
      vertex -55.9546 32.9546 5
      vertex -56.1225 32.75 34
      vertex -56.1225 32.75 5
    endloop
  endfacet
  facet normal 0.471235 -0.882007 0
    outer loop
      vertex -55.75 33.1225 2.5
      vertex -55.5166 33.2472 34
      vertex -55.75 33.1225 34
    endloop
  endfacet
  facet normal 0.471235 -0.882007 0
    outer loop
      vertex -55.5166 33.2472 34
      vertex -55.75 33.1225 2.5
      vertex -55.5166 33.2472 2.5
    endloop
  endfacet
  facet normal -0.773031 0.634369 0
    outer loop
      vertex -54.0454 31.0454 5
      vertex -53.8775 31.25 34
      vertex -53.8775 31.25 5
    endloop
  endfacet
  facet normal -0.773031 0.634369 0
    outer loop
      vertex -53.8775 31.25 34
      vertex -54.0454 31.0454 5
      vertex -54.0454 31.0454 34
    endloop
  endfacet
  facet normal -0.882007 0.471235 0
    outer loop
      vertex -53.8775 31.25 5
      vertex -53.7528 31.4834 34
      vertex -53.7528 31.4834 5
    endloop
  endfacet
  facet normal -0.882007 0.471235 0
    outer loop
      vertex -53.7528 31.4834 34
      vertex -53.8775 31.25 5
      vertex -53.8775 31.25 34
    endloop
  endfacet
  facet normal -0.882007 -0.471235 0
    outer loop
      vertex -53.7528 32.5166 5
      vertex -53.8775 32.75 34
      vertex -53.8775 32.75 5
    endloop
  endfacet
  facet normal -0.882007 -0.471235 0
    outer loop
      vertex -53.8775 32.75 34
      vertex -53.7528 32.5166 5
      vertex -53.7528 32.5166 34
    endloop
  endfacet
  facet normal -0.956843 -0.290605 0
    outer loop
      vertex -53.6759 32.2634 5
      vertex -53.7528 32.5166 34
      vertex -53.7528 32.5166 5
    endloop
  endfacet
  facet normal -0.956843 -0.290605 0
    outer loop
      vertex -53.7528 32.5166 34
      vertex -53.6759 32.2634 5
      vertex -53.6759 32.2634 34
    endloop
  endfacet
  facet normal -0.773031 -0.634369 0
    outer loop
      vertex -53.8775 32.75 5
      vertex -54.0454 32.9546 34
      vertex -54.0454 32.9546 5
    endloop
  endfacet
  facet normal -0.773031 -0.634369 0
    outer loop
      vertex -54.0454 32.9546 34
      vertex -53.8775 32.75 5
      vertex -53.8775 32.75 34
    endloop
  endfacet
  facet normal -0.290605 -0.956843 0
    outer loop
      vertex -54.7366 33.3241 2.5
      vertex -54.4834 33.2472 34
      vertex -54.7366 33.3241 34
    endloop
  endfacet
  facet normal -0.290605 -0.956843 -0
    outer loop
      vertex -54.4834 33.2472 34
      vertex -54.7366 33.3241 2.5
      vertex -54.4834 33.2472 2.5
    endloop
  endfacet
  facet normal -0.0978576 -0.9952 0
    outer loop
      vertex -55 33.35 2.5
      vertex -54.7366 33.3241 34
      vertex -55 33.35 34
    endloop
  endfacet
  facet normal -0.0978576 -0.9952 -0
    outer loop
      vertex -54.7366 33.3241 34
      vertex -55 33.35 2.5
      vertex -54.7366 33.3241 2.5
    endloop
  endfacet
  facet normal -0.471235 -0.882007 0
    outer loop
      vertex -54.4834 33.2472 2.5
      vertex -54.25 33.1225 34
      vertex -54.4834 33.2472 34
    endloop
  endfacet
  facet normal -0.471235 -0.882007 -0
    outer loop
      vertex -54.25 33.1225 34
      vertex -54.4834 33.2472 2.5
      vertex -54.25 33.1225 2.5
    endloop
  endfacet
  facet normal 0.956843 -0.290605 0
    outer loop
      vertex -56.3241 32.2634 34
      vertex -56.2472 32.5166 5
      vertex -56.2472 32.5166 34
    endloop
  endfacet
  facet normal 0.956843 -0.290605 0
    outer loop
      vertex -56.2472 32.5166 5
      vertex -56.3241 32.2634 34
      vertex -56.3241 32.2634 5
    endloop
  endfacet
  facet normal 0 0 1
    outer loop
      vertex -54.4834 33.2472 2.5
      vertex -54.1007 33 2.5
      vertex -54.25 33.1225 2.5
    endloop
  endfacet
  facet normal 0 0 1
    outer loop
      vertex -54.7366 33.3241 2.5
      vertex -54.1007 33 2.5
      vertex -54.4834 33.2472 2.5
    endloop
  endfacet
  facet normal 0 0 1
    outer loop
      vertex -55 33.35 2.5
      vertex -54.1007 33 2.5
      vertex -54.7366 33.3241 2.5
    endloop
  endfacet
  facet normal -0 0 1
    outer loop
      vertex -55.2634 33.3241 2.5
      vertex -54.1007 33 2.5
      vertex -55 33.35 2.5
    endloop
  endfacet
  facet normal -0 0 1
    outer loop
      vertex -55.5166 33.2472 2.5
      vertex -54.1007 33 2.5
      vertex -55.2634 33.3241 2.5
    endloop
  endfacet
  facet normal 0 0 1
    outer loop
      vertex -55.8993 33 2.5
      vertex -55.5166 33.2472 2.5
      vertex -55.75 33.1225 2.5
    endloop
  endfacet
  facet normal 0 0 1
    outer loop
      vertex -55.5166 33.2472 2.5
      vertex -55.8993 33 2.5
      vertex -54.1007 33 2.5
    endloop
  endfacet
  facet normal 0.882007 -0.471235 0
    outer loop
      vertex -56.2472 32.5166 34
      vertex -56.1225 32.75 5
      vertex -56.1225 32.75 34
    endloop
  endfacet
  facet normal 0.882007 -0.471235 0
    outer loop
      vertex -56.1225 32.75 5
      vertex -56.2472 32.5166 34
      vertex -56.2472 32.5166 5
    endloop
  endfacet
  facet normal 0.9952 -0.0978576 0
    outer loop
      vertex -56.35 32 34
      vertex -56.3241 32.2634 5
      vertex -56.3241 32.2634 34
    endloop
  endfacet
  facet normal 0.9952 -0.0978576 0
    outer loop
      vertex -56.3241 32.2634 5
      vertex -56.35 32 34
      vertex -56.35 32 5
    endloop
  endfacet
  facet normal 0.634369 -0.773031 0
    outer loop
      vertex -55.9546 32.9546 5
      vertex -55.75 33.1225 34
      vertex -55.9546 32.9546 34
    endloop
  endfacet
  facet normal 0.634531 -0.772898 -1.91333e-06
    outer loop
      vertex -55.8993 33 5
      vertex -55.75 33.1225 34
      vertex -55.9546 32.9546 5
    endloop
  endfacet
  facet normal 0.634309 -0.77308 0
    outer loop
      vertex -55.75 33.1225 2.5
      vertex -55.8993 33 5
      vertex -55.8993 33 2.5
    endloop
  endfacet
  facet normal 0.634309 -0.77308 0
    outer loop
      vertex -55.8993 33 5
      vertex -55.75 33.1225 2.5
      vertex -55.75 33.1225 34
    endloop
  endfacet
  facet normal 0.290605 -0.956843 0
    outer loop
      vertex -55.5166 33.2472 2.5
      vertex -55.2634 33.3241 34
      vertex -55.5166 33.2472 34
    endloop
  endfacet
  facet normal 0.290605 -0.956843 0
    outer loop
      vertex -55.2634 33.3241 34
      vertex -55.5166 33.2472 2.5
      vertex -55.2634 33.3241 2.5
    endloop
  endfacet
  facet normal -0.9952 0.0978576 0
    outer loop
      vertex -53.6759 31.7366 5
      vertex -53.65 32 34
      vertex -53.65 32 5
    endloop
  endfacet
  facet normal -0.9952 0.0978576 0
    outer loop
      vertex -53.65 32 34
      vertex -53.6759 31.7366 5
      vertex -53.6759 31.7366 34
    endloop
  endfacet
  facet normal -0.290605 0.956843 0
    outer loop
      vertex -54.4834 30.7528 5
      vertex -54.7366 30.6759 34
      vertex -54.4834 30.7528 34
    endloop
  endfacet
  facet normal -0.290605 0.956843 0
    outer loop
      vertex -54.7366 30.6759 34
      vertex -54.4834 30.7528 5
      vertex -54.7366 30.6759 5
    endloop
  endfacet
  facet normal -0.634369 0.773031 0
    outer loop
      vertex -54.0454 31.0454 5
      vertex -54.25 30.8775 34
      vertex -54.0454 31.0454 34
    endloop
  endfacet
  facet normal -0.634369 0.773031 0
    outer loop
      vertex -54.25 30.8775 34
      vertex -54.0454 31.0454 5
      vertex -54.25 30.8775 5
    endloop
  endfacet
  facet normal 0.471235 0.882007 -0
    outer loop
      vertex -55.5166 30.7528 5
      vertex -55.75 30.8775 34
      vertex -55.5166 30.7528 34
    endloop
  endfacet
  facet normal 0.471235 0.882007 0
    outer loop
      vertex -55.75 30.8775 34
      vertex -55.5166 30.7528 5
      vertex -55.75 30.8775 5
    endloop
  endfacet
  facet normal 0.0978576 0.9952 -0
    outer loop
      vertex -55 30.65 5
      vertex -55.2634 30.6759 34
      vertex -55 30.65 34
    endloop
  endfacet
  facet normal 0.0978576 0.9952 0
    outer loop
      vertex -55.2634 30.6759 34
      vertex -55 30.65 5
      vertex -55.2634 30.6759 5
    endloop
  endfacet
  facet normal 0.773031 0.634369 0
    outer loop
      vertex -55.9546 31.0454 34
      vertex -56.1225 31.25 5
      vertex -56.1225 31.25 34
    endloop
  endfacet
  facet normal 0.773031 0.634369 0
    outer loop
      vertex -56.1225 31.25 5
      vertex -55.9546 31.0454 34
      vertex -55.9546 31.0454 5
    endloop
  endfacet
  facet normal 0.634369 0.773031 -0
    outer loop
      vertex -55.75 30.8775 5
      vertex -55.9546 31.0454 34
      vertex -55.75 30.8775 34
    endloop
  endfacet
  facet normal 0.634369 0.773031 0
    outer loop
      vertex -55.9546 31.0454 34
      vertex -55.75 30.8775 5
      vertex -55.9546 31.0454 5
    endloop
  endfacet
  facet normal 0.956843 0.290605 0
    outer loop
      vertex -56.2472 31.4834 34
      vertex -56.3241 31.7366 5
      vertex -56.3241 31.7366 34
    endloop
  endfacet
  facet normal 0.956843 0.290605 0
    outer loop
      vertex -56.3241 31.7366 5
      vertex -56.2472 31.4834 34
      vertex -56.2472 31.4834 5
    endloop
  endfacet
  facet normal 0.9952 0.0978576 0
    outer loop
      vertex -56.3241 31.7366 34
      vertex -56.35 32 5
      vertex -56.35 32 34
    endloop
  endfacet
  facet normal 0.9952 0.0978576 0
    outer loop
      vertex -56.35 32 5
      vertex -56.3241 31.7366 34
      vertex -56.3241 31.7366 5
    endloop
  endfacet
  facet normal -0.471235 0.882007 0
    outer loop
      vertex -54.25 30.8775 5
      vertex -54.4834 30.7528 34
      vertex -54.25 30.8775 34
    endloop
  endfacet
  facet normal -0.471235 0.882007 0
    outer loop
      vertex -54.4834 30.7528 34
      vertex -54.25 30.8775 5
      vertex -54.4834 30.7528 5
    endloop
  endfacet
  facet normal -0.956843 0.290605 0
    outer loop
      vertex -53.7528 31.4834 5
      vertex -53.6759 31.7366 34
      vertex -53.6759 31.7366 5
    endloop
  endfacet
  facet normal -0.956843 0.290605 0
    outer loop
      vertex -53.6759 31.7366 34
      vertex -53.7528 31.4834 5
      vertex -53.7528 31.4834 34
    endloop
  endfacet
  facet normal 0.290605 0.956843 -0
    outer loop
      vertex -55.2634 30.6759 5
      vertex -55.5166 30.7528 34
      vertex -55.2634 30.6759 34
    endloop
  endfacet
  facet normal 0.290605 0.956843 0
    outer loop
      vertex -55.5166 30.7528 34
      vertex -55.2634 30.6759 5
      vertex -55.5166 30.7528 5
    endloop
  endfacet
  facet normal 0.882007 0.471235 0
    outer loop
      vertex -56.1225 31.25 34
      vertex -56.2472 31.4834 5
      vertex -56.2472 31.4834 34
    endloop
  endfacet
  facet normal 0.882007 0.471235 0
    outer loop
      vertex -56.2472 31.4834 5
      vertex -56.1225 31.25 34
      vertex -56.1225 31.25 5
    endloop
  endfacet
  facet normal -0.9952 -0.0978576 0
    outer loop
      vertex 56.35 -32 5
      vertex 56.3241 -31.7366 34
      vertex 56.3241 -31.7366 5
    endloop
  endfacet
  facet normal -0.9952 -0.0978576 0
    outer loop
      vertex 56.3241 -31.7366 34
      vertex 56.35 -32 5
      vertex 56.35 -32 34
    endloop
  endfacet
  facet normal 0.9952 -0.0978576 0
    outer loop
      vertex 53.65 -32 34
      vertex 53.6759 -31.7366 5
      vertex 53.6759 -31.7366 34
    endloop
  endfacet
  facet normal 0.9952 -0.0978576 0
    outer loop
      vertex 53.6759 -31.7366 5
      vertex 53.65 -32 34
      vertex 53.65 -32 5
    endloop
  endfacet
  facet normal 0.0978576 -0.9952 0
    outer loop
      vertex 54.7366 -30.6759 5
      vertex 55 -30.65 34
      vertex 54.7366 -30.6759 34
    endloop
  endfacet
  facet normal 0.0978576 -0.9952 0
    outer loop
      vertex 55 -30.65 34
      vertex 54.7366 -30.6759 5
      vertex 55 -30.65 5
    endloop
  endfacet
  facet normal -0.634369 -0.773031 0
    outer loop
      vertex 55.75 -30.8775 5
      vertex 55.9546 -31.0454 34
      vertex 55.75 -30.8775 34
    endloop
  endfacet
  facet normal -0.634369 -0.773031 -0
    outer loop
      vertex 55.9546 -31.0454 34
      vertex 55.75 -30.8775 5
      vertex 55.9546 -31.0454 5
    endloop
  endfacet
  facet normal 0.634369 -0.773031 0
    outer loop
      vertex 54.0454 -31.0454 5
      vertex 54.25 -30.8775 34
      vertex 54.0454 -31.0454 34
    endloop
  endfacet
  facet normal 0.634369 -0.773031 0
    outer loop
      vertex 54.25 -30.8775 34
      vertex 54.0454 -31.0454 5
      vertex 54.25 -30.8775 5
    endloop
  endfacet
  facet normal 0.290605 -0.956843 0
    outer loop
      vertex 54.4834 -30.7528 5
      vertex 54.7366 -30.6759 34
      vertex 54.4834 -30.7528 34
    endloop
  endfacet
  facet normal 0.290605 -0.956843 0
    outer loop
      vertex 54.7366 -30.6759 34
      vertex 54.4834 -30.7528 5
      vertex 54.7366 -30.6759 5
    endloop
  endfacet
  facet normal -0.773031 0.634369 0
    outer loop
      vertex 55.9546 -32.9546 5
      vertex 56.1225 -32.75 34
      vertex 56.1225 -32.75 5
    endloop
  endfacet
  facet normal -0.773031 0.634369 0
    outer loop
      vertex 56.1225 -32.75 34
      vertex 55.9546 -32.9546 5
      vertex 55.9546 -32.9546 34
    endloop
  endfacet
  facet normal 0 0 1
    outer loop
      vertex 55.8993 -33 2.5
      vertex 55.5166 -33.2472 2.5
      vertex 55.75 -33.1225 2.5
    endloop
  endfacet
  facet normal 0 0 1
    outer loop
      vertex 55.8993 -33 2.5
      vertex 55.2634 -33.3241 2.5
      vertex 55.5166 -33.2472 2.5
    endloop
  endfacet
  facet normal 0 0 1
    outer loop
      vertex 55.8993 -33 2.5
      vertex 55 -33.35 2.5
      vertex 55.2634 -33.3241 2.5
    endloop
  endfacet
  facet normal 0 0 1
    outer loop
      vertex 55.8993 -33 2.5
      vertex 54.7366 -33.3241 2.5
      vertex 55 -33.35 2.5
    endloop
  endfacet
  facet normal 0 0 1
    outer loop
      vertex 55.8993 -33 2.5
      vertex 54.4834 -33.2472 2.5
      vertex 54.7366 -33.3241 2.5
    endloop
  endfacet
  facet normal -0 0 1
    outer loop
      vertex 54.1007 -33 2.5
      vertex 54.4834 -33.2472 2.5
      vertex 55.8993 -33 2.5
    endloop
  endfacet
  facet normal 0 0 1
    outer loop
      vertex 54.4834 -33.2472 2.5
      vertex 54.1007 -33 2.5
      vertex 54.25 -33.1225 2.5
    endloop
  endfacet
  facet normal -0.882007 -0.471235 0
    outer loop
      vertex 56.2472 -31.4834 5
      vertex 56.1225 -31.25 34
      vertex 56.1225 -31.25 5
    endloop
  endfacet
  facet normal -0.882007 -0.471235 0
    outer loop
      vertex 56.1225 -31.25 34
      vertex 56.2472 -31.4834 5
      vertex 56.2472 -31.4834 34
    endloop
  endfacet
  facet normal -0.956843 -0.290605 0
    outer loop
      vertex 56.3241 -31.7366 5
      vertex 56.2472 -31.4834 34
      vertex 56.2472 -31.4834 5
    endloop
  endfacet
  facet normal -0.956843 -0.290605 0
    outer loop
      vertex 56.2472 -31.4834 34
      vertex 56.3241 -31.7366 5
      vertex 56.3241 -31.7366 34
    endloop
  endfacet
  facet normal -0.773031 -0.634369 0
    outer loop
      vertex 56.1225 -31.25 5
      vertex 55.9546 -31.0454 34
      vertex 55.9546 -31.0454 5
    endloop
  endfacet
  facet normal -0.773031 -0.634369 0
    outer loop
      vertex 55.9546 -31.0454 34
      vertex 56.1225 -31.25 5
      vertex 56.1225 -31.25 34
    endloop
  endfacet
  facet normal -0.290605 -0.956843 0
    outer loop
      vertex 55.2634 -30.6759 5
      vertex 55.5166 -30.7528 34
      vertex 55.2634 -30.6759 34
    endloop
  endfacet
  facet normal -0.290605 -0.956843 -0
    outer loop
      vertex 55.5166 -30.7528 34
      vertex 55.2634 -30.6759 5
      vertex 55.5166 -30.7528 5
    endloop
  endfacet
  facet normal -0.0978576 -0.9952 0
    outer loop
      vertex 55 -30.65 5
      vertex 55.2634 -30.6759 34
      vertex 55 -30.65 34
    endloop
  endfacet
  facet normal -0.0978576 -0.9952 -0
    outer loop
      vertex 55.2634 -30.6759 34
      vertex 55 -30.65 5
      vertex 55.2634 -30.6759 5
    endloop
  endfacet
  facet normal -0.471235 -0.882007 0
    outer loop
      vertex 55.5166 -30.7528 5
      vertex 55.75 -30.8775 34
      vertex 55.5166 -30.7528 34
    endloop
  endfacet
  facet normal -0.471235 -0.882007 -0
    outer loop
      vertex 55.75 -30.8775 34
      vertex 55.5166 -30.7528 5
      vertex 55.75 -30.8775 5
    endloop
  endfacet
  facet normal 0.882007 -0.471235 0
    outer loop
      vertex 53.7528 -31.4834 34
      vertex 53.8775 -31.25 5
      vertex 53.8775 -31.25 34
    endloop
  endfacet
  facet normal 0.882007 -0.471235 0
    outer loop
      vertex 53.8775 -31.25 5
      vertex 53.7528 -31.4834 34
      vertex 53.7528 -31.4834 5
    endloop
  endfacet
  facet normal 0.773031 -0.634369 0
    outer loop
      vertex 53.8775 -31.25 34
      vertex 54.0454 -31.0454 5
      vertex 54.0454 -31.0454 34
    endloop
  endfacet
  facet normal 0.773031 -0.634369 0
    outer loop
      vertex 54.0454 -31.0454 5
      vertex 53.8775 -31.25 34
      vertex 53.8775 -31.25 5
    endloop
  endfacet
  facet normal 0.956843 -0.290605 0
    outer loop
      vertex 53.6759 -31.7366 34
      vertex 53.7528 -31.4834 5
      vertex 53.7528 -31.4834 34
    endloop
  endfacet
  facet normal 0.956843 -0.290605 0
    outer loop
      vertex 53.7528 -31.4834 5
      vertex 53.6759 -31.7366 34
      vertex 53.6759 -31.7366 5
    endloop
  endfacet
  facet normal 0.471235 -0.882007 0
    outer loop
      vertex 54.25 -30.8775 5
      vertex 54.4834 -30.7528 34
      vertex 54.25 -30.8775 34
    endloop
  endfacet
  facet normal 0.471235 -0.882007 0
    outer loop
      vertex 54.4834 -30.7528 34
      vertex 54.25 -30.8775 5
      vertex 54.4834 -30.7528 5
    endloop
  endfacet
  facet normal -0.0978576 0.9952 0
    outer loop
      vertex 55.2634 -33.3241 2.5
      vertex 55 -33.35 34
      vertex 55.2634 -33.3241 34
    endloop
  endfacet
  facet normal -0.0978576 0.9952 0
    outer loop
      vertex 55 -33.35 34
      vertex 55.2634 -33.3241 2.5
      vertex 55 -33.35 2.5
    endloop
  endfacet
  facet normal -0.471235 0.882007 0
    outer loop
      vertex 55.75 -33.1225 2.5
      vertex 55.5166 -33.2472 34
      vertex 55.75 -33.1225 34
    endloop
  endfacet
  facet normal -0.471235 0.882007 0
    outer loop
      vertex 55.5166 -33.2472 34
      vertex 55.75 -33.1225 2.5
      vertex 55.5166 -33.2472 2.5
    endloop
  endfacet
  facet normal 0.634369 0.773031 -5.1723e-07
    outer loop
      vertex 54.25 -33.1225 34
      vertex 54.1007 -33 5
      vertex 54.0454 -32.9546 34
    endloop
  endfacet
  facet normal 0.634309 0.77308 -0
    outer loop
      vertex 54.25 -33.1225 2.5
      vertex 54.1007 -33 5
      vertex 54.25 -33.1225 34
    endloop
  endfacet
  facet normal 0.634309 0.77308 0
    outer loop
      vertex 54.1007 -33 5
      vertex 54.25 -33.1225 2.5
      vertex 54.1007 -33 2.5
    endloop
  endfacet
  facet normal 0.634531 0.772898 0
    outer loop
      vertex 54.0454 -32.9546 34
      vertex 54.1007 -33 5
      vertex 54.0454 -32.9546 5
    endloop
  endfacet
  facet normal 0.290605 0.956843 -0
    outer loop
      vertex 54.7366 -33.3241 2.5
      vertex 54.4834 -33.2472 34
      vertex 54.7366 -33.3241 34
    endloop
  endfacet
  facet normal 0.290605 0.956843 0
    outer loop
      vertex 54.4834 -33.2472 34
      vertex 54.7366 -33.3241 2.5
      vertex 54.4834 -33.2472 2.5
    endloop
  endfacet
  facet normal 0.882007 0.471235 0
    outer loop
      vertex 53.8775 -32.75 34
      vertex 53.7528 -32.5166 5
      vertex 53.7528 -32.5166 34
    endloop
  endfacet
  facet normal 0.882007 0.471235 0
    outer loop
      vertex 53.7528 -32.5166 5
      vertex 53.8775 -32.75 34
      vertex 53.8775 -32.75 5
    endloop
  endfacet
  facet normal 0.773031 0.634369 0
    outer loop
      vertex 54.0454 -32.9546 34
      vertex 53.8775 -32.75 5
      vertex 53.8775 -32.75 34
    endloop
  endfacet
  facet normal 0.773031 0.634369 0
    outer loop
      vertex 53.8775 -32.75 5
      vertex 54.0454 -32.9546 34
      vertex 54.0454 -32.9546 5
    endloop
  endfacet
  facet normal 0.9952 0.0978576 0
    outer loop
      vertex 53.6759 -32.2634 34
      vertex 53.65 -32 5
      vertex 53.65 -32 34
    endloop
  endfacet
  facet normal 0.9952 0.0978576 0
    outer loop
      vertex 53.65 -32 5
      vertex 53.6759 -32.2634 34
      vertex 53.6759 -32.2634 5
    endloop
  endfacet
  facet normal -0.290605 0.956843 0
    outer loop
      vertex 55.5166 -33.2472 2.5
      vertex 55.2634 -33.3241 34
      vertex 55.5166 -33.2472 34
    endloop
  endfacet
  facet normal -0.290605 0.956843 0
    outer loop
      vertex 55.2634 -33.3241 34
      vertex 55.5166 -33.2472 2.5
      vertex 55.2634 -33.3241 2.5
    endloop
  endfacet
  facet normal -0.634369 0.773031 0
    outer loop
      vertex 55.9546 -32.9546 5
      vertex 55.75 -33.1225 34
      vertex 55.9546 -32.9546 34
    endloop
  endfacet
  facet normal -0.634531 0.772898 -1.91333e-06
    outer loop
      vertex 55.8993 -33 5
      vertex 55.75 -33.1225 34
      vertex 55.9546 -32.9546 5
    endloop
  endfacet
  facet normal -0.634309 0.77308 0
    outer loop
      vertex 55.75 -33.1225 2.5
      vertex 55.8993 -33 5
      vertex 55.8993 -33 2.5
    endloop
  endfacet
  facet normal -0.634309 0.77308 0
    outer loop
      vertex 55.8993 -33 5
      vertex 55.75 -33.1225 2.5
      vertex 55.75 -33.1225 34
    endloop
  endfacet
  facet normal -0.882007 0.471235 0
    outer loop
      vertex 56.1225 -32.75 5
      vertex 56.2472 -32.5166 34
      vertex 56.2472 -32.5166 5
    endloop
  endfacet
  facet normal -0.882007 0.471235 0
    outer loop
      vertex 56.2472 -32.5166 34
      vertex 56.1225 -32.75 5
      vertex 56.1225 -32.75 34
    endloop
  endfacet
  facet normal -0.956843 0.290605 0
    outer loop
      vertex 56.2472 -32.5166 5
      vertex 56.3241 -32.2634 34
      vertex 56.3241 -32.2634 5
    endloop
  endfacet
  facet normal -0.956843 0.290605 0
    outer loop
      vertex 56.3241 -32.2634 34
      vertex 56.2472 -32.5166 5
      vertex 56.2472 -32.5166 34
    endloop
  endfacet
  facet normal 0.471235 0.882007 -0
    outer loop
      vertex 54.4834 -33.2472 2.5
      vertex 54.25 -33.1225 34
      vertex 54.4834 -33.2472 34
    endloop
  endfacet
  facet normal 0.471235 0.882007 0
    outer loop
      vertex 54.25 -33.1225 34
      vertex 54.4834 -33.2472 2.5
      vertex 54.25 -33.1225 2.5
    endloop
  endfacet
  facet normal 0.0978576 0.9952 -0
    outer loop
      vertex 55 -33.35 2.5
      vertex 54.7366 -33.3241 34
      vertex 55 -33.35 34
    endloop
  endfacet
  facet normal 0.0978576 0.9952 0
    outer loop
      vertex 54.7366 -33.3241 34
      vertex 55 -33.35 2.5
      vertex 54.7366 -33.3241 2.5
    endloop
  endfacet
  facet normal 0.956843 0.290605 0
    outer loop
      vertex 53.7528 -32.5166 34
      vertex 53.6759 -32.2634 5
      vertex 53.6759 -32.2634 34
    endloop
  endfacet
  facet normal 0.956843 0.290605 0
    outer loop
      vertex 53.6759 -32.2634 5
      vertex 53.7528 -32.5166 34
      vertex 53.7528 -32.5166 5
    endloop
  endfacet
  facet normal -0.9952 0.0978576 0
    outer loop
      vertex 56.3241 -32.2634 5
      vertex 56.35 -32 34
      vertex 56.35 -32 5
    endloop
  endfacet
  facet normal -0.9952 0.0978576 0
    outer loop
      vertex 56.35 -32 34
      vertex 56.3241 -32.2634 5
      vertex 56.3241 -32.2634 34
    endloop
  endfacet
  facet normal -0.882007 -0.471235 0
    outer loop
      vertex 56.2472 32.5166 5
      vertex 56.1225 32.75 34
      vertex 56.1225 32.75 5
    endloop
  endfacet
  facet normal -0.882007 -0.471235 0
    outer loop
      vertex 56.1225 32.75 34
      vertex 56.2472 32.5166 5
      vertex 56.2472 32.5166 34
    endloop
  endfacet
  facet normal 0 0 1
    outer loop
      vertex 55.5166 33.2472 2.5
      vertex 55.8993 33 2.5
      vertex 55.75 33.1225 2.5
    endloop
  endfacet
  facet normal 0 0 1
    outer loop
      vertex 55.2634 33.3241 2.5
      vertex 55.8993 33 2.5
      vertex 55.5166 33.2472 2.5
    endloop
  endfacet
  facet normal 0 0 1
    outer loop
      vertex 55 33.35 2.5
      vertex 55.8993 33 2.5
      vertex 55.2634 33.3241 2.5
    endloop
  endfacet
  facet normal -0 0 1
    outer loop
      vertex 54.7366 33.3241 2.5
      vertex 55.8993 33 2.5
      vertex 55 33.35 2.5
    endloop
  endfacet
  facet normal -0 0 1
    outer loop
      vertex 54.4834 33.2472 2.5
      vertex 55.8993 33 2.5
      vertex 54.7366 33.3241 2.5
    endloop
  endfacet
  facet normal 0 0 1
    outer loop
      vertex 54.1007 33 2.5
      vertex 54.4834 33.2472 2.5
      vertex 54.25 33.1225 2.5
    endloop
  endfacet
  facet normal 0 0 1
    outer loop
      vertex 54.4834 33.2472 2.5
      vertex 54.1007 33 2.5
      vertex 55.8993 33 2.5
    endloop
  endfacet
  facet normal 0.956843 0.290605 0
    outer loop
      vertex 53.7528 31.4834 34
      vertex 53.6759 31.7366 5
      vertex 53.6759 31.7366 34
    endloop
  endfacet
  facet normal 0.956843 0.290605 0
    outer loop
      vertex 53.6759 31.7366 5
      vertex 53.7528 31.4834 34
      vertex 53.7528 31.4834 5
    endloop
  endfacet
  facet normal -0.773031 -0.634369 0
    outer loop
      vertex 56.1225 32.75 5
      vertex 55.9546 32.9546 34
      vertex 55.9546 32.9546 5
    endloop
  endfacet
  facet normal -0.773031 -0.634369 0
    outer loop
      vertex 55.9546 32.9546 34
      vertex 56.1225 32.75 5
      vertex 56.1225 32.75 34
    endloop
  endfacet
  facet normal -0.290605 -0.956843 0
    outer loop
      vertex 55.2634 33.3241 2.5
      vertex 55.5166 33.2472 34
      vertex 55.2634 33.3241 34
    endloop
  endfacet
  facet normal -0.290605 -0.956843 -0
    outer loop
      vertex 55.5166 33.2472 34
      vertex 55.2634 33.3241 2.5
      vertex 55.5166 33.2472 2.5
    endloop
  endfacet
  facet normal 0.471235 -0.882007 0
    outer loop
      vertex 54.25 33.1225 2.5
      vertex 54.4834 33.2472 34
      vertex 54.25 33.1225 34
    endloop
  endfacet
  facet normal 0.471235 -0.882007 0
    outer loop
      vertex 54.4834 33.2472 34
      vertex 54.25 33.1225 2.5
      vertex 54.4834 33.2472 2.5
    endloop
  endfacet
  facet normal 0.956843 -0.290605 0
    outer loop
      vertex 53.6759 32.2634 34
      vertex 53.7528 32.5166 5
      vertex 53.7528 32.5166 34
    endloop
  endfacet
  facet normal 0.956843 -0.290605 0
    outer loop
      vertex 53.7528 32.5166 5
      vertex 53.6759 32.2634 34
      vertex 53.6759 32.2634 5
    endloop
  endfacet
  facet normal -0.9952 0.0978576 0
    outer loop
      vertex 56.3241 31.7366 5
      vertex 56.35 32 34
      vertex 56.35 32 5
    endloop
  endfacet
  facet normal -0.9952 0.0978576 0
    outer loop
      vertex 56.35 32 34
      vertex 56.3241 31.7366 5
      vertex 56.3241 31.7366 34
    endloop
  endfacet
  facet normal -0.956843 -0.290605 0
    outer loop
      vertex 56.3241 32.2634 5
      vertex 56.2472 32.5166 34
      vertex 56.2472 32.5166 5
    endloop
  endfacet
  facet normal -0.956843 -0.290605 0
    outer loop
      vertex 56.2472 32.5166 34
      vertex 56.3241 32.2634 5
      vertex 56.3241 32.2634 34
    endloop
  endfacet
  facet normal -0.634369 -0.773031 -5.1723e-07
    outer loop
      vertex 55.75 33.1225 34
      vertex 55.8993 33 5
      vertex 55.9546 32.9546 34
    endloop
  endfacet
  facet normal -0.634309 -0.77308 0
    outer loop
      vertex 55.75 33.1225 2.5
      vertex 55.8993 33 5
      vertex 55.75 33.1225 34
    endloop
  endfacet
  facet normal -0.634309 -0.77308 -0
    outer loop
      vertex 55.8993 33 5
      vertex 55.75 33.1225 2.5
      vertex 55.8993 33 2.5
    endloop
  endfacet
  facet normal -0.634531 -0.772898 -0
    outer loop
      vertex 55.9546 32.9546 34
      vertex 55.8993 33 5
      vertex 55.9546 32.9546 5
    endloop
  endfacet
  facet normal 0.0978576 -0.9952 0
    outer loop
      vertex 54.7366 33.3241 2.5
      vertex 55 33.35 34
      vertex 54.7366 33.3241 34
    endloop
  endfacet
  facet normal 0.0978576 -0.9952 0
    outer loop
      vertex 55 33.35 34
      vertex 54.7366 33.3241 2.5
      vertex 55 33.35 2.5
    endloop
  endfacet
  facet normal -0.471235 -0.882007 0
    outer loop
      vertex 55.5166 33.2472 2.5
      vertex 55.75 33.1225 34
      vertex 55.5166 33.2472 34
    endloop
  endfacet
  facet normal -0.471235 -0.882007 -0
    outer loop
      vertex 55.75 33.1225 34
      vertex 55.5166 33.2472 2.5
      vertex 55.75 33.1225 2.5
    endloop
  endfacet
  facet normal 0.9952 0.0978576 0
    outer loop
      vertex 53.6759 31.7366 34
      vertex 53.65 32 5
      vertex 53.65 32 34
    endloop
  endfacet
  facet normal 0.9952 0.0978576 0
    outer loop
      vertex 53.65 32 5
      vertex 53.6759 31.7366 34
      vertex 53.6759 31.7366 5
    endloop
  endfacet
  facet normal 0.882007 -0.471235 0
    outer loop
      vertex 53.7528 32.5166 34
      vertex 53.8775 32.75 5
      vertex 53.8775 32.75 34
    endloop
  endfacet
  facet normal 0.882007 -0.471235 0
    outer loop
      vertex 53.8775 32.75 5
      vertex 53.7528 32.5166 34
      vertex 53.7528 32.5166 5
    endloop
  endfacet
  facet normal 0.634369 -0.773031 0
    outer loop
      vertex 54.0454 32.9546 5
      vertex 54.25 33.1225 34
      vertex 54.0454 32.9546 34
    endloop
  endfacet
  facet normal 0.634531 -0.772898 -1.91333e-06
    outer loop
      vertex 54.1007 33 5
      vertex 54.25 33.1225 34
      vertex 54.0454 32.9546 5
    endloop
  endfacet
  facet normal 0.634309 -0.77308 0
    outer loop
      vertex 54.25 33.1225 2.5
      vertex 54.1007 33 5
      vertex 54.1007 33 2.5
    endloop
  endfacet
  facet normal 0.634309 -0.77308 0
    outer loop
      vertex 54.1007 33 5
      vertex 54.25 33.1225 2.5
      vertex 54.25 33.1225 34
    endloop
  endfacet
  facet normal 0.290605 -0.956843 0
    outer loop
      vertex 54.4834 33.2472 2.5
      vertex 54.7366 33.3241 34
      vertex 54.4834 33.2472 34
    endloop
  endfacet
  facet normal 0.290605 -0.956843 0
    outer loop
      vertex 54.7366 33.3241 34
      vertex 54.4834 33.2472 2.5
      vertex 54.7366 33.3241 2.5
    endloop
  endfacet
  facet normal 0.773031 -0.634369 0
    outer loop
      vertex 53.8775 32.75 34
      vertex 54.0454 32.9546 5
      vertex 54.0454 32.9546 34
    endloop
  endfacet
  facet normal 0.773031 -0.634369 0
    outer loop
      vertex 54.0454 32.9546 5
      vertex 53.8775 32.75 34
      vertex 53.8775 32.75 5
    endloop
  endfacet
  facet normal -0.9952 -0.0978576 0
    outer loop
      vertex 56.35 32 5
      vertex 56.3241 32.2634 34
      vertex 56.3241 32.2634 5
    endloop
  endfacet
  facet normal -0.9952 -0.0978576 0
    outer loop
      vertex 56.3241 32.2634 34
      vertex 56.35 32 5
      vertex 56.35 32 34
    endloop
  endfacet
  facet normal -0.634369 0.773031 0
    outer loop
      vertex 55.9546 31.0454 5
      vertex 55.75 30.8775 34
      vertex 55.9546 31.0454 34
    endloop
  endfacet
  facet normal -0.634369 0.773031 0
    outer loop
      vertex 55.75 30.8775 34
      vertex 55.9546 31.0454 5
      vertex 55.75 30.8775 5
    endloop
  endfacet
  facet normal -0.956843 0.290605 0
    outer loop
      vertex 56.2472 31.4834 5
      vertex 56.3241 31.7366 34
      vertex 56.3241 31.7366 5
    endloop
  endfacet
  facet normal -0.956843 0.290605 0
    outer loop
      vertex 56.3241 31.7366 34
      vertex 56.2472 31.4834 5
      vertex 56.2472 31.4834 34
    endloop
  endfacet
  facet normal 0.0978576 0.9952 -0
    outer loop
      vertex 55 30.65 5
      vertex 54.7366 30.6759 34
      vertex 55 30.65 34
    endloop
  endfacet
  facet normal 0.0978576 0.9952 0
    outer loop
      vertex 54.7366 30.6759 34
      vertex 55 30.65 5
      vertex 54.7366 30.6759 5
    endloop
  endfacet
  facet normal 0.882007 0.471235 0
    outer loop
      vertex 53.8775 31.25 34
      vertex 53.7528 31.4834 5
      vertex 53.7528 31.4834 34
    endloop
  endfacet
  facet normal 0.882007 0.471235 0
    outer loop
      vertex 53.7528 31.4834 5
      vertex 53.8775 31.25 34
      vertex 53.8775 31.25 5
    endloop
  endfacet
  facet normal -0.0978576 -0.9952 0
    outer loop
      vertex 55 33.35 2.5
      vertex 55.2634 33.3241 34
      vertex 55 33.35 34
    endloop
  endfacet
  facet normal -0.0978576 -0.9952 -0
    outer loop
      vertex 55.2634 33.3241 34
      vertex 55 33.35 2.5
      vertex 55.2634 33.3241 2.5
    endloop
  endfacet
  facet normal 0.9952 -0.0978576 0
    outer loop
      vertex 53.65 32 34
      vertex 53.6759 32.2634 5
      vertex 53.6759 32.2634 34
    endloop
  endfacet
  facet normal 0.9952 -0.0978576 0
    outer loop
      vertex 53.6759 32.2634 5
      vertex 53.65 32 34
      vertex 53.65 32 5
    endloop
  endfacet
  facet normal -0.290605 0.956843 0
    outer loop
      vertex 55.5166 30.7528 5
      vertex 55.2634 30.6759 34
      vertex 55.5166 30.7528 34
    endloop
  endfacet
  facet normal -0.290605 0.956843 0
    outer loop
      vertex 55.2634 30.6759 34
      vertex 55.5166 30.7528 5
      vertex 55.2634 30.6759 5
    endloop
  endfacet
  facet normal -0.471235 0.882007 0
    outer loop
      vertex 55.75 30.8775 5
      vertex 55.5166 30.7528 34
      vertex 55.75 30.8775 34
    endloop
  endfacet
  facet normal -0.471235 0.882007 0
    outer loop
      vertex 55.5166 30.7528 34
      vertex 55.75 30.8775 5
      vertex 55.5166 30.7528 5
    endloop
  endfacet
  facet normal -0.773031 0.634369 0
    outer loop
      vertex 55.9546 31.0454 5
      vertex 56.1225 31.25 34
      vertex 56.1225 31.25 5
    endloop
  endfacet
  facet normal -0.773031 0.634369 0
    outer loop
      vertex 56.1225 31.25 34
      vertex 55.9546 31.0454 5
      vertex 55.9546 31.0454 34
    endloop
  endfacet
  facet normal -0.882007 0.471235 0
    outer loop
      vertex 56.1225 31.25 5
      vertex 56.2472 31.4834 34
      vertex 56.2472 31.4834 5
    endloop
  endfacet
  facet normal -0.882007 0.471235 0
    outer loop
      vertex 56.2472 31.4834 34
      vertex 56.1225 31.25 5
      vertex 56.1225 31.25 34
    endloop
  endfacet
  facet normal 0.290605 0.956843 -0
    outer loop
      vertex 54.7366 30.6759 5
      vertex 54.4834 30.7528 34
      vertex 54.7366 30.6759 34
    endloop
  endfacet
  facet normal 0.290605 0.956843 0
    outer loop
      vertex 54.4834 30.7528 34
      vertex 54.7366 30.6759 5
      vertex 54.4834 30.7528 5
    endloop
  endfacet
  facet normal -0.0978576 0.9952 0
    outer loop
      vertex 55.2634 30.6759 5
      vertex 55 30.65 34
      vertex 55.2634 30.6759 34
    endloop
  endfacet
  facet normal -0.0978576 0.9952 0
    outer loop
      vertex 55 30.65 34
      vertex 55.2634 30.6759 5
      vertex 55 30.65 5
    endloop
  endfacet
  facet normal 0.634369 0.773031 -0
    outer loop
      vertex 54.25 30.8775 5
      vertex 54.0454 31.0454 34
      vertex 54.25 30.8775 34
    endloop
  endfacet
  facet normal 0.634369 0.773031 0
    outer loop
      vertex 54.0454 31.0454 34
      vertex 54.25 30.8775 5
      vertex 54.0454 31.0454 5
    endloop
  endfacet
  facet normal 0.773031 0.634369 0
    outer loop
      vertex 54.0454 31.0454 34
      vertex 53.8775 31.25 5
      vertex 53.8775 31.25 34
    endloop
  endfacet
  facet normal 0.773031 0.634369 0
    outer loop
      vertex 53.8775 31.25 5
      vertex 54.0454 31.0454 34
      vertex 54.0454 31.0454 5
    endloop
  endfacet
  facet normal 0.471235 0.882007 -0
    outer loop
      vertex 54.4834 30.7528 5
      vertex 54.25 30.8775 34
      vertex 54.4834 30.7528 34
    endloop
  endfacet
  facet normal 0.471235 0.882007 0
    outer loop
      vertex 54.25 30.8775 34
      vertex 54.4834 30.7528 5
      vertex 54.25 30.8775 5
    endloop
  endfacet
  facet normal -0.995185 -0.0980107 0
    outer loop
      vertex -24.85 -24.5 2.5
      vertex -24.8721 -24.2756 8.5
      vertex -24.8721 -24.2756 2.5
    endloop
  endfacet
  facet normal -0.995185 -0.0980107 0
    outer loop
      vertex -24.8721 -24.2756 8.5
      vertex -24.85 -24.5 2.5
      vertex -24.85 -24.5 8.5
    endloop
  endfacet
  facet normal 0.995185 -0.0980107 0
    outer loop
      vertex -27.15 -24.5 8.5
      vertex -27.1279 -24.2756 2.5
      vertex -27.1279 -24.2756 8.5
    endloop
  endfacet
  facet normal 0.995185 -0.0980107 0
    outer loop
      vertex -27.1279 -24.2756 2.5
      vertex -27.15 -24.5 8.5
      vertex -27.15 -24.5 2.5
    endloop
  endfacet
  facet normal 0.0980107 -0.995185 0
    outer loop
      vertex -26.2244 -23.3721 2.5
      vertex -26 -23.35 8.5
      vertex -26.2244 -23.3721 8.5
    endloop
  endfacet
  facet normal 0.0980107 -0.995185 0
    outer loop
      vertex -26 -23.35 8.5
      vertex -26.2244 -23.3721 2.5
      vertex -26 -23.35 2.5
    endloop
  endfacet
  facet normal -0.0980107 0.995185 0
    outer loop
      vertex -25.7756 -25.6279 2.5
      vertex -26 -25.65 8.5
      vertex -25.7756 -25.6279 8.5
    endloop
  endfacet
  facet normal -0.0980107 0.995185 0
    outer loop
      vertex -26 -25.65 8.5
      vertex -25.7756 -25.6279 2.5
      vertex -26 -25.65 2.5
    endloop
  endfacet
  facet normal -0.634276 -0.773107 0
    outer loop
      vertex -25.3611 -23.5438 2.5
      vertex -25.1868 -23.6868 8.5
      vertex -25.3611 -23.5438 8.5
    endloop
  endfacet
  facet normal -0.634276 -0.773107 -0
    outer loop
      vertex -25.1868 -23.6868 8.5
      vertex -25.3611 -23.5438 2.5
      vertex -25.1868 -23.6868 2.5
    endloop
  endfacet
  facet normal 0.634276 -0.773107 0
    outer loop
      vertex -26.8132 -23.6868 2.5
      vertex -26.6389 -23.5438 8.5
      vertex -26.8132 -23.6868 8.5
    endloop
  endfacet
  facet normal 0.634276 -0.773107 0
    outer loop
      vertex -26.6389 -23.5438 8.5
      vertex -26.8132 -23.6868 2.5
      vertex -26.6389 -23.5438 2.5
    endloop
  endfacet
  facet normal 0.471532 -0.881849 0
    outer loop
      vertex -26.6389 -23.5438 2.5
      vertex -26.4401 -23.4375 8.5
      vertex -26.6389 -23.5438 8.5
    endloop
  endfacet
  facet normal 0.471532 -0.881849 0
    outer loop
      vertex -26.4401 -23.4375 8.5
      vertex -26.6389 -23.5438 2.5
      vertex -26.4401 -23.4375 2.5
    endloop
  endfacet
  facet normal -0.881849 0.471532 0
    outer loop
      vertex -25.0438 -25.1389 2.5
      vertex -24.9375 -24.9401 8.5
      vertex -24.9375 -24.9401 2.5
    endloop
  endfacet
  facet normal -0.881849 0.471532 0
    outer loop
      vertex -24.9375 -24.9401 8.5
      vertex -25.0438 -25.1389 2.5
      vertex -25.0438 -25.1389 8.5
    endloop
  endfacet
  facet normal -0.881849 -0.471532 0
    outer loop
      vertex -24.9375 -24.0599 2.5
      vertex -25.0438 -23.8611 8.5
      vertex -25.0438 -23.8611 2.5
    endloop
  endfacet
  facet normal -0.881849 -0.471532 0
    outer loop
      vertex -25.0438 -23.8611 8.5
      vertex -24.9375 -24.0599 2.5
      vertex -24.9375 -24.0599 8.5
    endloop
  endfacet
  facet normal -0.95698 -0.290155 0
    outer loop
      vertex -24.8721 -24.2756 2.5
      vertex -24.9375 -24.0599 8.5
      vertex -24.9375 -24.0599 2.5
    endloop
  endfacet
  facet normal -0.95698 -0.290155 0
    outer loop
      vertex -24.9375 -24.0599 8.5
      vertex -24.8721 -24.2756 2.5
      vertex -24.8721 -24.2756 8.5
    endloop
  endfacet
  facet normal -0.773107 -0.634276 0
    outer loop
      vertex -25.0438 -23.8611 2.5
      vertex -25.1868 -23.6868 8.5
      vertex -25.1868 -23.6868 2.5
    endloop
  endfacet
  facet normal -0.773107 -0.634276 0
    outer loop
      vertex -25.1868 -23.6868 8.5
      vertex -25.0438 -23.8611 2.5
      vertex -25.0438 -23.8611 8.5
    endloop
  endfacet
  facet normal -0.290155 -0.95698 0
    outer loop
      vertex -25.7756 -23.3721 2.5
      vertex -25.5599 -23.4375 8.5
      vertex -25.7756 -23.3721 8.5
    endloop
  endfacet
  facet normal -0.290155 -0.95698 -0
    outer loop
      vertex -25.5599 -23.4375 8.5
      vertex -25.7756 -23.3721 2.5
      vertex -25.5599 -23.4375 2.5
    endloop
  endfacet
  facet normal -0.0980107 -0.995185 0
    outer loop
      vertex -26 -23.35 2.5
      vertex -25.7756 -23.3721 8.5
      vertex -26 -23.35 8.5
    endloop
  endfacet
  facet normal -0.0980107 -0.995185 -0
    outer loop
      vertex -25.7756 -23.3721 8.5
      vertex -26 -23.35 2.5
      vertex -25.7756 -23.3721 2.5
    endloop
  endfacet
  facet normal -0.471532 -0.881849 0
    outer loop
      vertex -25.5599 -23.4375 2.5
      vertex -25.3611 -23.5438 8.5
      vertex -25.5599 -23.4375 8.5
    endloop
  endfacet
  facet normal -0.471532 -0.881849 -0
    outer loop
      vertex -25.3611 -23.5438 8.5
      vertex -25.5599 -23.4375 2.5
      vertex -25.3611 -23.5438 2.5
    endloop
  endfacet
  facet normal 0.881849 -0.471532 0
    outer loop
      vertex -27.0625 -24.0599 8.5
      vertex -26.9562 -23.8611 2.5
      vertex -26.9562 -23.8611 8.5
    endloop
  endfacet
  facet normal 0.881849 -0.471532 0
    outer loop
      vertex -26.9562 -23.8611 2.5
      vertex -27.0625 -24.0599 8.5
      vertex -27.0625 -24.0599 2.5
    endloop
  endfacet
  facet normal 0.773107 -0.634276 0
    outer loop
      vertex -26.9562 -23.8611 8.5
      vertex -26.8132 -23.6868 2.5
      vertex -26.8132 -23.6868 8.5
    endloop
  endfacet
  facet normal 0.773107 -0.634276 0
    outer loop
      vertex -26.8132 -23.6868 2.5
      vertex -26.9562 -23.8611 8.5
      vertex -26.9562 -23.8611 2.5
    endloop
  endfacet
  facet normal 0.95698 -0.290155 0
    outer loop
      vertex -27.1279 -24.2756 8.5
      vertex -27.0625 -24.0599 2.5
      vertex -27.0625 -24.0599 8.5
    endloop
  endfacet
  facet normal 0.95698 -0.290155 0
    outer loop
      vertex -27.0625 -24.0599 2.5
      vertex -27.1279 -24.2756 8.5
      vertex -27.1279 -24.2756 2.5
    endloop
  endfacet
  facet normal 0.290155 -0.95698 0
    outer loop
      vertex -26.4401 -23.4375 2.5
      vertex -26.2244 -23.3721 8.5
      vertex -26.4401 -23.4375 8.5
    endloop
  endfacet
  facet normal 0.290155 -0.95698 0
    outer loop
      vertex -26.2244 -23.3721 8.5
      vertex -26.4401 -23.4375 2.5
      vertex -26.2244 -23.3721 2.5
    endloop
  endfacet
  facet normal -0.995185 0.0980107 0
    outer loop
      vertex -24.8721 -24.7244 2.5
      vertex -24.85 -24.5 8.5
      vertex -24.85 -24.5 2.5
    endloop
  endfacet
  facet normal -0.995185 0.0980107 0
    outer loop
      vertex -24.85 -24.5 8.5
      vertex -24.8721 -24.7244 2.5
      vertex -24.8721 -24.7244 8.5
    endloop
  endfacet
  facet normal 0 0 1
    outer loop
      vertex -24.8721 -24.2756 2.5
      vertex -24.8721 -24.7244 2.5
      vertex -24.85 -24.5 2.5
    endloop
  endfacet
  facet normal 0 0 1
    outer loop
      vertex -24.9375 -24.0599 2.5
      vertex -24.8721 -24.7244 2.5
      vertex -24.8721 -24.2756 2.5
    endloop
  endfacet
  facet normal 0 0 1
    outer loop
      vertex -24.9375 -24.0599 2.5
      vertex -24.9375 -24.9401 2.5
      vertex -24.8721 -24.7244 2.5
    endloop
  endfacet
  facet normal 0 0 1
    outer loop
      vertex -25.0438 -23.8611 2.5
      vertex -24.9375 -24.9401 2.5
      vertex -24.9375 -24.0599 2.5
    endloop
  endfacet
  facet normal 0 0 1
    outer loop
      vertex -25.0438 -23.8611 2.5
      vertex -25.0438 -25.1389 2.5
      vertex -24.9375 -24.9401 2.5
    endloop
  endfacet
  facet normal 0 0 1
    outer loop
      vertex -25.1868 -23.6868 2.5
      vertex -25.0438 -25.1389 2.5
      vertex -25.0438 -23.8611 2.5
    endloop
  endfacet
  facet normal 0 0 1
    outer loop
      vertex -25.1868 -23.6868 2.5
      vertex -25.1868 -25.3132 2.5
      vertex -25.0438 -25.1389 2.5
    endloop
  endfacet
  facet normal 0 0 1
    outer loop
      vertex -25.3611 -23.5438 2.5
      vertex -25.1868 -25.3132 2.5
      vertex -25.1868 -23.6868 2.5
    endloop
  endfacet
  facet normal 0 0 1
    outer loop
      vertex -25.3611 -23.5438 2.5
      vertex -25.3611 -25.4562 2.5
      vertex -25.1868 -25.3132 2.5
    endloop
  endfacet
  facet normal 0 0 1
    outer loop
      vertex -25.5599 -23.4375 2.5
      vertex -25.3611 -25.4562 2.5
      vertex -25.3611 -23.5438 2.5
    endloop
  endfacet
  facet normal 0 0 1
    outer loop
      vertex -25.5599 -23.4375 2.5
      vertex -25.5599 -25.5625 2.5
      vertex -25.3611 -25.4562 2.5
    endloop
  endfacet
  facet normal 0 0 1
    outer loop
      vertex -25.7756 -23.3721 2.5
      vertex -25.5599 -25.5625 2.5
      vertex -25.5599 -23.4375 2.5
    endloop
  endfacet
  facet normal 0 0 1
    outer loop
      vertex -25.7756 -23.3721 2.5
      vertex -25.7756 -25.6279 2.5
      vertex -25.5599 -25.5625 2.5
    endloop
  endfacet
  facet normal 0 0 1
    outer loop
      vertex -26 -23.35 2.5
      vertex -25.7756 -25.6279 2.5
      vertex -25.7756 -23.3721 2.5
    endloop
  endfacet
  facet normal 0 0 1
    outer loop
      vertex -26 -23.35 2.5
      vertex -26 -25.65 2.5
      vertex -25.7756 -25.6279 2.5
    endloop
  endfacet
  facet normal -0 0 1
    outer loop
      vertex -26.2244 -23.3721 2.5
      vertex -26 -25.65 2.5
      vertex -26 -23.35 2.5
    endloop
  endfacet
  facet normal 0 0 1
    outer loop
      vertex -26.2244 -23.3721 2.5
      vertex -26.2244 -25.6279 2.5
      vertex -26 -25.65 2.5
    endloop
  endfacet
  facet normal -0 0 1
    outer loop
      vertex -26.4401 -23.4375 2.5
      vertex -26.2244 -25.6279 2.5
      vertex -26.2244 -23.3721 2.5
    endloop
  endfacet
  facet normal 0 0 1
    outer loop
      vertex -26.4401 -23.4375 2.5
      vertex -26.4401 -25.5625 2.5
      vertex -26.2244 -25.6279 2.5
    endloop
  endfacet
  facet normal -0 0 1
    outer loop
      vertex -26.6389 -23.5438 2.5
      vertex -26.4401 -25.5625 2.5
      vertex -26.4401 -23.4375 2.5
    endloop
  endfacet
  facet normal 0 0 1
    outer loop
      vertex -26.6389 -23.5438 2.5
      vertex -26.6389 -25.4562 2.5
      vertex -26.4401 -25.5625 2.5
    endloop
  endfacet
  facet normal -0 0 1
    outer loop
      vertex -26.8132 -23.6868 2.5
      vertex -26.6389 -25.4562 2.5
      vertex -26.6389 -23.5438 2.5
    endloop
  endfacet
  facet normal 0 0 1
    outer loop
      vertex -26.8132 -23.6868 2.5
      vertex -26.8132 -25.3132 2.5
      vertex -26.6389 -25.4562 2.5
    endloop
  endfacet
  facet normal -0 0 1
    outer loop
      vertex -26.9562 -23.8611 2.5
      vertex -26.8132 -25.3132 2.5
      vertex -26.8132 -23.6868 2.5
    endloop
  endfacet
  facet normal 0 0 1
    outer loop
      vertex -26.9562 -23.8611 2.5
      vertex -26.9562 -25.1389 2.5
      vertex -26.8132 -25.3132 2.5
    endloop
  endfacet
  facet normal -0 0 1
    outer loop
      vertex -27.0625 -24.0599 2.5
      vertex -26.9562 -25.1389 2.5
      vertex -26.9562 -23.8611 2.5
    endloop
  endfacet
  facet normal 0 0 1
    outer loop
      vertex -27.0625 -24.0599 2.5
      vertex -27.0625 -24.9401 2.5
      vertex -26.9562 -25.1389 2.5
    endloop
  endfacet
  facet normal -0 0 1
    outer loop
      vertex -27.1279 -24.2756 2.5
      vertex -27.0625 -24.9401 2.5
      vertex -27.0625 -24.0599 2.5
    endloop
  endfacet
  facet normal 0 0 1
    outer loop
      vertex -27.1279 -24.2756 2.5
      vertex -27.1279 -24.7244 2.5
      vertex -27.0625 -24.9401 2.5
    endloop
  endfacet
  facet normal 0 -0 1
    outer loop
      vertex -27.1279 -24.7244 2.5
      vertex -27.1279 -24.2756 2.5
      vertex -27.15 -24.5 2.5
    endloop
  endfacet
  facet normal -0.634276 0.773107 0
    outer loop
      vertex -25.1868 -25.3132 2.5
      vertex -25.3611 -25.4562 8.5
      vertex -25.1868 -25.3132 8.5
    endloop
  endfacet
  facet normal -0.634276 0.773107 0
    outer loop
      vertex -25.3611 -25.4562 8.5
      vertex -25.1868 -25.3132 2.5
      vertex -25.3611 -25.4562 2.5
    endloop
  endfacet
  facet normal -0.773107 0.634276 0
    outer loop
      vertex -25.1868 -25.3132 2.5
      vertex -25.0438 -25.1389 8.5
      vertex -25.0438 -25.1389 2.5
    endloop
  endfacet
  facet normal -0.773107 0.634276 0
    outer loop
      vertex -25.0438 -25.1389 8.5
      vertex -25.1868 -25.3132 2.5
      vertex -25.1868 -25.3132 8.5
    endloop
  endfacet
  facet normal -0.95698 0.290155 0
    outer loop
      vertex -24.9375 -24.9401 2.5
      vertex -24.8721 -24.7244 8.5
      vertex -24.8721 -24.7244 2.5
    endloop
  endfacet
  facet normal -0.95698 0.290155 0
    outer loop
      vertex -24.8721 -24.7244 8.5
      vertex -24.9375 -24.9401 2.5
      vertex -24.9375 -24.9401 8.5
    endloop
  endfacet
  facet normal 0.634276 0.773107 -0
    outer loop
      vertex -26.6389 -25.4562 2.5
      vertex -26.8132 -25.3132 8.5
      vertex -26.6389 -25.4562 8.5
    endloop
  endfacet
  facet normal 0.634276 0.773107 0
    outer loop
      vertex -26.8132 -25.3132 8.5
      vertex -26.6389 -25.4562 2.5
      vertex -26.8132 -25.3132 2.5
    endloop
  endfacet
  facet normal 0.881849 0.471532 0
    outer loop
      vertex -26.9562 -25.1389 8.5
      vertex -27.0625 -24.9401 2.5
      vertex -27.0625 -24.9401 8.5
    endloop
  endfacet
  facet normal 0.881849 0.471532 0
    outer loop
      vertex -27.0625 -24.9401 2.5
      vertex -26.9562 -25.1389 8.5
      vertex -26.9562 -25.1389 2.5
    endloop
  endfacet
  facet normal 0.773107 0.634276 0
    outer loop
      vertex -26.8132 -25.3132 8.5
      vertex -26.9562 -25.1389 2.5
      vertex -26.9562 -25.1389 8.5
    endloop
  endfacet
  facet normal 0.773107 0.634276 0
    outer loop
      vertex -26.9562 -25.1389 2.5
      vertex -26.8132 -25.3132 8.5
      vertex -26.8132 -25.3132 2.5
    endloop
  endfacet
  facet normal 0.0980107 0.995185 -0
    outer loop
      vertex -26 -25.65 2.5
      vertex -26.2244 -25.6279 8.5
      vertex -26 -25.65 8.5
    endloop
  endfacet
  facet normal 0.0980107 0.995185 0
    outer loop
      vertex -26.2244 -25.6279 8.5
      vertex -26 -25.65 2.5
      vertex -26.2244 -25.6279 2.5
    endloop
  endfacet
  facet normal 0.95698 0.290155 0
    outer loop
      vertex -27.0625 -24.9401 8.5
      vertex -27.1279 -24.7244 2.5
      vertex -27.1279 -24.7244 8.5
    endloop
  endfacet
  facet normal 0.95698 0.290155 0
    outer loop
      vertex -27.1279 -24.7244 2.5
      vertex -27.0625 -24.9401 8.5
      vertex -27.0625 -24.9401 2.5
    endloop
  endfacet
  facet normal 0.995185 0.0980107 0
    outer loop
      vertex -27.1279 -24.7244 8.5
      vertex -27.15 -24.5 2.5
      vertex -27.15 -24.5 8.5
    endloop
  endfacet
  facet normal 0.995185 0.0980107 0
    outer loop
      vertex -27.15 -24.5 2.5
      vertex -27.1279 -24.7244 8.5
      vertex -27.1279 -24.7244 2.5
    endloop
  endfacet
  facet normal -0.471532 0.881849 0
    outer loop
      vertex -25.3611 -25.4562 2.5
      vertex -25.5599 -25.5625 8.5
      vertex -25.3611 -25.4562 8.5
    endloop
  endfacet
  facet normal -0.471532 0.881849 0
    outer loop
      vertex -25.5599 -25.5625 8.5
      vertex -25.3611 -25.4562 2.5
      vertex -25.5599 -25.5625 2.5
    endloop
  endfacet
  facet normal -0.290155 0.95698 0
    outer loop
      vertex -25.5599 -25.5625 2.5
      vertex -25.7756 -25.6279 8.5
      vertex -25.5599 -25.5625 8.5
    endloop
  endfacet
  facet normal -0.290155 0.95698 0
    outer loop
      vertex -25.7756 -25.6279 8.5
      vertex -25.5599 -25.5625 2.5
      vertex -25.7756 -25.6279 2.5
    endloop
  endfacet
  facet normal 0.290155 0.95698 -0
    outer loop
      vertex -26.2244 -25.6279 2.5
      vertex -26.4401 -25.5625 8.5
      vertex -26.2244 -25.6279 8.5
    endloop
  endfacet
  facet normal 0.290155 0.95698 0
    outer loop
      vertex -26.4401 -25.5625 8.5
      vertex -26.2244 -25.6279 2.5
      vertex -26.4401 -25.5625 2.5
    endloop
  endfacet
  facet normal 0.471532 0.881849 -0
    outer loop
      vertex -26.4401 -25.5625 2.5
      vertex -26.6389 -25.4562 8.5
      vertex -26.4401 -25.5625 8.5
    endloop
  endfacet
  facet normal 0.471532 0.881849 0
    outer loop
      vertex -26.6389 -25.4562 8.5
      vertex -26.4401 -25.5625 2.5
      vertex -26.6389 -25.4562 2.5
    endloop
  endfacet
  facet normal -0.995185 -0.0980107 0
    outer loop
      vertex -24.85 24.5 2.5
      vertex -24.8721 24.7244 8.5
      vertex -24.8721 24.7244 2.5
    endloop
  endfacet
  facet normal -0.995185 -0.0980107 0
    outer loop
      vertex -24.8721 24.7244 8.5
      vertex -24.85 24.5 2.5
      vertex -24.85 24.5 8.5
    endloop
  endfacet
  facet normal 0.0980107 -0.995185 0
    outer loop
      vertex -26.2244 25.6279 2.5
      vertex -26 25.65 8.5
      vertex -26.2244 25.6279 8.5
    endloop
  endfacet
  facet normal 0.0980107 -0.995185 0
    outer loop
      vertex -26 25.65 8.5
      vertex -26.2244 25.6279 2.5
      vertex -26 25.65 2.5
    endloop
  endfacet
  facet normal -0.634276 -0.773107 0
    outer loop
      vertex -25.3611 25.4562 2.5
      vertex -25.1868 25.3132 8.5
      vertex -25.3611 25.4562 8.5
    endloop
  endfacet
  facet normal -0.634276 -0.773107 -0
    outer loop
      vertex -25.1868 25.3132 8.5
      vertex -25.3611 25.4562 2.5
      vertex -25.1868 25.3132 2.5
    endloop
  endfacet
  facet normal 0.773107 -0.634276 0
    outer loop
      vertex -26.9562 25.1389 8.5
      vertex -26.8132 25.3132 2.5
      vertex -26.8132 25.3132 8.5
    endloop
  endfacet
  facet normal 0.773107 -0.634276 0
    outer loop
      vertex -26.8132 25.3132 2.5
      vertex -26.9562 25.1389 8.5
      vertex -26.9562 25.1389 2.5
    endloop
  endfacet
  facet normal 0.471532 -0.881849 0
    outer loop
      vertex -26.6389 25.4562 2.5
      vertex -26.4401 25.5625 8.5
      vertex -26.6389 25.4562 8.5
    endloop
  endfacet
  facet normal 0.471532 -0.881849 0
    outer loop
      vertex -26.4401 25.5625 8.5
      vertex -26.6389 25.4562 2.5
      vertex -26.4401 25.5625 2.5
    endloop
  endfacet
  facet normal 0.634276 0.773107 -0
    outer loop
      vertex -26.6389 23.5438 2.5
      vertex -26.8132 23.6868 8.5
      vertex -26.6389 23.5438 8.5
    endloop
  endfacet
  facet normal 0.634276 0.773107 0
    outer loop
      vertex -26.8132 23.6868 8.5
      vertex -26.6389 23.5438 2.5
      vertex -26.8132 23.6868 2.5
    endloop
  endfacet
  facet normal -0.881849 -0.471532 0
    outer loop
      vertex -24.9375 24.9401 2.5
      vertex -25.0438 25.1389 8.5
      vertex -25.0438 25.1389 2.5
    endloop
  endfacet
  facet normal -0.881849 -0.471532 0
    outer loop
      vertex -25.0438 25.1389 8.5
      vertex -24.9375 24.9401 2.5
      vertex -24.9375 24.9401 8.5
    endloop
  endfacet
  facet normal -0.95698 -0.290155 0
    outer loop
      vertex -24.8721 24.7244 2.5
      vertex -24.9375 24.9401 8.5
      vertex -24.9375 24.9401 2.5
    endloop
  endfacet
  facet normal -0.95698 -0.290155 0
    outer loop
      vertex -24.9375 24.9401 8.5
      vertex -24.8721 24.7244 2.5
      vertex -24.8721 24.7244 8.5
    endloop
  endfacet
  facet normal -0.773107 -0.634276 0
    outer loop
      vertex -25.0438 25.1389 2.5
      vertex -25.1868 25.3132 8.5
      vertex -25.1868 25.3132 2.5
    endloop
  endfacet
  facet normal -0.773107 -0.634276 0
    outer loop
      vertex -25.1868 25.3132 8.5
      vertex -25.0438 25.1389 2.5
      vertex -25.0438 25.1389 8.5
    endloop
  endfacet
  facet normal -0.290155 -0.95698 0
    outer loop
      vertex -25.7756 25.6279 2.5
      vertex -25.5599 25.5625 8.5
      vertex -25.7756 25.6279 8.5
    endloop
  endfacet
  facet normal -0.290155 -0.95698 -0
    outer loop
      vertex -25.5599 25.5625 8.5
      vertex -25.7756 25.6279 2.5
      vertex -25.5599 25.5625 2.5
    endloop
  endfacet
  facet normal -0.0980107 -0.995185 0
    outer loop
      vertex -26 25.65 2.5
      vertex -25.7756 25.6279 8.5
      vertex -26 25.65 8.5
    endloop
  endfacet
  facet normal -0.0980107 -0.995185 -0
    outer loop
      vertex -25.7756 25.6279 8.5
      vertex -26 25.65 2.5
      vertex -25.7756 25.6279 2.5
    endloop
  endfacet
  facet normal -0.471532 -0.881849 0
    outer loop
      vertex -25.5599 25.5625 2.5
      vertex -25.3611 25.4562 8.5
      vertex -25.5599 25.5625 8.5
    endloop
  endfacet
  facet normal -0.471532 -0.881849 -0
    outer loop
      vertex -25.3611 25.4562 8.5
      vertex -25.5599 25.5625 2.5
      vertex -25.3611 25.4562 2.5
    endloop
  endfacet
  facet normal 0.95698 -0.290155 0
    outer loop
      vertex -27.1279 24.7244 8.5
      vertex -27.0625 24.9401 2.5
      vertex -27.0625 24.9401 8.5
    endloop
  endfacet
  facet normal 0.95698 -0.290155 0
    outer loop
      vertex -27.0625 24.9401 2.5
      vertex -27.1279 24.7244 8.5
      vertex -27.1279 24.7244 2.5
    endloop
  endfacet
  facet normal 0 0 1
    outer loop
      vertex -24.8721 24.7244 2.5
      vertex -24.8721 24.2756 2.5
      vertex -24.85 24.5 2.5
    endloop
  endfacet
  facet normal 0 0 1
    outer loop
      vertex -24.9375 24.9401 2.5
      vertex -24.8721 24.2756 2.5
      vertex -24.8721 24.7244 2.5
    endloop
  endfacet
  facet normal 0 0 1
    outer loop
      vertex -24.9375 24.9401 2.5
      vertex -24.9375 24.0599 2.5
      vertex -24.8721 24.2756 2.5
    endloop
  endfacet
  facet normal 0 0 1
    outer loop
      vertex -25.0438 25.1389 2.5
      vertex -24.9375 24.0599 2.5
      vertex -24.9375 24.9401 2.5
    endloop
  endfacet
  facet normal 0 0 1
    outer loop
      vertex -25.0438 25.1389 2.5
      vertex -25.0438 23.8611 2.5
      vertex -24.9375 24.0599 2.5
    endloop
  endfacet
  facet normal 0 0 1
    outer loop
      vertex -25.1868 25.3132 2.5
      vertex -25.0438 23.8611 2.5
      vertex -25.0438 25.1389 2.5
    endloop
  endfacet
  facet normal 0 0 1
    outer loop
      vertex -25.1868 25.3132 2.5
      vertex -25.1868 23.6868 2.5
      vertex -25.0438 23.8611 2.5
    endloop
  endfacet
  facet normal 0 0 1
    outer loop
      vertex -25.3611 25.4562 2.5
      vertex -25.1868 23.6868 2.5
      vertex -25.1868 25.3132 2.5
    endloop
  endfacet
  facet normal 0 0 1
    outer loop
      vertex -25.3611 25.4562 2.5
      vertex -25.3611 23.5438 2.5
      vertex -25.1868 23.6868 2.5
    endloop
  endfacet
  facet normal 0 0 1
    outer loop
      vertex -25.5599 25.5625 2.5
      vertex -25.3611 23.5438 2.5
      vertex -25.3611 25.4562 2.5
    endloop
  endfacet
  facet normal 0 0 1
    outer loop
      vertex -25.5599 25.5625 2.5
      vertex -25.5599 23.4375 2.5
      vertex -25.3611 23.5438 2.5
    endloop
  endfacet
  facet normal 0 0 1
    outer loop
      vertex -25.7756 25.6279 2.5
      vertex -25.5599 23.4375 2.5
      vertex -25.5599 25.5625 2.5
    endloop
  endfacet
  facet normal 0 0 1
    outer loop
      vertex -25.7756 25.6279 2.5
      vertex -25.7756 23.3721 2.5
      vertex -25.5599 23.4375 2.5
    endloop
  endfacet
  facet normal 0 0 1
    outer loop
      vertex -26 25.65 2.5
      vertex -25.7756 23.3721 2.5
      vertex -25.7756 25.6279 2.5
    endloop
  endfacet
  facet normal 0 0 1
    outer loop
      vertex -26 25.65 2.5
      vertex -26 23.35 2.5
      vertex -25.7756 23.3721 2.5
    endloop
  endfacet
  facet normal -0 0 1
    outer loop
      vertex -26.2244 25.6279 2.5
      vertex -26 23.35 2.5
      vertex -26 25.65 2.5
    endloop
  endfacet
  facet normal 0 0 1
    outer loop
      vertex -26.2244 25.6279 2.5
      vertex -26.2244 23.3721 2.5
      vertex -26 23.35 2.5
    endloop
  endfacet
  facet normal -0 0 1
    outer loop
      vertex -26.4401 25.5625 2.5
      vertex -26.2244 23.3721 2.5
      vertex -26.2244 25.6279 2.5
    endloop
  endfacet
  facet normal 0 0 1
    outer loop
      vertex -26.4401 25.5625 2.5
      vertex -26.4401 23.4375 2.5
      vertex -26.2244 23.3721 2.5
    endloop
  endfacet
  facet normal -0 0 1
    outer loop
      vertex -26.6389 25.4562 2.5
      vertex -26.4401 23.4375 2.5
      vertex -26.4401 25.5625 2.5
    endloop
  endfacet
  facet normal 0 0 1
    outer loop
      vertex -26.6389 25.4562 2.5
      vertex -26.6389 23.5438 2.5
      vertex -26.4401 23.4375 2.5
    endloop
  endfacet
  facet normal -0 0 1
    outer loop
      vertex -26.8132 25.3132 2.5
      vertex -26.6389 23.5438 2.5
      vertex -26.6389 25.4562 2.5
    endloop
  endfacet
  facet normal 0 0 1
    outer loop
      vertex -26.8132 25.3132 2.5
      vertex -26.8132 23.6868 2.5
      vertex -26.6389 23.5438 2.5
    endloop
  endfacet
  facet normal -0 0 1
    outer loop
      vertex -26.9562 25.1389 2.5
      vertex -26.8132 23.6868 2.5
      vertex -26.8132 25.3132 2.5
    endloop
  endfacet
  facet normal 0 0 1
    outer loop
      vertex -26.9562 25.1389 2.5
      vertex -26.9562 23.8611 2.5
      vertex -26.8132 23.6868 2.5
    endloop
  endfacet
  facet normal -0 0 1
    outer loop
      vertex -27.0625 24.9401 2.5
      vertex -26.9562 23.8611 2.5
      vertex -26.9562 25.1389 2.5
    endloop
  endfacet
  facet normal 0 0 1
    outer loop
      vertex -27.0625 24.9401 2.5
      vertex -27.0625 24.0599 2.5
      vertex -26.9562 23.8611 2.5
    endloop
  endfacet
  facet normal -0 0 1
    outer loop
      vertex -27.1279 24.7244 2.5
      vertex -27.0625 24.0599 2.5
      vertex -27.0625 24.9401 2.5
    endloop
  endfacet
  facet normal 0 0 1
    outer loop
      vertex -27.1279 24.7244 2.5
      vertex -27.1279 24.2756 2.5
      vertex -27.0625 24.0599 2.5
    endloop
  endfacet
  facet normal 0 -0 1
    outer loop
      vertex -27.1279 24.2756 2.5
      vertex -27.1279 24.7244 2.5
      vertex -27.15 24.5 2.5
    endloop
  endfacet
  facet normal 0.881849 -0.471532 0
    outer loop
      vertex -27.0625 24.9401 8.5
      vertex -26.9562 25.1389 2.5
      vertex -26.9562 25.1389 8.5
    endloop
  endfacet
  facet normal 0.881849 -0.471532 0
    outer loop
      vertex -26.9562 25.1389 2.5
      vertex -27.0625 24.9401 8.5
      vertex -27.0625 24.9401 2.5
    endloop
  endfacet
  facet normal 0.995185 -0.0980107 0
    outer loop
      vertex -27.15 24.5 8.5
      vertex -27.1279 24.7244 2.5
      vertex -27.1279 24.7244 8.5
    endloop
  endfacet
  facet normal 0.995185 -0.0980107 0
    outer loop
      vertex -27.1279 24.7244 2.5
      vertex -27.15 24.5 8.5
      vertex -27.15 24.5 2.5
    endloop
  endfacet
  facet normal 0.634276 -0.773107 0
    outer loop
      vertex -26.8132 25.3132 2.5
      vertex -26.6389 25.4562 8.5
      vertex -26.8132 25.3132 8.5
    endloop
  endfacet
  facet normal 0.634276 -0.773107 0
    outer loop
      vertex -26.6389 25.4562 8.5
      vertex -26.8132 25.3132 2.5
      vertex -26.6389 25.4562 2.5
    endloop
  endfacet
  facet normal 0.290155 -0.95698 0
    outer loop
      vertex -26.4401 25.5625 2.5
      vertex -26.2244 25.6279 8.5
      vertex -26.4401 25.5625 8.5
    endloop
  endfacet
  facet normal 0.290155 -0.95698 0
    outer loop
      vertex -26.2244 25.6279 8.5
      vertex -26.4401 25.5625 2.5
      vertex -26.2244 25.6279 2.5
    endloop
  endfacet
  facet normal -0.290155 0.95698 0
    outer loop
      vertex -25.5599 23.4375 2.5
      vertex -25.7756 23.3721 8.5
      vertex -25.5599 23.4375 8.5
    endloop
  endfacet
  facet normal -0.290155 0.95698 0
    outer loop
      vertex -25.7756 23.3721 8.5
      vertex -25.5599 23.4375 2.5
      vertex -25.7756 23.3721 2.5
    endloop
  endfacet
  facet normal -0.634276 0.773107 0
    outer loop
      vertex -25.1868 23.6868 2.5
      vertex -25.3611 23.5438 8.5
      vertex -25.1868 23.6868 8.5
    endloop
  endfacet
  facet normal -0.634276 0.773107 0
    outer loop
      vertex -25.3611 23.5438 8.5
      vertex -25.1868 23.6868 2.5
      vertex -25.3611 23.5438 2.5
    endloop
  endfacet
  facet normal -0.881849 0.471532 0
    outer loop
      vertex -25.0438 23.8611 2.5
      vertex -24.9375 24.0599 8.5
      vertex -24.9375 24.0599 2.5
    endloop
  endfacet
  facet normal -0.881849 0.471532 0
    outer loop
      vertex -24.9375 24.0599 8.5
      vertex -25.0438 23.8611 2.5
      vertex -25.0438 23.8611 8.5
    endloop
  endfacet
  facet normal -0.995185 0.0980107 0
    outer loop
      vertex -24.8721 24.2756 2.5
      vertex -24.85 24.5 8.5
      vertex -24.85 24.5 2.5
    endloop
  endfacet
  facet normal -0.995185 0.0980107 0
    outer loop
      vertex -24.85 24.5 8.5
      vertex -24.8721 24.2756 2.5
      vertex -24.8721 24.2756 8.5
    endloop
  endfacet
  facet normal 0.0980107 0.995185 -0
    outer loop
      vertex -26 23.35 2.5
      vertex -26.2244 23.3721 8.5
      vertex -26 23.35 8.5
    endloop
  endfacet
  facet normal 0.0980107 0.995185 0
    outer loop
      vertex -26.2244 23.3721 8.5
      vertex -26 23.35 2.5
      vertex -26.2244 23.3721 2.5
    endloop
  endfacet
  facet normal 0.471532 0.881849 -0
    outer loop
      vertex -26.4401 23.4375 2.5
      vertex -26.6389 23.5438 8.5
      vertex -26.4401 23.4375 8.5
    endloop
  endfacet
  facet normal 0.471532 0.881849 0
    outer loop
      vertex -26.6389 23.5438 8.5
      vertex -26.4401 23.4375 2.5
      vertex -26.6389 23.5438 2.5
    endloop
  endfacet
  facet normal 0.290155 0.95698 -0
    outer loop
      vertex -26.2244 23.3721 2.5
      vertex -26.4401 23.4375 8.5
      vertex -26.2244 23.3721 8.5
    endloop
  endfacet
  facet normal 0.290155 0.95698 0
    outer loop
      vertex -26.4401 23.4375 8.5
      vertex -26.2244 23.3721 2.5
      vertex -26.4401 23.4375 2.5
    endloop
  endfacet
  facet normal 0.95698 0.290155 0
    outer loop
      vertex -27.0625 24.0599 8.5
      vertex -27.1279 24.2756 2.5
      vertex -27.1279 24.2756 8.5
    endloop
  endfacet
  facet normal 0.95698 0.290155 0
    outer loop
      vertex -27.1279 24.2756 2.5
      vertex -27.0625 24.0599 8.5
      vertex -27.0625 24.0599 2.5
    endloop
  endfacet
  facet normal 0.773107 0.634276 0
    outer loop
      vertex -26.8132 23.6868 8.5
      vertex -26.9562 23.8611 2.5
      vertex -26.9562 23.8611 8.5
    endloop
  endfacet
  facet normal 0.773107 0.634276 0
    outer loop
      vertex -26.9562 23.8611 2.5
      vertex -26.8132 23.6868 8.5
      vertex -26.8132 23.6868 2.5
    endloop
  endfacet
  facet normal 0.995185 0.0980107 0
    outer loop
      vertex -27.1279 24.2756 8.5
      vertex -27.15 24.5 2.5
      vertex -27.15 24.5 8.5
    endloop
  endfacet
  facet normal 0.995185 0.0980107 0
    outer loop
      vertex -27.15 24.5 2.5
      vertex -27.1279 24.2756 8.5
      vertex -27.1279 24.2756 2.5
    endloop
  endfacet
  facet normal -0.471532 0.881849 0
    outer loop
      vertex -25.3611 23.5438 2.5
      vertex -25.5599 23.4375 8.5
      vertex -25.3611 23.5438 8.5
    endloop
  endfacet
  facet normal -0.471532 0.881849 0
    outer loop
      vertex -25.5599 23.4375 8.5
      vertex -25.3611 23.5438 2.5
      vertex -25.5599 23.4375 2.5
    endloop
  endfacet
  facet normal -0.773107 0.634276 0
    outer loop
      vertex -25.1868 23.6868 2.5
      vertex -25.0438 23.8611 8.5
      vertex -25.0438 23.8611 2.5
    endloop
  endfacet
  facet normal -0.773107 0.634276 0
    outer loop
      vertex -25.0438 23.8611 8.5
      vertex -25.1868 23.6868 2.5
      vertex -25.1868 23.6868 8.5
    endloop
  endfacet
  facet normal -0.95698 0.290155 0
    outer loop
      vertex -24.9375 24.0599 2.5
      vertex -24.8721 24.2756 8.5
      vertex -24.8721 24.2756 2.5
    endloop
  endfacet
  facet normal -0.95698 0.290155 0
    outer loop
      vertex -24.8721 24.2756 8.5
      vertex -24.9375 24.0599 2.5
      vertex -24.9375 24.0599 8.5
    endloop
  endfacet
  facet normal -0.0980107 0.995185 0
    outer loop
      vertex -25.7756 23.3721 2.5
      vertex -26 23.35 8.5
      vertex -25.7756 23.3721 8.5
    endloop
  endfacet
  facet normal -0.0980107 0.995185 0
    outer loop
      vertex -26 23.35 8.5
      vertex -25.7756 23.3721 2.5
      vertex -26 23.35 2.5
    endloop
  endfacet
  facet normal 0.881849 0.471532 0
    outer loop
      vertex -26.9562 23.8611 8.5
      vertex -27.0625 24.0599 2.5
      vertex -27.0625 24.0599 8.5
    endloop
  endfacet
  facet normal 0.881849 0.471532 0
    outer loop
      vertex -27.0625 24.0599 2.5
      vertex -26.9562 23.8611 8.5
      vertex -26.9562 23.8611 2.5
    endloop
  endfacet
  facet normal -0.881849 -0.471532 0
    outer loop
      vertex 33.0625 -24.0599 2.5
      vertex 32.9562 -23.8611 8.5
      vertex 32.9562 -23.8611 2.5
    endloop
  endfacet
  facet normal -0.881849 -0.471532 0
    outer loop
      vertex 32.9562 -23.8611 8.5
      vertex 33.0625 -24.0599 2.5
      vertex 33.0625 -24.0599 8.5
    endloop
  endfacet
  facet normal -0.773107 -0.634276 0
    outer loop
      vertex 32.9562 -23.8611 2.5
      vertex 32.8132 -23.6868 8.5
      vertex 32.8132 -23.6868 2.5
    endloop
  endfacet
  facet normal -0.773107 -0.634276 0
    outer loop
      vertex 32.8132 -23.6868 8.5
      vertex 32.9562 -23.8611 2.5
      vertex 32.9562 -23.8611 8.5
    endloop
  endfacet
  facet normal -0.290155 -0.95698 0
    outer loop
      vertex 32.2244 -23.3721 2.5
      vertex 32.4401 -23.4375 8.5
      vertex 32.2244 -23.3721 8.5
    endloop
  endfacet
  facet normal -0.290155 -0.95698 -0
    outer loop
      vertex 32.4401 -23.4375 8.5
      vertex 32.2244 -23.3721 2.5
      vertex 32.4401 -23.4375 2.5
    endloop
  endfacet
  facet normal 0.471532 -0.881849 0
    outer loop
      vertex 31.3611 -23.5438 2.5
      vertex 31.5599 -23.4375 8.5
      vertex 31.3611 -23.5438 8.5
    endloop
  endfacet
  facet normal 0.471532 -0.881849 0
    outer loop
      vertex 31.5599 -23.4375 8.5
      vertex 31.3611 -23.5438 2.5
      vertex 31.5599 -23.4375 2.5
    endloop
  endfacet
  facet normal 0.881849 -0.471532 0
    outer loop
      vertex 30.9375 -24.0599 8.5
      vertex 31.0438 -23.8611 2.5
      vertex 31.0438 -23.8611 8.5
    endloop
  endfacet
  facet normal 0.881849 -0.471532 0
    outer loop
      vertex 31.0438 -23.8611 2.5
      vertex 30.9375 -24.0599 8.5
      vertex 30.9375 -24.0599 2.5
    endloop
  endfacet
  facet normal 0.634276 -0.773107 0
    outer loop
      vertex 31.1868 -23.6868 2.5
      vertex 31.3611 -23.5438 8.5
      vertex 31.1868 -23.6868 8.5
    endloop
  endfacet
  facet normal 0.634276 -0.773107 0
    outer loop
      vertex 31.3611 -23.5438 8.5
      vertex 31.1868 -23.6868 2.5
      vertex 31.3611 -23.5438 2.5
    endloop
  endfacet
  facet normal -0.995185 0.0980107 0
    outer loop
      vertex 33.1279 -24.7244 2.5
      vertex 33.15 -24.5 8.5
      vertex 33.15 -24.5 2.5
    endloop
  endfacet
  facet normal -0.995185 0.0980107 0
    outer loop
      vertex 33.15 -24.5 8.5
      vertex 33.1279 -24.7244 2.5
      vertex 33.1279 -24.7244 8.5
    endloop
  endfacet
  facet normal -0.290155 0.95698 0
    outer loop
      vertex 32.4401 -25.5625 2.5
      vertex 32.2244 -25.6279 8.5
      vertex 32.4401 -25.5625 8.5
    endloop
  endfacet
  facet normal -0.290155 0.95698 0
    outer loop
      vertex 32.2244 -25.6279 8.5
      vertex 32.4401 -25.5625 2.5
      vertex 32.2244 -25.6279 2.5
    endloop
  endfacet
  facet normal -0.95698 -0.290155 0
    outer loop
      vertex 33.1279 -24.2756 2.5
      vertex 33.0625 -24.0599 8.5
      vertex 33.0625 -24.0599 2.5
    endloop
  endfacet
  facet normal -0.95698 -0.290155 0
    outer loop
      vertex 33.0625 -24.0599 8.5
      vertex 33.1279 -24.2756 2.5
      vertex 33.1279 -24.2756 8.5
    endloop
  endfacet
  facet normal -0.634276 -0.773107 0
    outer loop
      vertex 32.6389 -23.5438 2.5
      vertex 32.8132 -23.6868 8.5
      vertex 32.6389 -23.5438 8.5
    endloop
  endfacet
  facet normal -0.634276 -0.773107 -0
    outer loop
      vertex 32.8132 -23.6868 8.5
      vertex 32.6389 -23.5438 2.5
      vertex 32.8132 -23.6868 2.5
    endloop
  endfacet
  facet normal 0.0980107 -0.995185 0
    outer loop
      vertex 31.7756 -23.3721 2.5
      vertex 32 -23.35 8.5
      vertex 31.7756 -23.3721 8.5
    endloop
  endfacet
  facet normal 0.0980107 -0.995185 0
    outer loop
      vertex 32 -23.35 8.5
      vertex 31.7756 -23.3721 2.5
      vertex 32 -23.35 2.5
    endloop
  endfacet
  facet normal -0.471532 -0.881849 0
    outer loop
      vertex 32.4401 -23.4375 2.5
      vertex 32.6389 -23.5438 8.5
      vertex 32.4401 -23.4375 8.5
    endloop
  endfacet
  facet normal -0.471532 -0.881849 -0
    outer loop
      vertex 32.6389 -23.5438 8.5
      vertex 32.4401 -23.4375 2.5
      vertex 32.6389 -23.5438 2.5
    endloop
  endfacet
  facet normal 0.995185 -0.0980107 0
    outer loop
      vertex 30.85 -24.5 8.5
      vertex 30.8721 -24.2756 2.5
      vertex 30.8721 -24.2756 8.5
    endloop
  endfacet
  facet normal 0.995185 -0.0980107 0
    outer loop
      vertex 30.8721 -24.2756 2.5
      vertex 30.85 -24.5 8.5
      vertex 30.85 -24.5 2.5
    endloop
  endfacet
  facet normal 0.773107 -0.634276 0
    outer loop
      vertex 31.0438 -23.8611 8.5
      vertex 31.1868 -23.6868 2.5
      vertex 31.1868 -23.6868 8.5
    endloop
  endfacet
  facet normal 0.773107 -0.634276 0
    outer loop
      vertex 31.1868 -23.6868 2.5
      vertex 31.0438 -23.8611 8.5
      vertex 31.0438 -23.8611 2.5
    endloop
  endfacet
  facet normal 0.290155 -0.95698 0
    outer loop
      vertex 31.5599 -23.4375 2.5
      vertex 31.7756 -23.3721 8.5
      vertex 31.5599 -23.4375 8.5
    endloop
  endfacet
  facet normal 0.290155 -0.95698 0
    outer loop
      vertex 31.7756 -23.3721 8.5
      vertex 31.5599 -23.4375 2.5
      vertex 31.7756 -23.3721 2.5
    endloop
  endfacet
  facet normal -0.995185 -0.0980107 0
    outer loop
      vertex 33.15 -24.5 2.5
      vertex 33.1279 -24.2756 8.5
      vertex 33.1279 -24.2756 2.5
    endloop
  endfacet
  facet normal -0.995185 -0.0980107 0
    outer loop
      vertex 33.1279 -24.2756 8.5
      vertex 33.15 -24.5 2.5
      vertex 33.15 -24.5 8.5
    endloop
  endfacet
  facet normal -0.634276 0.773107 0
    outer loop
      vertex 32.8132 -25.3132 2.5
      vertex 32.6389 -25.4562 8.5
      vertex 32.8132 -25.3132 8.5
    endloop
  endfacet
  facet normal -0.634276 0.773107 0
    outer loop
      vertex 32.6389 -25.4562 8.5
      vertex 32.8132 -25.3132 2.5
      vertex 32.6389 -25.4562 2.5
    endloop
  endfacet
  facet normal -0.95698 0.290155 0
    outer loop
      vertex 33.0625 -24.9401 2.5
      vertex 33.1279 -24.7244 8.5
      vertex 33.1279 -24.7244 2.5
    endloop
  endfacet
  facet normal -0.95698 0.290155 0
    outer loop
      vertex 33.1279 -24.7244 8.5
      vertex 33.0625 -24.9401 2.5
      vertex 33.0625 -24.9401 8.5
    endloop
  endfacet
  facet normal 0.634276 0.773107 -0
    outer loop
      vertex 31.3611 -25.4562 2.5
      vertex 31.1868 -25.3132 8.5
      vertex 31.3611 -25.4562 8.5
    endloop
  endfacet
  facet normal 0.634276 0.773107 0
    outer loop
      vertex 31.1868 -25.3132 8.5
      vertex 31.3611 -25.4562 2.5
      vertex 31.1868 -25.3132 2.5
    endloop
  endfacet
  facet normal 0.881849 0.471532 0
    outer loop
      vertex 31.0438 -25.1389 8.5
      vertex 30.9375 -24.9401 2.5
      vertex 30.9375 -24.9401 8.5
    endloop
  endfacet
  facet normal 0.881849 0.471532 0
    outer loop
      vertex 30.9375 -24.9401 2.5
      vertex 31.0438 -25.1389 8.5
      vertex 31.0438 -25.1389 2.5
    endloop
  endfacet
  facet normal -0.0980107 -0.995185 0
    outer loop
      vertex 32 -23.35 2.5
      vertex 32.2244 -23.3721 8.5
      vertex 32 -23.35 8.5
    endloop
  endfacet
  facet normal -0.0980107 -0.995185 -0
    outer loop
      vertex 32.2244 -23.3721 8.5
      vertex 32 -23.35 2.5
      vertex 32.2244 -23.3721 2.5
    endloop
  endfacet
  facet normal 0.95698 -0.290155 0
    outer loop
      vertex 30.8721 -24.2756 8.5
      vertex 30.9375 -24.0599 2.5
      vertex 30.9375 -24.0599 8.5
    endloop
  endfacet
  facet normal 0.95698 -0.290155 0
    outer loop
      vertex 30.9375 -24.0599 2.5
      vertex 30.8721 -24.2756 8.5
      vertex 30.8721 -24.2756 2.5
    endloop
  endfacet
  facet normal -0.881849 0.471532 0
    outer loop
      vertex 32.9562 -25.1389 2.5
      vertex 33.0625 -24.9401 8.5
      vertex 33.0625 -24.9401 2.5
    endloop
  endfacet
  facet normal -0.881849 0.471532 0
    outer loop
      vertex 33.0625 -24.9401 8.5
      vertex 32.9562 -25.1389 2.5
      vertex 32.9562 -25.1389 8.5
    endloop
  endfacet
  facet normal -0.0980107 0.995185 0
    outer loop
      vertex 32.2244 -25.6279 2.5
      vertex 32 -25.65 8.5
      vertex 32.2244 -25.6279 8.5
    endloop
  endfacet
  facet normal -0.0980107 0.995185 0
    outer loop
      vertex 32 -25.65 8.5
      vertex 32.2244 -25.6279 2.5
      vertex 32 -25.65 2.5
    endloop
  endfacet
  facet normal 0.995185 0.0980107 0
    outer loop
      vertex 30.8721 -24.7244 8.5
      vertex 30.85 -24.5 2.5
      vertex 30.85 -24.5 8.5
    endloop
  endfacet
  facet normal 0.995185 0.0980107 0
    outer loop
      vertex 30.85 -24.5 2.5
      vertex 30.8721 -24.7244 8.5
      vertex 30.8721 -24.7244 2.5
    endloop
  endfacet
  facet normal 0 0 1
    outer loop
      vertex 33.1279 -24.2756 2.5
      vertex 33.1279 -24.7244 2.5
      vertex 33.15 -24.5 2.5
    endloop
  endfacet
  facet normal 0 0 1
    outer loop
      vertex 33.0625 -24.0599 2.5
      vertex 33.1279 -24.7244 2.5
      vertex 33.1279 -24.2756 2.5
    endloop
  endfacet
  facet normal 0 0 1
    outer loop
      vertex 33.0625 -24.0599 2.5
      vertex 33.0625 -24.9401 2.5
      vertex 33.1279 -24.7244 2.5
    endloop
  endfacet
  facet normal 0 0 1
    outer loop
      vertex 32.9562 -23.8611 2.5
      vertex 33.0625 -24.9401 2.5
      vertex 33.0625 -24.0599 2.5
    endloop
  endfacet
  facet normal 0 0 1
    outer loop
      vertex 32.9562 -23.8611 2.5
      vertex 32.9562 -25.1389 2.5
      vertex 33.0625 -24.9401 2.5
    endloop
  endfacet
  facet normal 0 0 1
    outer loop
      vertex 32.8132 -23.6868 2.5
      vertex 32.9562 -25.1389 2.5
      vertex 32.9562 -23.8611 2.5
    endloop
  endfacet
  facet normal 0 0 1
    outer loop
      vertex 32.8132 -23.6868 2.5
      vertex 32.8132 -25.3132 2.5
      vertex 32.9562 -25.1389 2.5
    endloop
  endfacet
  facet normal 0 0 1
    outer loop
      vertex 32.6389 -23.5438 2.5
      vertex 32.8132 -25.3132 2.5
      vertex 32.8132 -23.6868 2.5
    endloop
  endfacet
  facet normal 0 0 1
    outer loop
      vertex 32.6389 -23.5438 2.5
      vertex 32.6389 -25.4562 2.5
      vertex 32.8132 -25.3132 2.5
    endloop
  endfacet
  facet normal 0 0 1
    outer loop
      vertex 32.4401 -23.4375 2.5
      vertex 32.6389 -25.4562 2.5
      vertex 32.6389 -23.5438 2.5
    endloop
  endfacet
  facet normal 0 0 1
    outer loop
      vertex 32.4401 -23.4375 2.5
      vertex 32.4401 -25.5625 2.5
      vertex 32.6389 -25.4562 2.5
    endloop
  endfacet
  facet normal 0 0 1
    outer loop
      vertex 32.2244 -23.3721 2.5
      vertex 32.4401 -25.5625 2.5
      vertex 32.4401 -23.4375 2.5
    endloop
  endfacet
  facet normal 0 0 1
    outer loop
      vertex 32.2244 -23.3721 2.5
      vertex 32.2244 -25.6279 2.5
      vertex 32.4401 -25.5625 2.5
    endloop
  endfacet
  facet normal 0 0 1
    outer loop
      vertex 32 -23.35 2.5
      vertex 32.2244 -25.6279 2.5
      vertex 32.2244 -23.3721 2.5
    endloop
  endfacet
  facet normal 0 0 1
    outer loop
      vertex 32 -23.35 2.5
      vertex 32 -25.65 2.5
      vertex 32.2244 -25.6279 2.5
    endloop
  endfacet
  facet normal -0 0 1
    outer loop
      vertex 31.7756 -23.3721 2.5
      vertex 32 -25.65 2.5
      vertex 32 -23.35 2.5
    endloop
  endfacet
  facet normal 0 0 1
    outer loop
      vertex 31.7756 -23.3721 2.5
      vertex 31.7756 -25.6279 2.5
      vertex 32 -25.65 2.5
    endloop
  endfacet
  facet normal -0 0 1
    outer loop
      vertex 31.5599 -23.4375 2.5
      vertex 31.7756 -25.6279 2.5
      vertex 31.7756 -23.3721 2.5
    endloop
  endfacet
  facet normal 0 0 1
    outer loop
      vertex 31.5599 -23.4375 2.5
      vertex 31.5599 -25.5625 2.5
      vertex 31.7756 -25.6279 2.5
    endloop
  endfacet
  facet normal -0 0 1
    outer loop
      vertex 31.3611 -23.5438 2.5
      vertex 31.5599 -25.5625 2.5
      vertex 31.5599 -23.4375 2.5
    endloop
  endfacet
  facet normal 0 0 1
    outer loop
      vertex 31.3611 -23.5438 2.5
      vertex 31.3611 -25.4562 2.5
      vertex 31.5599 -25.5625 2.5
    endloop
  endfacet
  facet normal -0 0 1
    outer loop
      vertex 31.1868 -23.6868 2.5
      vertex 31.3611 -25.4562 2.5
      vertex 31.3611 -23.5438 2.5
    endloop
  endfacet
  facet normal 0 0 1
    outer loop
      vertex 31.1868 -23.6868 2.5
      vertex 31.1868 -25.3132 2.5
      vertex 31.3611 -25.4562 2.5
    endloop
  endfacet
  facet normal -0 0 1
    outer loop
      vertex 31.0438 -23.8611 2.5
      vertex 31.1868 -25.3132 2.5
      vertex 31.1868 -23.6868 2.5
    endloop
  endfacet
  facet normal 0 0 1
    outer loop
      vertex 31.0438 -23.8611 2.5
      vertex 31.0438 -25.1389 2.5
      vertex 31.1868 -25.3132 2.5
    endloop
  endfacet
  facet normal -0 0 1
    outer loop
      vertex 30.9375 -24.0599 2.5
      vertex 31.0438 -25.1389 2.5
      vertex 31.0438 -23.8611 2.5
    endloop
  endfacet
  facet normal 0 0 1
    outer loop
      vertex 30.9375 -24.0599 2.5
      vertex 30.9375 -24.9401 2.5
      vertex 31.0438 -25.1389 2.5
    endloop
  endfacet
  facet normal -0 0 1
    outer loop
      vertex 30.8721 -24.2756 2.5
      vertex 30.9375 -24.9401 2.5
      vertex 30.9375 -24.0599 2.5
    endloop
  endfacet
  facet normal 0 0 1
    outer loop
      vertex 30.8721 -24.2756 2.5
      vertex 30.8721 -24.7244 2.5
      vertex 30.9375 -24.9401 2.5
    endloop
  endfacet
  facet normal 0 -0 1
    outer loop
      vertex 30.8721 -24.7244 2.5
      vertex 30.8721 -24.2756 2.5
      vertex 30.85 -24.5 2.5
    endloop
  endfacet
  facet normal 0.773107 0.634276 0
    outer loop
      vertex 31.1868 -25.3132 8.5
      vertex 31.0438 -25.1389 2.5
      vertex 31.0438 -25.1389 8.5
    endloop
  endfacet
  facet normal 0.773107 0.634276 0
    outer loop
      vertex 31.0438 -25.1389 2.5
      vertex 31.1868 -25.3132 8.5
      vertex 31.1868 -25.3132 2.5
    endloop
  endfacet
  facet normal -0.471532 0.881849 0
    outer loop
      vertex 32.6389 -25.4562 2.5
      vertex 32.4401 -25.5625 8.5
      vertex 32.6389 -25.4562 8.5
    endloop
  endfacet
  facet normal -0.471532 0.881849 0
    outer loop
      vertex 32.4401 -25.5625 8.5
      vertex 32.6389 -25.4562 2.5
      vertex 32.4401 -25.5625 2.5
    endloop
  endfacet
  facet normal -0.773107 0.634276 0
    outer loop
      vertex 32.8132 -25.3132 2.5
      vertex 32.9562 -25.1389 8.5
      vertex 32.9562 -25.1389 2.5
    endloop
  endfacet
  facet normal -0.773107 0.634276 0
    outer loop
      vertex 32.9562 -25.1389 8.5
      vertex 32.8132 -25.3132 2.5
      vertex 32.8132 -25.3132 8.5
    endloop
  endfacet
  facet normal 0.290155 0.95698 -0
    outer loop
      vertex 31.7756 -25.6279 2.5
      vertex 31.5599 -25.5625 8.5
      vertex 31.7756 -25.6279 8.5
    endloop
  endfacet
  facet normal 0.290155 0.95698 0
    outer loop
      vertex 31.5599 -25.5625 8.5
      vertex 31.7756 -25.6279 2.5
      vertex 31.5599 -25.5625 2.5
    endloop
  endfacet
  facet normal 0.0980107 0.995185 -0
    outer loop
      vertex 32 -25.65 2.5
      vertex 31.7756 -25.6279 8.5
      vertex 32 -25.65 8.5
    endloop
  endfacet
  facet normal 0.0980107 0.995185 0
    outer loop
      vertex 31.7756 -25.6279 8.5
      vertex 32 -25.65 2.5
      vertex 31.7756 -25.6279 2.5
    endloop
  endfacet
  facet normal 0.95698 0.290155 0
    outer loop
      vertex 30.9375 -24.9401 8.5
      vertex 30.8721 -24.7244 2.5
      vertex 30.8721 -24.7244 8.5
    endloop
  endfacet
  facet normal 0.95698 0.290155 0
    outer loop
      vertex 30.8721 -24.7244 2.5
      vertex 30.9375 -24.9401 8.5
      vertex 30.9375 -24.9401 2.5
    endloop
  endfacet
  facet normal 0.471532 0.881849 -0
    outer loop
      vertex 31.5599 -25.5625 2.5
      vertex 31.3611 -25.4562 8.5
      vertex 31.5599 -25.5625 8.5
    endloop
  endfacet
  facet normal 0.471532 0.881849 0
    outer loop
      vertex 31.3611 -25.4562 8.5
      vertex 31.5599 -25.5625 2.5
      vertex 31.3611 -25.4562 2.5
    endloop
  endfacet
  facet normal 0 0 1
    outer loop
      vertex 33.1279 24.7244 2.5
      vertex 33.1279 24.2756 2.5
      vertex 33.15 24.5 2.5
    endloop
  endfacet
  facet normal 0 0 1
    outer loop
      vertex 33.0625 24.9401 2.5
      vertex 33.1279 24.2756 2.5
      vertex 33.1279 24.7244 2.5
    endloop
  endfacet
  facet normal 0 0 1
    outer loop
      vertex 33.0625 24.9401 2.5
      vertex 33.0625 24.0599 2.5
      vertex 33.1279 24.2756 2.5
    endloop
  endfacet
  facet normal 0 0 1
    outer loop
      vertex 32.9562 25.1389 2.5
      vertex 33.0625 24.0599 2.5
      vertex 33.0625 24.9401 2.5
    endloop
  endfacet
  facet normal 0 0 1
    outer loop
      vertex 32.9562 25.1389 2.5
      vertex 32.9562 23.8611 2.5
      vertex 33.0625 24.0599 2.5
    endloop
  endfacet
  facet normal 0 0 1
    outer loop
      vertex 32.8132 25.3132 2.5
      vertex 32.9562 23.8611 2.5
      vertex 32.9562 25.1389 2.5
    endloop
  endfacet
  facet normal 0 0 1
    outer loop
      vertex 32.8132 25.3132 2.5
      vertex 32.8132 23.6868 2.5
      vertex 32.9562 23.8611 2.5
    endloop
  endfacet
  facet normal 0 0 1
    outer loop
      vertex 32.6389 25.4562 2.5
      vertex 32.8132 23.6868 2.5
      vertex 32.8132 25.3132 2.5
    endloop
  endfacet
  facet normal 0 0 1
    outer loop
      vertex 32.6389 25.4562 2.5
      vertex 32.6389 23.5438 2.5
      vertex 32.8132 23.6868 2.5
    endloop
  endfacet
  facet normal 0 0 1
    outer loop
      vertex 32.4401 25.5625 2.5
      vertex 32.6389 23.5438 2.5
      vertex 32.6389 25.4562 2.5
    endloop
  endfacet
  facet normal 0 0 1
    outer loop
      vertex 32.4401 25.5625 2.5
      vertex 32.4401 23.4375 2.5
      vertex 32.6389 23.5438 2.5
    endloop
  endfacet
  facet normal 0 0 1
    outer loop
      vertex 32.2244 25.6279 2.5
      vertex 32.4401 23.4375 2.5
      vertex 32.4401 25.5625 2.5
    endloop
  endfacet
  facet normal 0 0 1
    outer loop
      vertex 32.2244 25.6279 2.5
      vertex 32.2244 23.3721 2.5
      vertex 32.4401 23.4375 2.5
    endloop
  endfacet
  facet normal 0 0 1
    outer loop
      vertex 32 25.65 2.5
      vertex 32.2244 23.3721 2.5
      vertex 32.2244 25.6279 2.5
    endloop
  endfacet
  facet normal 0 0 1
    outer loop
      vertex 32 25.65 2.5
      vertex 32 23.35 2.5
      vertex 32.2244 23.3721 2.5
    endloop
  endfacet
  facet normal -0 0 1
    outer loop
      vertex 31.7756 25.6279 2.5
      vertex 32 23.35 2.5
      vertex 32 25.65 2.5
    endloop
  endfacet
  facet normal 0 0 1
    outer loop
      vertex 31.7756 25.6279 2.5
      vertex 31.7756 23.3721 2.5
      vertex 32 23.35 2.5
    endloop
  endfacet
  facet normal -0 0 1
    outer loop
      vertex 31.5599 25.5625 2.5
      vertex 31.7756 23.3721 2.5
      vertex 31.7756 25.6279 2.5
    endloop
  endfacet
  facet normal 0 0 1
    outer loop
      vertex 31.5599 25.5625 2.5
      vertex 31.5599 23.4375 2.5
      vertex 31.7756 23.3721 2.5
    endloop
  endfacet
  facet normal -0 0 1
    outer loop
      vertex 31.3611 25.4562 2.5
      vertex 31.5599 23.4375 2.5
      vertex 31.5599 25.5625 2.5
    endloop
  endfacet
  facet normal 0 0 1
    outer loop
      vertex 31.3611 25.4562 2.5
      vertex 31.3611 23.5438 2.5
      vertex 31.5599 23.4375 2.5
    endloop
  endfacet
  facet normal -0 0 1
    outer loop
      vertex 31.1868 25.3132 2.5
      vertex 31.3611 23.5438 2.5
      vertex 31.3611 25.4562 2.5
    endloop
  endfacet
  facet normal 0 0 1
    outer loop
      vertex 31.1868 25.3132 2.5
      vertex 31.1868 23.6868 2.5
      vertex 31.3611 23.5438 2.5
    endloop
  endfacet
  facet normal -0 0 1
    outer loop
      vertex 31.0438 25.1389 2.5
      vertex 31.1868 23.6868 2.5
      vertex 31.1868 25.3132 2.5
    endloop
  endfacet
  facet normal 0 0 1
    outer loop
      vertex 31.0438 25.1389 2.5
      vertex 31.0438 23.8611 2.5
      vertex 31.1868 23.6868 2.5
    endloop
  endfacet
  facet normal -0 0 1
    outer loop
      vertex 30.9375 24.9401 2.5
      vertex 31.0438 23.8611 2.5
      vertex 31.0438 25.1389 2.5
    endloop
  endfacet
  facet normal 0 0 1
    outer loop
      vertex 30.9375 24.9401 2.5
      vertex 30.9375 24.0599 2.5
      vertex 31.0438 23.8611 2.5
    endloop
  endfacet
  facet normal -0 0 1
    outer loop
      vertex 30.8721 24.7244 2.5
      vertex 30.9375 24.0599 2.5
      vertex 30.9375 24.9401 2.5
    endloop
  endfacet
  facet normal 0 0 1
    outer loop
      vertex 30.8721 24.7244 2.5
      vertex 30.8721 24.2756 2.5
      vertex 30.9375 24.0599 2.5
    endloop
  endfacet
  facet normal 0 -0 1
    outer loop
      vertex 30.8721 24.2756 2.5
      vertex 30.8721 24.7244 2.5
      vertex 30.85 24.5 2.5
    endloop
  endfacet
  facet normal -0.471532 -0.881849 0
    outer loop
      vertex 32.4401 25.5625 2.5
      vertex 32.6389 25.4562 8.5
      vertex 32.4401 25.5625 8.5
    endloop
  endfacet
  facet normal -0.471532 -0.881849 -0
    outer loop
      vertex 32.6389 25.4562 8.5
      vertex 32.4401 25.5625 2.5
      vertex 32.6389 25.4562 2.5
    endloop
  endfacet
  facet normal 0.995185 -0.0980107 0
    outer loop
      vertex 30.85 24.5 8.5
      vertex 30.8721 24.7244 2.5
      vertex 30.8721 24.7244 8.5
    endloop
  endfacet
  facet normal 0.995185 -0.0980107 0
    outer loop
      vertex 30.8721 24.7244 2.5
      vertex 30.85 24.5 8.5
      vertex 30.85 24.5 2.5
    endloop
  endfacet
  facet normal -0.995185 0.0980107 0
    outer loop
      vertex 33.1279 24.2756 2.5
      vertex 33.15 24.5 8.5
      vertex 33.15 24.5 2.5
    endloop
  endfacet
  facet normal -0.995185 0.0980107 0
    outer loop
      vertex 33.15 24.5 8.5
      vertex 33.1279 24.2756 2.5
      vertex 33.1279 24.2756 8.5
    endloop
  endfacet
  facet normal 0.0980107 0.995185 -0
    outer loop
      vertex 32 23.35 2.5
      vertex 31.7756 23.3721 8.5
      vertex 32 23.35 8.5
    endloop
  endfacet
  facet normal 0.0980107 0.995185 0
    outer loop
      vertex 31.7756 23.3721 8.5
      vertex 32 23.35 2.5
      vertex 31.7756 23.3721 2.5
    endloop
  endfacet
  facet normal 0.471532 -0.881849 0
    outer loop
      vertex 31.3611 25.4562 2.5
      vertex 31.5599 25.5625 8.5
      vertex 31.3611 25.4562 8.5
    endloop
  endfacet
  facet normal 0.471532 -0.881849 0
    outer loop
      vertex 31.5599 25.5625 8.5
      vertex 31.3611 25.4562 2.5
      vertex 31.5599 25.5625 2.5
    endloop
  endfacet
  facet normal 0.95698 -0.290155 0
    outer loop
      vertex 30.8721 24.7244 8.5
      vertex 30.9375 24.9401 2.5
      vertex 30.9375 24.9401 8.5
    endloop
  endfacet
  facet normal 0.95698 -0.290155 0
    outer loop
      vertex 30.9375 24.9401 2.5
      vertex 30.8721 24.7244 8.5
      vertex 30.8721 24.7244 2.5
    endloop
  endfacet
  facet normal -0.95698 -0.290155 0
    outer loop
      vertex 33.1279 24.7244 2.5
      vertex 33.0625 24.9401 8.5
      vertex 33.0625 24.9401 2.5
    endloop
  endfacet
  facet normal -0.95698 -0.290155 0
    outer loop
      vertex 33.0625 24.9401 8.5
      vertex 33.1279 24.7244 2.5
      vertex 33.1279 24.7244 8.5
    endloop
  endfacet
  facet normal -0.881849 -0.471532 0
    outer loop
      vertex 33.0625 24.9401 2.5
      vertex 32.9562 25.1389 8.5
      vertex 32.9562 25.1389 2.5
    endloop
  endfacet
  facet normal -0.881849 -0.471532 0
    outer loop
      vertex 32.9562 25.1389 8.5
      vertex 33.0625 24.9401 2.5
      vertex 33.0625 24.9401 8.5
    endloop
  endfacet
  facet normal -0.773107 -0.634276 0
    outer loop
      vertex 32.9562 25.1389 2.5
      vertex 32.8132 25.3132 8.5
      vertex 32.8132 25.3132 2.5
    endloop
  endfacet
  facet normal -0.773107 -0.634276 0
    outer loop
      vertex 32.8132 25.3132 8.5
      vertex 32.9562 25.1389 2.5
      vertex 32.9562 25.1389 8.5
    endloop
  endfacet
  facet normal -0.634276 -0.773107 0
    outer loop
      vertex 32.6389 25.4562 2.5
      vertex 32.8132 25.3132 8.5
      vertex 32.6389 25.4562 8.5
    endloop
  endfacet
  facet normal -0.634276 -0.773107 -0
    outer loop
      vertex 32.8132 25.3132 8.5
      vertex 32.6389 25.4562 2.5
      vertex 32.8132 25.3132 2.5
    endloop
  endfacet
  facet normal -0.290155 -0.95698 0
    outer loop
      vertex 32.2244 25.6279 2.5
      vertex 32.4401 25.5625 8.5
      vertex 32.2244 25.6279 8.5
    endloop
  endfacet
  facet normal -0.290155 -0.95698 -0
    outer loop
      vertex 32.4401 25.5625 8.5
      vertex 32.2244 25.6279 2.5
      vertex 32.4401 25.5625 2.5
    endloop
  endfacet
  facet normal 0.0980107 -0.995185 0
    outer loop
      vertex 31.7756 25.6279 2.5
      vertex 32 25.65 8.5
      vertex 31.7756 25.6279 8.5
    endloop
  endfacet
  facet normal 0.0980107 -0.995185 0
    outer loop
      vertex 32 25.65 8.5
      vertex 31.7756 25.6279 2.5
      vertex 32 25.65 2.5
    endloop
  endfacet
  facet normal -0.0980107 -0.995185 0
    outer loop
      vertex 32 25.65 2.5
      vertex 32.2244 25.6279 8.5
      vertex 32 25.65 8.5
    endloop
  endfacet
  facet normal -0.0980107 -0.995185 -0
    outer loop
      vertex 32.2244 25.6279 8.5
      vertex 32 25.65 2.5
      vertex 32.2244 25.6279 2.5
    endloop
  endfacet
  facet normal 0.995185 0.0980107 0
    outer loop
      vertex 30.8721 24.2756 8.5
      vertex 30.85 24.5 2.5
      vertex 30.85 24.5 8.5
    endloop
  endfacet
  facet normal 0.995185 0.0980107 0
    outer loop
      vertex 30.85 24.5 2.5
      vertex 30.8721 24.2756 8.5
      vertex 30.8721 24.2756 2.5
    endloop
  endfacet
  facet normal 0.881849 -0.471532 0
    outer loop
      vertex 30.9375 24.9401 8.5
      vertex 31.0438 25.1389 2.5
      vertex 31.0438 25.1389 8.5
    endloop
  endfacet
  facet normal 0.881849 -0.471532 0
    outer loop
      vertex 31.0438 25.1389 2.5
      vertex 30.9375 24.9401 8.5
      vertex 30.9375 24.9401 2.5
    endloop
  endfacet
  facet normal 0.634276 -0.773107 0
    outer loop
      vertex 31.1868 25.3132 2.5
      vertex 31.3611 25.4562 8.5
      vertex 31.1868 25.3132 8.5
    endloop
  endfacet
  facet normal 0.634276 -0.773107 0
    outer loop
      vertex 31.3611 25.4562 8.5
      vertex 31.1868 25.3132 2.5
      vertex 31.3611 25.4562 2.5
    endloop
  endfacet
  facet normal 0.290155 -0.95698 0
    outer loop
      vertex 31.5599 25.5625 2.5
      vertex 31.7756 25.6279 8.5
      vertex 31.5599 25.5625 8.5
    endloop
  endfacet
  facet normal 0.290155 -0.95698 0
    outer loop
      vertex 31.7756 25.6279 8.5
      vertex 31.5599 25.5625 2.5
      vertex 31.7756 25.6279 2.5
    endloop
  endfacet
  facet normal 0.773107 -0.634276 0
    outer loop
      vertex 31.0438 25.1389 8.5
      vertex 31.1868 25.3132 2.5
      vertex 31.1868 25.3132 8.5
    endloop
  endfacet
  facet normal 0.773107 -0.634276 0
    outer loop
      vertex 31.1868 25.3132 2.5
      vertex 31.0438 25.1389 8.5
      vertex 31.0438 25.1389 2.5
    endloop
  endfacet
  facet normal -0.995185 -0.0980107 0
    outer loop
      vertex 33.15 24.5 2.5
      vertex 33.1279 24.7244 8.5
      vertex 33.1279 24.7244 2.5
    endloop
  endfacet
  facet normal -0.995185 -0.0980107 0
    outer loop
      vertex 33.1279 24.7244 8.5
      vertex 33.15 24.5 2.5
      vertex 33.15 24.5 8.5
    endloop
  endfacet
  facet normal -0.290155 0.95698 0
    outer loop
      vertex 32.4401 23.4375 2.5
      vertex 32.2244 23.3721 8.5
      vertex 32.4401 23.4375 8.5
    endloop
  endfacet
  facet normal -0.290155 0.95698 0
    outer loop
      vertex 32.2244 23.3721 8.5
      vertex 32.4401 23.4375 2.5
      vertex 32.2244 23.3721 2.5
    endloop
  endfacet
  facet normal -0.471532 0.881849 0
    outer loop
      vertex 32.6389 23.5438 2.5
      vertex 32.4401 23.4375 8.5
      vertex 32.6389 23.5438 8.5
    endloop
  endfacet
  facet normal -0.471532 0.881849 0
    outer loop
      vertex 32.4401 23.4375 8.5
      vertex 32.6389 23.5438 2.5
      vertex 32.4401 23.4375 2.5
    endloop
  endfacet
  facet normal -0.634276 0.773107 0
    outer loop
      vertex 32.8132 23.6868 2.5
      vertex 32.6389 23.5438 8.5
      vertex 32.8132 23.6868 8.5
    endloop
  endfacet
  facet normal -0.634276 0.773107 0
    outer loop
      vertex 32.6389 23.5438 8.5
      vertex 32.8132 23.6868 2.5
      vertex 32.6389 23.5438 2.5
    endloop
  endfacet
  facet normal -0.881849 0.471532 0
    outer loop
      vertex 32.9562 23.8611 2.5
      vertex 33.0625 24.0599 8.5
      vertex 33.0625 24.0599 2.5
    endloop
  endfacet
  facet normal -0.881849 0.471532 0
    outer loop
      vertex 33.0625 24.0599 8.5
      vertex 32.9562 23.8611 2.5
      vertex 32.9562 23.8611 8.5
    endloop
  endfacet
  facet normal -0.0980107 0.995185 0
    outer loop
      vertex 32.2244 23.3721 2.5
      vertex 32 23.35 8.5
      vertex 32.2244 23.3721 8.5
    endloop
  endfacet
  facet normal -0.0980107 0.995185 0
    outer loop
      vertex 32 23.35 8.5
      vertex 32.2244 23.3721 2.5
      vertex 32 23.35 2.5
    endloop
  endfacet
  facet normal 0.471532 0.881849 -0
    outer loop
      vertex 31.5599 23.4375 2.5
      vertex 31.3611 23.5438 8.5
      vertex 31.5599 23.4375 8.5
    endloop
  endfacet
  facet normal 0.471532 0.881849 0
    outer loop
      vertex 31.3611 23.5438 8.5
      vertex 31.5599 23.4375 2.5
      vertex 31.3611 23.5438 2.5
    endloop
  endfacet
  facet normal 0.773107 0.634276 0
    outer loop
      vertex 31.1868 23.6868 8.5
      vertex 31.0438 23.8611 2.5
      vertex 31.0438 23.8611 8.5
    endloop
  endfacet
  facet normal 0.773107 0.634276 0
    outer loop
      vertex 31.0438 23.8611 2.5
      vertex 31.1868 23.6868 8.5
      vertex 31.1868 23.6868 2.5
    endloop
  endfacet
  facet normal 0.95698 0.290155 0
    outer loop
      vertex 30.9375 24.0599 8.5
      vertex 30.8721 24.2756 2.5
      vertex 30.8721 24.2756 8.5
    endloop
  endfacet
  facet normal 0.95698 0.290155 0
    outer loop
      vertex 30.8721 24.2756 2.5
      vertex 30.9375 24.0599 8.5
      vertex 30.9375 24.0599 2.5
    endloop
  endfacet
  facet normal -0.773107 0.634276 0
    outer loop
      vertex 32.8132 23.6868 2.5
      vertex 32.9562 23.8611 8.5
      vertex 32.9562 23.8611 2.5
    endloop
  endfacet
  facet normal -0.773107 0.634276 0
    outer loop
      vertex 32.9562 23.8611 8.5
      vertex 32.8132 23.6868 2.5
      vertex 32.8132 23.6868 8.5
    endloop
  endfacet
  facet normal -0.95698 0.290155 0
    outer loop
      vertex 33.0625 24.0599 2.5
      vertex 33.1279 24.2756 8.5
      vertex 33.1279 24.2756 2.5
    endloop
  endfacet
  facet normal -0.95698 0.290155 0
    outer loop
      vertex 33.1279 24.2756 8.5
      vertex 33.0625 24.0599 2.5
      vertex 33.0625 24.0599 8.5
    endloop
  endfacet
  facet normal 0.290155 0.95698 -0
    outer loop
      vertex 31.7756 23.3721 2.5
      vertex 31.5599 23.4375 8.5
      vertex 31.7756 23.3721 8.5
    endloop
  endfacet
  facet normal 0.290155 0.95698 0
    outer loop
      vertex 31.5599 23.4375 8.5
      vertex 31.7756 23.3721 2.5
      vertex 31.5599 23.4375 2.5
    endloop
  endfacet
  facet normal 0.881849 0.471532 0
    outer loop
      vertex 31.0438 23.8611 8.5
      vertex 30.9375 24.0599 2.5
      vertex 30.9375 24.0599 8.5
    endloop
  endfacet
  facet normal 0.881849 0.471532 0
    outer loop
      vertex 30.9375 24.0599 2.5
      vertex 31.0438 23.8611 8.5
      vertex 31.0438 23.8611 2.5
    endloop
  endfacet
  facet normal 0.634276 0.773107 -0
    outer loop
      vertex 31.3611 23.5438 2.5
      vertex 31.1868 23.6868 8.5
      vertex 31.3611 23.5438 8.5
    endloop
  endfacet
  facet normal 0.634276 0.773107 0
    outer loop
      vertex 31.1868 23.6868 8.5
      vertex 31.3611 23.5438 2.5
      vertex 31.1868 23.6868 2.5
    endloop
  endfacet
  facet normal 1 -0 0
    outer loop
      vertex -29.5 -38 19.5
      vertex -29.5 -35.6 6.5
      vertex -29.5 -35.6 19.5
    endloop
  endfacet
  facet normal 1 0 0
    outer loop
      vertex -29.5 -35.6 6.5
      vertex -29.5 -38 19.5
      vertex -29.5 -38 6.5
    endloop
  endfacet
  facet normal 0 0 -1
    outer loop
      vertex -29.5 -38 19.5
      vertex -16.5 -35.6 19.5
      vertex -16.5 -38 19.5
    endloop
  endfacet
  facet normal -0 0 -1
    outer loop
      vertex -16.5 -35.6 19.5
      vertex -29.5 -38 19.5
      vertex -29.5 -35.6 19.5
    endloop
  endfacet
  facet normal -1 0 0
    outer loop
      vertex -16.5 -38 6.5
      vertex -16.5 -35.6 19.5
      vertex -16.5 -35.6 6.5
    endloop
  endfacet
  facet normal -1 -0 0
    outer loop
      vertex -16.5 -35.6 19.5
      vertex -16.5 -38 6.5
      vertex -16.5 -38 19.5
    endloop
  endfacet
  facet normal -0 0 1
    outer loop
      vertex -29.5 -35.6 6.5
      vertex -16.5 -38 6.5
      vertex -16.5 -35.6 6.5
    endloop
  endfacet
  facet normal 0 0 1
    outer loop
      vertex -16.5 -38 6.5
      vertex -29.5 -35.6 6.5
      vertex -29.5 -38 6.5
    endloop
  endfacet
  facet normal 1 -0 0
    outer loop
      vertex -14.5 -38 19.5
      vertex -14.5 -35.6 6.5
      vertex -14.5 -35.6 19.5
    endloop
  endfacet
  facet normal 1 0 0
    outer loop
      vertex -14.5 -35.6 6.5
      vertex -14.5 -38 19.5
      vertex -14.5 -38 6.5
    endloop
  endfacet
  facet normal 0 0 -1
    outer loop
      vertex -14.5 -38 19.5
      vertex -1.5 -35.6 19.5
      vertex -1.5 -38 19.5
    endloop
  endfacet
  facet normal -0 0 -1
    outer loop
      vertex -1.5 -35.6 19.5
      vertex -14.5 -38 19.5
      vertex -14.5 -35.6 19.5
    endloop
  endfacet
  facet normal -1 0 0
    outer loop
      vertex -1.5 -38 6.5
      vertex -1.5 -35.6 19.5
      vertex -1.5 -35.6 6.5
    endloop
  endfacet
  facet normal -1 -0 0
    outer loop
      vertex -1.5 -35.6 19.5
      vertex -1.5 -38 6.5
      vertex -1.5 -38 19.5
    endloop
  endfacet
  facet normal -0 0 1
    outer loop
      vertex -14.5 -35.6 6.5
      vertex -1.5 -38 6.5
      vertex -1.5 -35.6 6.5
    endloop
  endfacet
  facet normal 0 0 1
    outer loop
      vertex -1.5 -38 6.5
      vertex -14.5 -35.6 6.5
      vertex -14.5 -38 6.5
    endloop
  endfacet
  facet normal 1 -0 0
    outer loop
      vertex 2 -38 19.5
      vertex 2 -35.6 6.5
      vertex 2 -35.6 19.5
    endloop
  endfacet
  facet normal 1 0 0
    outer loop
      vertex 2 -35.6 6.5
      vertex 2 -38 19.5
      vertex 2 -38 6.5
    endloop
  endfacet
  facet normal 0 0 -1
    outer loop
      vertex 2 -38 19.5
      vertex 15 -35.6 19.5
      vertex 15 -38 19.5
    endloop
  endfacet
  facet normal -0 0 -1
    outer loop
      vertex 15 -35.6 19.5
      vertex 2 -38 19.5
      vertex 2 -35.6 19.5
    endloop
  endfacet
  facet normal -1 0 0
    outer loop
      vertex 15 -38 6.5
      vertex 15 -35.6 19.5
      vertex 15 -35.6 6.5
    endloop
  endfacet
  facet normal -1 -0 0
    outer loop
      vertex 15 -35.6 19.5
      vertex 15 -38 6.5
      vertex 15 -38 19.5
    endloop
  endfacet
  facet normal -0 0 1
    outer loop
      vertex 2 -35.6 6.5
      vertex 15 -38 6.5
      vertex 15 -35.6 6.5
    endloop
  endfacet
  facet normal 0 0 1
    outer loop
      vertex 15 -38 6.5
      vertex 2 -35.6 6.5
      vertex 2 -38 6.5
    endloop
  endfacet
  facet normal 1 -0 0
    outer loop
      vertex 35.5 -38 19.5
      vertex 35.5 -35.6 6.5
      vertex 35.5 -35.6 19.5
    endloop
  endfacet
  facet normal 1 0 0
    outer loop
      vertex 35.5 -35.6 6.5
      vertex 35.5 -38 19.5
      vertex 35.5 -38 6.5
    endloop
  endfacet
  facet normal 0 0 -1
    outer loop
      vertex 35.5 -38 19.5
      vertex 46.5 -35.6 19.5
      vertex 46.5 -38 19.5
    endloop
  endfacet
  facet normal -0 0 -1
    outer loop
      vertex 46.5 -35.6 19.5
      vertex 35.5 -38 19.5
      vertex 35.5 -35.6 19.5
    endloop
  endfacet
  facet normal -1 0 0
    outer loop
      vertex 46.5 -38 6.5
      vertex 46.5 -35.6 19.5
      vertex 46.5 -35.6 6.5
    endloop
  endfacet
  facet normal -1 -0 0
    outer loop
      vertex 46.5 -35.6 19.5
      vertex 46.5 -38 6.5
      vertex 46.5 -38 19.5
    endloop
  endfacet
  facet normal -0 0 1
    outer loop
      vertex 35.5 -35.6 6.5
      vertex 46.5 -38 6.5
      vertex 46.5 -35.6 6.5
    endloop
  endfacet
  facet normal 0 0 1
    outer loop
      vertex 46.5 -38 6.5
      vertex 35.5 -35.6 6.5
      vertex 35.5 -38 6.5
    endloop
  endfacet
  facet normal 1 -0 0
    outer loop
      vertex -19.5 35.6 23.5
      vertex -19.5 38 19.5
      vertex -19.5 38 23.5
    endloop
  endfacet
  facet normal 1 0 0
    outer loop
      vertex -19.5 38 19.5
      vertex -19.5 35.6 23.5
      vertex -19.5 35.6 19.5
    endloop
  endfacet
  facet normal 0 0 -1
    outer loop
      vertex -19.5 35.6 23.5
      vertex -10.5 38 23.5
      vertex -10.5 35.6 23.5
    endloop
  endfacet
  facet normal -0 0 -1
    outer loop
      vertex -10.5 38 23.5
      vertex -19.5 35.6 23.5
      vertex -19.5 38 23.5
    endloop
  endfacet
  facet normal -1 0 0
    outer loop
      vertex -10.5 35.6 19.5
      vertex -10.5 38 23.5
      vertex -10.5 38 19.5
    endloop
  endfacet
  facet normal -1 -0 0
    outer loop
      vertex -10.5 38 23.5
      vertex -10.5 35.6 19.5
      vertex -10.5 35.6 23.5
    endloop
  endfacet
  facet normal -0 0 1
    outer loop
      vertex -19.5 38 19.5
      vertex -10.5 35.6 19.5
      vertex -10.5 38 19.5
    endloop
  endfacet
  facet normal 0 0 1
    outer loop
      vertex -10.5 35.6 19.5
      vertex -19.5 38 19.5
      vertex -19.5 35.6 19.5
    endloop
  endfacet
  facet normal 1 -0 0
    outer loop
      vertex -6.5 35.6 23.5
      vertex -6.5 38 19.5
      vertex -6.5 38 23.5
    endloop
  endfacet
  facet normal 1 0 0
    outer loop
      vertex -6.5 38 19.5
      vertex -6.5 35.6 23.5
      vertex -6.5 35.6 19.5
    endloop
  endfacet
  facet normal 0 0 -1
    outer loop
      vertex -6.5 35.6 23.5
      vertex 2.5 38 23.5
      vertex 2.5 35.6 23.5
    endloop
  endfacet
  facet normal -0 0 -1
    outer loop
      vertex 2.5 38 23.5
      vertex -6.5 35.6 23.5
      vertex -6.5 38 23.5
    endloop
  endfacet
  facet normal -1 0 0
    outer loop
      vertex 2.5 35.6 19.5
      vertex 2.5 38 23.5
      vertex 2.5 38 19.5
    endloop
  endfacet
  facet normal -1 -0 0
    outer loop
      vertex 2.5 38 23.5
      vertex 2.5 35.6 19.5
      vertex 2.5 35.6 23.5
    endloop
  endfacet
  facet normal -0 0 1
    outer loop
      vertex -6.5 38 19.5
      vertex 2.5 35.6 19.5
      vertex 2.5 38 19.5
    endloop
  endfacet
  facet normal 0 0 1
    outer loop
      vertex 2.5 35.6 19.5
      vertex -6.5 38 19.5
      vertex -6.5 35.6 19.5
    endloop
  endfacet
  facet normal 1 -0 0
    outer loop
      vertex 6.5 35.6 23.5
      vertex 6.5 38 19.5
      vertex 6.5 38 23.5
    endloop
  endfacet
  facet normal 1 0 0
    outer loop
      vertex 6.5 38 19.5
      vertex 6.5 35.6 23.5
      vertex 6.5 35.6 19.5
    endloop
  endfacet
  facet normal 0 0 -1
    outer loop
      vertex 6.5 35.6 23.5
      vertex 15.5 38 23.5
      vertex 15.5 35.6 23.5
    endloop
  endfacet
  facet normal -0 0 -1
    outer loop
      vertex 15.5 38 23.5
      vertex 6.5 35.6 23.5
      vertex 6.5 38 23.5
    endloop
  endfacet
  facet normal -1 0 0
    outer loop
      vertex 15.5 35.6 19.5
      vertex 15.5 38 23.5
      vertex 15.5 38 19.5
    endloop
  endfacet
  facet normal -1 -0 0
    outer loop
      vertex 15.5 38 23.5
      vertex 15.5 35.6 19.5
      vertex 15.5 35.6 23.5
    endloop
  endfacet
  facet normal -0 0 1
    outer loop
      vertex 6.5 38 19.5
      vertex 15.5 35.6 19.5
      vertex 15.5 38 19.5
    endloop
  endfacet
  facet normal 0 0 1
    outer loop
      vertex 15.5 35.6 19.5
      vertex 6.5 38 19.5
      vertex 6.5 35.6 19.5
    endloop
  endfacet
  facet normal 1 -0 0
    outer loop
      vertex 19.5 35.6 23.5
      vertex 19.5 38 19.5
      vertex 19.5 38 23.5
    endloop
  endfacet
  facet normal 1 0 0
    outer loop
      vertex 19.5 38 19.5
      vertex 19.5 35.6 23.5
      vertex 19.5 35.6 19.5
    endloop
  endfacet
  facet normal 0 0 -1
    outer loop
      vertex 19.5 35.6 23.5
      vertex 28.5 38 23.5
      vertex 28.5 35.6 23.5
    endloop
  endfacet
  facet normal -0 0 -1
    outer loop
      vertex 28.5 38 23.5
      vertex 19.5 35.6 23.5
      vertex 19.5 38 23.5
    endloop
  endfacet
  facet normal -1 0 0
    outer loop
      vertex 28.5 35.6 19.5
      vertex 28.5 38 23.5
      vertex 28.5 38 19.5
    endloop
  endfacet
  facet normal -1 -0 0
    outer loop
      vertex 28.5 38 23.5
      vertex 28.5 35.6 19.5
      vertex 28.5 35.6 23.5
    endloop
  endfacet
  facet normal -0 0 1
    outer loop
      vertex 19.5 38 19.5
      vertex 28.5 35.6 19.5
      vertex 28.5 38 19.5
    endloop
  endfacet
  facet normal 0 0 1
    outer loop
      vertex 28.5 35.6 19.5
      vertex 19.5 38 19.5
      vertex 19.5 35.6 19.5
    endloop
  endfacet
  facet normal 1 -0 0
    outer loop
      vertex 32.5 35.6 23.5
      vertex 32.5 38 19.5
      vertex 32.5 38 23.5
    endloop
  endfacet
  facet normal 1 0 0
    outer loop
      vertex 32.5 38 19.5
      vertex 32.5 35.6 23.5
      vertex 32.5 35.6 19.5
    endloop
  endfacet
  facet normal 0 0 -1
    outer loop
      vertex 32.5 35.6 23.5
      vertex 41.5 38 23.5
      vertex 41.5 35.6 23.5
    endloop
  endfacet
  facet normal -0 0 -1
    outer loop
      vertex 41.5 38 23.5
      vertex 32.5 35.6 23.5
      vertex 32.5 38 23.5
    endloop
  endfacet
  facet normal -1 0 0
    outer loop
      vertex 41.5 35.6 19.5
      vertex 41.5 38 23.5
      vertex 41.5 38 19.5
    endloop
  endfacet
  facet normal -1 -0 0
    outer loop
      vertex 41.5 38 23.5
      vertex 41.5 35.6 19.5
      vertex 41.5 35.6 23.5
    endloop
  endfacet
  facet normal -0 0 1
    outer loop
      vertex 32.5 38 19.5
      vertex 41.5 35.6 19.5
      vertex 41.5 38 19.5
    endloop
  endfacet
  facet normal 0 0 1
    outer loop
      vertex 41.5 35.6 19.5
      vertex 32.5 38 19.5
      vertex 32.5 35.6 19.5
    endloop
  endfacet
  facet normal 1 -0 0
    outer loop
      vertex 45.5 35.6 23.5
      vertex 45.5 38 19.5
      vertex 45.5 38 23.5
    endloop
  endfacet
  facet normal 1 0 0
    outer loop
      vertex 45.5 38 19.5
      vertex 45.5 35.6 23.5
      vertex 45.5 35.6 19.5
    endloop
  endfacet
  facet normal 0 0 -1
    outer loop
      vertex 54.5 34 23.5
      vertex 53.2906 35.6 23.5
      vertex 54.5 38 23.5
    endloop
  endfacet
  facet normal 0 0 -1
    outer loop
      vertex 54.5 34 23.5
      vertex 52.7777 35.3259 23.5
      vertex 53.2906 35.6 23.5
    endloop
  endfacet
  facet normal 0 0 -1
    outer loop
      vertex 54.5 34 23.5
      vertex 52.1716 34.8284 23.5
      vertex 52.7777 35.3259 23.5
    endloop
  endfacet
  facet normal 0 0 -1
    outer loop
      vertex 54.5 34 23.5
      vertex 51.6741 34.2223 23.5
      vertex 52.1716 34.8284 23.5
    endloop
  endfacet
  facet normal 0 -0 -1
    outer loop
      vertex 51.6741 34.2223 23.5
      vertex 54.5 34 23.5
      vertex 51.5553 34 23.5
    endloop
  endfacet
  facet normal 0 0 -1
    outer loop
      vertex 45.5 38 23.5
      vertex 53.2906 35.6 23.5
      vertex 45.5 35.6 23.5
    endloop
  endfacet
  facet normal 0 0 -1
    outer loop
      vertex 53.2906 35.6 23.5
      vertex 45.5 38 23.5
      vertex 54.5 38 23.5
    endloop
  endfacet
  facet normal -1 0 0
    outer loop
      vertex 54.5 34 19.5
      vertex 54.5 38 23.5
      vertex 54.5 38 19.5
    endloop
  endfacet
  facet normal -1 -0 0
    outer loop
      vertex 54.5 38 23.5
      vertex 54.5 34 19.5
      vertex 54.5 34 23.5
    endloop
  endfacet
  facet normal 0 0 1
    outer loop
      vertex 54.5 38 19.5
      vertex 53.2906 35.6 19.5
      vertex 54.5 34 19.5
    endloop
  endfacet
  facet normal -0 0 1
    outer loop
      vertex 45.5 38 19.5
      vertex 53.2906 35.6 19.5
      vertex 54.5 38 19.5
    endloop
  endfacet
  facet normal 0 0 1
    outer loop
      vertex 53.2906 35.6 19.5
      vertex 45.5 38 19.5
      vertex 45.5 35.6 19.5
    endloop
  endfacet
  facet normal -0 0 1
    outer loop
      vertex 52.7777 35.3259 19.5
      vertex 54.5 34 19.5
      vertex 53.2906 35.6 19.5
    endloop
  endfacet
  facet normal -0 0 1
    outer loop
      vertex 52.1716 34.8284 19.5
      vertex 54.5 34 19.5
      vertex 52.7777 35.3259 19.5
    endloop
  endfacet
  facet normal -0 0 1
    outer loop
      vertex 51.6741 34.2223 19.5
      vertex 54.5 34 19.5
      vertex 52.1716 34.8284 19.5
    endloop
  endfacet
  facet normal 0 0 1
    outer loop
      vertex 54.5 34 19.5
      vertex 51.6741 34.2223 19.5
      vertex 51.5553 34 19.5
    endloop
  endfacet
  facet normal 0 1 -0
    outer loop
      vertex 54.5 34 19.5
      vertex 51.5553 34 23.5
      vertex 54.5 34 23.5
    endloop
  endfacet
  facet normal 0 1 0
    outer loop
      vertex 51.5553 34 23.5
      vertex 54.5 34 19.5
      vertex 51.5553 34 19.5
    endloop
  endfacet
  facet normal 1 -0 0
    outer loop
      vertex 56.5 -28.5 29.5
      vertex 56.5 -28.2952 6.5
      vertex 56.5 -28.2952 29.5
    endloop
  endfacet
  facet normal 1 0 0
    outer loop
      vertex 56.5 -28.2952 6.5
      vertex 56.5 -28.5 29.5
      vertex 56.5 -28.5 6.5
    endloop
  endfacet
  facet normal 1 -0 0
    outer loop
      vertex 56.5 28.2952 29.5
      vertex 56.5 28.5 6.5
      vertex 56.5 28.5 29.5
    endloop
  endfacet
  facet normal 1 0 0
    outer loop
      vertex 56.5 28.5 6.5
      vertex 56.5 28.2952 29.5
      vertex 56.5 28.2952 6.5
    endloop
  endfacet
  facet normal 0 0 -1
    outer loop
      vertex 56.5 -28.5 29.5
      vertex 56.5307 -28.3045 29.5
      vertex 56.8965 -28.5 29.5
    endloop
  endfacet
  facet normal -0 0 -1
    outer loop
      vertex 56.5307 -28.3045 29.5
      vertex 56.5 -28.5 29.5
      vertex 56.5 -28.2952 29.5
    endloop
  endfacet
  facet normal 0 0 -1
    outer loop
      vertex 56.5 28.5 29.5
      vertex 56.5307 28.3045 29.5
      vertex 56.5 28.2952 29.5
    endloop
  endfacet
  facet normal 0 0 -1
    outer loop
      vertex 56.5307 28.3045 29.5
      vertex 56.5 28.5 29.5
      vertex 56.8965 28.5 29.5
    endloop
  endfacet
  facet normal 0 0 -1
    outer loop
      vertex 58.6 -28.5 29.5
      vertex 61 28.5 29.5
      vertex 61 -28.5 29.5
    endloop
  endfacet
  facet normal -0 0 -1
    outer loop
      vertex 61 28.5 29.5
      vertex 58.6 -28.5 29.5
      vertex 58.6 28.5 29.5
    endloop
  endfacet
  facet normal 0 -1 0
    outer loop
      vertex 56.5 28.5 6.5
      vertex 56.8965 28.5 29.5
      vertex 56.5 28.5 29.5
    endloop
  endfacet
  facet normal 0 -1 -0
    outer loop
      vertex 56.8965 28.5 29.5
      vertex 56.5 28.5 6.5
      vertex 56.8965 28.5 6.5
    endloop
  endfacet
  facet normal 0 -1 0
    outer loop
      vertex 58.6 28.5 6.5
      vertex 61 28.5 29.5
      vertex 58.6 28.5 29.5
    endloop
  endfacet
  facet normal 0 -1 -0
    outer loop
      vertex 61 28.5 29.5
      vertex 58.6 28.5 6.5
      vertex 61 28.5 6.5
    endloop
  endfacet
  facet normal 0 0 1
    outer loop
      vertex 56.5 -28.5 6.5
      vertex 56.5307 -28.3045 6.5
      vertex 56.5 -28.2952 6.5
    endloop
  endfacet
  facet normal 0 0 1
    outer loop
      vertex 56.5307 -28.3045 6.5
      vertex 56.5 -28.5 6.5
      vertex 56.8965 -28.5 6.5
    endloop
  endfacet
  facet normal -0 0 1
    outer loop
      vertex 56.5 28.5 6.5
      vertex 56.5307 28.3045 6.5
      vertex 56.8965 28.5 6.5
    endloop
  endfacet
  facet normal 0 0 1
    outer loop
      vertex 56.5307 28.3045 6.5
      vertex 56.5 28.5 6.5
      vertex 56.5 28.2952 6.5
    endloop
  endfacet
  facet normal -0 0 1
    outer loop
      vertex 58.6 28.5 6.5
      vertex 61 -28.5 6.5
      vertex 61 28.5 6.5
    endloop
  endfacet
  facet normal 0 0 1
    outer loop
      vertex 61 -28.5 6.5
      vertex 58.6 28.5 6.5
      vertex 58.6 -28.5 6.5
    endloop
  endfacet
  facet normal 0 1 -0
    outer loop
      vertex 56.8965 -28.5 6.5
      vertex 56.5 -28.5 29.5
      vertex 56.8965 -28.5 29.5
    endloop
  endfacet
  facet normal 0 1 0
    outer loop
      vertex 56.5 -28.5 29.5
      vertex 56.8965 -28.5 6.5
      vertex 56.5 -28.5 6.5
    endloop
  endfacet
  facet normal 0 1 -0
    outer loop
      vertex 61 -28.5 6.5
      vertex 58.6 -28.5 29.5
      vertex 61 -28.5 29.5
    endloop
  endfacet
  facet normal 0 1 0
    outer loop
      vertex 58.6 -28.5 29.5
      vertex 61 -28.5 6.5
      vertex 58.6 -28.5 6.5
    endloop
  endfacet
  facet normal 0.956865 -0 0.290533
    outer loop
      vertex 29.0403 35.6 28.0903
      vertex 29.1599 38 27.6964
      vertex 29.0403 38 28.0903
    endloop
  endfacet
  facet normal 0.956865 0 0.290533
    outer loop
      vertex 29.1599 38 27.6964
      vertex 29.0403 35.6 28.0903
      vertex 29.1599 35.6 27.6964
    endloop
  endfacet
  facet normal -0.995173 0 -0.0981328
    outer loop
      vertex 49 35.6 28.5
      vertex 48.9596 38 28.9097
      vertex 49 38 28.5
    endloop
  endfacet
  facet normal -0.995173 -0 -0.0981328
    outer loop
      vertex 48.9596 38 28.9097
      vertex 49 35.6 28.5
      vertex 48.9596 35.6 28.9097
    endloop
  endfacet
  facet normal 0.995197 -0 0.0978922
    outer loop
      vertex 29 35.6 28.5
      vertex 29.0403 38 28.0903
      vertex 29 38 28.5
    endloop
  endfacet
  facet normal 0.995197 0 0.0978922
    outer loop
      vertex 29.0403 38 28.0903
      vertex 29 35.6 28.5
      vertex 29.0403 35.6 28.0903
    endloop
  endfacet
  facet normal 0 0 -1
    outer loop
      vertex 31.1 35.6 30.6
      vertex 46.9 38 30.6
      vertex 46.9 35.6 30.6
    endloop
  endfacet
  facet normal -0 0 -1
    outer loop
      vertex 46.9 38 30.6
      vertex 31.1 35.6 30.6
      vertex 31.1 38 30.6
    endloop
  endfacet
  facet normal -0.956932 0 -0.290311
    outer loop
      vertex 48.9596 35.6 28.9097
      vertex 48.8401 38 29.3036
      vertex 48.9596 38 28.9097
    endloop
  endfacet
  facet normal -0.956932 -0 -0.290311
    outer loop
      vertex 48.8401 38 29.3036
      vertex 48.9596 35.6 28.9097
      vertex 48.8401 35.6 29.3036
    endloop
  endfacet
  facet normal 0.63448 0 -0.772939
    outer loop
      vertex 29.6151 35.6 29.9849
      vertex 29.9333 38 30.2461
      vertex 29.9333 35.6 30.2461
    endloop
  endfacet
  facet normal 0.63448 0 -0.772939
    outer loop
      vertex 29.9333 38 30.2461
      vertex 29.6151 35.6 29.9849
      vertex 29.6151 38 29.9849
    endloop
  endfacet
  facet normal 0.0981328 0 -0.995173
    outer loop
      vertex 30.6903 35.6 30.5596
      vertex 31.1 38 30.6
      vertex 31.1 35.6 30.6
    endloop
  endfacet
  facet normal 0.0981328 0 -0.995173
    outer loop
      vertex 31.1 38 30.6
      vertex 30.6903 35.6 30.5596
      vertex 30.6903 38 30.5596
    endloop
  endfacet
  facet normal -0.0978922 0 0.995197
    outer loop
      vertex 46.9 38 26.4
      vertex 47.3097 35.6 26.4403
      vertex 47.3097 38 26.4403
    endloop
  endfacet
  facet normal -0.0978922 0 0.995197
    outer loop
      vertex 47.3097 35.6 26.4403
      vertex 46.9 38 26.4
      vertex 46.9 35.6 26.4
    endloop
  endfacet
  facet normal -0 0 1
    outer loop
      vertex 31.1 38 26.4
      vertex 46.9 35.6 26.4
      vertex 46.9 38 26.4
    endloop
  endfacet
  facet normal 0 0 1
    outer loop
      vertex 46.9 35.6 26.4
      vertex 31.1 38 26.4
      vertex 31.1 35.6 26.4
    endloop
  endfacet
  facet normal 0.882003 0 -0.471244
    outer loop
      vertex 29.3539 35.6 29.6667
      vertex 29.1599 38 29.3036
      vertex 29.3539 38 29.6667
    endloop
  endfacet
  facet normal 0.882003 0 -0.471244
    outer loop
      vertex 29.1599 38 29.3036
      vertex 29.3539 35.6 29.6667
      vertex 29.1599 35.6 29.3036
    endloop
  endfacet
  facet normal -0.63448 0 -0.772939
    outer loop
      vertex 48.0667 35.6 30.2461
      vertex 48.3849 38 29.9849
      vertex 48.3849 35.6 29.9849
    endloop
  endfacet
  facet normal -0.63448 0 -0.772939
    outer loop
      vertex 48.3849 38 29.9849
      vertex 48.0667 35.6 30.2461
      vertex 48.0667 38 30.2461
    endloop
  endfacet
  facet normal 0.290311 0 -0.956932
    outer loop
      vertex 30.2964 35.6 30.4401
      vertex 30.6903 38 30.5596
      vertex 30.6903 35.6 30.5596
    endloop
  endfacet
  facet normal 0.290311 0 -0.956932
    outer loop
      vertex 30.6903 38 30.5596
      vertex 30.2964 35.6 30.4401
      vertex 30.2964 38 30.4401
    endloop
  endfacet
  facet normal 0.772939 0 -0.63448
    outer loop
      vertex 29.6151 35.6 29.9849
      vertex 29.3539 38 29.6667
      vertex 29.6151 38 29.9849
    endloop
  endfacet
  facet normal 0.772939 0 -0.63448
    outer loop
      vertex 29.3539 38 29.6667
      vertex 29.6151 35.6 29.9849
      vertex 29.3539 35.6 29.6667
    endloop
  endfacet
  facet normal -0.772939 0 0.63448
    outer loop
      vertex 48.3849 35.6 27.0151
      vertex 48.6461 38 27.3333
      vertex 48.3849 38 27.0151
    endloop
  endfacet
  facet normal -0.772939 0 0.63448
    outer loop
      vertex 48.6461 38 27.3333
      vertex 48.3849 35.6 27.0151
      vertex 48.6461 35.6 27.3333
    endloop
  endfacet
  facet normal 0.882003 -0 0.471244
    outer loop
      vertex 29.1599 35.6 27.6964
      vertex 29.3539 38 27.3333
      vertex 29.1599 38 27.6964
    endloop
  endfacet
  facet normal 0.882003 0 0.471244
    outer loop
      vertex 29.3539 38 27.3333
      vertex 29.1599 35.6 27.6964
      vertex 29.3539 35.6 27.3333
    endloop
  endfacet
  facet normal -0.882003 0 -0.471244
    outer loop
      vertex 48.8401 35.6 29.3036
      vertex 48.6461 38 29.6667
      vertex 48.8401 38 29.3036
    endloop
  endfacet
  facet normal -0.882003 -0 -0.471244
    outer loop
      vertex 48.6461 38 29.6667
      vertex 48.8401 35.6 29.3036
      vertex 48.6461 35.6 29.6667
    endloop
  endfacet
  facet normal -0.290311 0 -0.956932
    outer loop
      vertex 47.3097 35.6 30.5596
      vertex 47.7036 38 30.4401
      vertex 47.7036 35.6 30.4401
    endloop
  endfacet
  facet normal -0.290311 0 -0.956932
    outer loop
      vertex 47.7036 38 30.4401
      vertex 47.3097 35.6 30.5596
      vertex 47.3097 38 30.5596
    endloop
  endfacet
  facet normal -0.0981328 0 -0.995173
    outer loop
      vertex 46.9 35.6 30.6
      vertex 47.3097 38 30.5596
      vertex 47.3097 35.6 30.5596
    endloop
  endfacet
  facet normal -0.0981328 0 -0.995173
    outer loop
      vertex 47.3097 38 30.5596
      vertex 46.9 35.6 30.6
      vertex 46.9 38 30.6
    endloop
  endfacet
  facet normal -0.471244 0 -0.882003
    outer loop
      vertex 47.7036 35.6 30.4401
      vertex 48.0667 38 30.2461
      vertex 48.0667 35.6 30.2461
    endloop
  endfacet
  facet normal -0.471244 0 -0.882003
    outer loop
      vertex 48.0667 38 30.2461
      vertex 47.7036 35.6 30.4401
      vertex 47.7036 38 30.4401
    endloop
  endfacet
  facet normal 0.471244 0 -0.882003
    outer loop
      vertex 29.9333 35.6 30.2461
      vertex 30.2964 38 30.4401
      vertex 30.2964 35.6 30.4401
    endloop
  endfacet
  facet normal 0.471244 0 -0.882003
    outer loop
      vertex 30.2964 38 30.4401
      vertex 29.9333 35.6 30.2461
      vertex 29.9333 38 30.2461
    endloop
  endfacet
  facet normal 0.956865 0 -0.290533
    outer loop
      vertex 29.1599 35.6 29.3036
      vertex 29.0403 38 28.9097
      vertex 29.1599 38 29.3036
    endloop
  endfacet
  facet normal 0.956865 0 -0.290533
    outer loop
      vertex 29.0403 38 28.9097
      vertex 29.1599 35.6 29.3036
      vertex 29.0403 35.6 28.9097
    endloop
  endfacet
  facet normal 0.995197 0 -0.0978922
    outer loop
      vertex 29.0403 35.6 28.9097
      vertex 29 38 28.5
      vertex 29.0403 38 28.9097
    endloop
  endfacet
  facet normal 0.995197 0 -0.0978922
    outer loop
      vertex 29 38 28.5
      vertex 29.0403 35.6 28.9097
      vertex 29 35.6 28.5
    endloop
  endfacet
  facet normal -0.290533 0 0.956865
    outer loop
      vertex 47.3097 38 26.4403
      vertex 47.7036 35.6 26.5599
      vertex 47.7036 38 26.5599
    endloop
  endfacet
  facet normal -0.290533 0 0.956865
    outer loop
      vertex 47.7036 35.6 26.5599
      vertex 47.3097 38 26.4403
      vertex 47.3097 35.6 26.4403
    endloop
  endfacet
  facet normal -0.471244 0 0.882003
    outer loop
      vertex 47.7036 38 26.5599
      vertex 48.0667 35.6 26.7539
      vertex 48.0667 38 26.7539
    endloop
  endfacet
  facet normal -0.471244 0 0.882003
    outer loop
      vertex 48.0667 35.6 26.7539
      vertex 47.7036 38 26.5599
      vertex 47.7036 35.6 26.5599
    endloop
  endfacet
  facet normal -0.63448 0 0.772939
    outer loop
      vertex 48.0667 38 26.7539
      vertex 48.3849 35.6 27.0151
      vertex 48.3849 38 27.0151
    endloop
  endfacet
  facet normal -0.63448 0 0.772939
    outer loop
      vertex 48.3849 35.6 27.0151
      vertex 48.0667 38 26.7539
      vertex 48.0667 35.6 26.7539
    endloop
  endfacet
  facet normal -0.995173 0 0.0981328
    outer loop
      vertex 48.9596 35.6 28.0903
      vertex 49 38 28.5
      vertex 48.9596 38 28.0903
    endloop
  endfacet
  facet normal -0.995173 0 0.0981328
    outer loop
      vertex 49 38 28.5
      vertex 48.9596 35.6 28.0903
      vertex 49 35.6 28.5
    endloop
  endfacet
  facet normal 0.471244 0 0.882003
    outer loop
      vertex 29.9333 38 26.7539
      vertex 30.2964 35.6 26.5599
      vertex 30.2964 38 26.5599
    endloop
  endfacet
  facet normal 0.471244 0 0.882003
    outer loop
      vertex 30.2964 35.6 26.5599
      vertex 29.9333 38 26.7539
      vertex 29.9333 35.6 26.7539
    endloop
  endfacet
  facet normal 0.0978922 0 0.995197
    outer loop
      vertex 30.6903 38 26.4403
      vertex 31.1 35.6 26.4
      vertex 31.1 38 26.4
    endloop
  endfacet
  facet normal 0.0978922 0 0.995197
    outer loop
      vertex 31.1 35.6 26.4
      vertex 30.6903 38 26.4403
      vertex 30.6903 35.6 26.4403
    endloop
  endfacet
  facet normal -0.772939 0 -0.63448
    outer loop
      vertex 48.6461 35.6 29.6667
      vertex 48.3849 38 29.9849
      vertex 48.6461 38 29.6667
    endloop
  endfacet
  facet normal -0.772939 -0 -0.63448
    outer loop
      vertex 48.3849 38 29.9849
      vertex 48.6461 35.6 29.6667
      vertex 48.3849 35.6 29.9849
    endloop
  endfacet
  facet normal -0.882003 0 0.471244
    outer loop
      vertex 48.6461 35.6 27.3333
      vertex 48.8401 38 27.6964
      vertex 48.6461 38 27.3333
    endloop
  endfacet
  facet normal -0.882003 0 0.471244
    outer loop
      vertex 48.8401 38 27.6964
      vertex 48.6461 35.6 27.3333
      vertex 48.8401 35.6 27.6964
    endloop
  endfacet
  facet normal -0.956932 0 0.290311
    outer loop
      vertex 48.8401 35.6 27.6964
      vertex 48.9596 38 28.0903
      vertex 48.8401 38 27.6964
    endloop
  endfacet
  facet normal -0.956932 0 0.290311
    outer loop
      vertex 48.9596 38 28.0903
      vertex 48.8401 35.6 27.6964
      vertex 48.9596 35.6 28.0903
    endloop
  endfacet
  facet normal 0.290533 0 0.956865
    outer loop
      vertex 30.2964 38 26.5599
      vertex 30.6903 35.6 26.4403
      vertex 30.6903 38 26.4403
    endloop
  endfacet
  facet normal 0.290533 0 0.956865
    outer loop
      vertex 30.6903 35.6 26.4403
      vertex 30.2964 38 26.5599
      vertex 30.2964 35.6 26.5599
    endloop
  endfacet
  facet normal 0.772939 -0 0.63448
    outer loop
      vertex 29.3539 35.6 27.3333
      vertex 29.6151 38 27.0151
      vertex 29.3539 38 27.3333
    endloop
  endfacet
  facet normal 0.772939 0 0.63448
    outer loop
      vertex 29.6151 38 27.0151
      vertex 29.3539 35.6 27.3333
      vertex 29.6151 35.6 27.0151
    endloop
  endfacet
  facet normal 0.63448 0 0.772939
    outer loop
      vertex 29.6151 38 27.0151
      vertex 29.9333 35.6 26.7539
      vertex 29.9333 38 26.7539
    endloop
  endfacet
  facet normal 0.63448 0 0.772939
    outer loop
      vertex 29.9333 35.6 26.7539
      vertex 29.6151 38 27.0151
      vertex 29.6151 35.6 27.0151
    endloop
  endfacet
  facet normal 1 -0 0
    outer loop
      vertex 24.9 35.6 31.5
      vertex 24.9 38 25.5
      vertex 24.9 38 31.5
    endloop
  endfacet
  facet normal 1 0 0
    outer loop
      vertex 24.9 38 25.5
      vertex 24.9 35.6 31.5
      vertex 24.9 35.6 25.5
    endloop
  endfacet
  facet normal 0 0 -1
    outer loop
      vertex 24.9 35.6 31.5
      vertex 28.1 38 31.5
      vertex 28.1 35.6 31.5
    endloop
  endfacet
  facet normal -0 0 -1
    outer loop
      vertex 28.1 38 31.5
      vertex 24.9 35.6 31.5
      vertex 24.9 38 31.5
    endloop
  endfacet
  facet normal -1 0 0
    outer loop
      vertex 28.1 35.6 25.5
      vertex 28.1 38 31.5
      vertex 28.1 38 25.5
    endloop
  endfacet
  facet normal -1 -0 0
    outer loop
      vertex 28.1 38 31.5
      vertex 28.1 35.6 25.5
      vertex 28.1 35.6 31.5
    endloop
  endfacet
  facet normal -0 0 1
    outer loop
      vertex 24.9 38 25.5
      vertex 28.1 35.6 25.5
      vertex 28.1 38 25.5
    endloop
  endfacet
  facet normal 0 0 1
    outer loop
      vertex 28.1 35.6 25.5
      vertex 24.9 38 25.5
      vertex 24.9 35.6 25.5
    endloop
  endfacet
  facet normal 1 -0 0
    outer loop
      vertex 49.9 35.6 31.5
      vertex 49.9 38 25.5
      vertex 49.9 38 31.5
    endloop
  endfacet
  facet normal 1 0 0
    outer loop
      vertex 49.9 38 25.5
      vertex 49.9 35.6 31.5
      vertex 49.9 35.6 25.5
    endloop
  endfacet
  facet normal 0 0 -1
    outer loop
      vertex 53.1 34 31.5
      vertex 52.7777 35.3259 31.5
      vertex 53.1 35.4981 31.5
    endloop
  endfacet
  facet normal 0 0 -1
    outer loop
      vertex 53.1 34 31.5
      vertex 52.1716 34.8284 31.5
      vertex 52.7777 35.3259 31.5
    endloop
  endfacet
  facet normal 0 0 -1
    outer loop
      vertex 53.1 34 31.5
      vertex 51.6741 34.2223 31.5
      vertex 52.1716 34.8284 31.5
    endloop
  endfacet
  facet normal 0 -0 -1
    outer loop
      vertex 51.6741 34.2223 31.5
      vertex 53.1 34 31.5
      vertex 51.5553 34 31.5
    endloop
  endfacet
  facet normal 0 0 -1
    outer loop
      vertex 49.9 35.6 31.5
      vertex 53.1 38 31.5
      vertex 53.1 35.6 31.5
    endloop
  endfacet
  facet normal -0 0 -1
    outer loop
      vertex 53.1 38 31.5
      vertex 49.9 35.6 31.5
      vertex 49.9 38 31.5
    endloop
  endfacet
  facet normal -1 0 0
    outer loop
      vertex 53.1 34 25.5
      vertex 53.1 35.4981 31.5
      vertex 53.1 35.4981 25.5
    endloop
  endfacet
  facet normal -1 -0 0
    outer loop
      vertex 53.1 35.4981 31.5
      vertex 53.1 34 25.5
      vertex 53.1 34 31.5
    endloop
  endfacet
  facet normal -1 0 0
    outer loop
      vertex 53.1 35.6 25.5
      vertex 53.1 38 31.5
      vertex 53.1 38 25.5
    endloop
  endfacet
  facet normal -1 -0 0
    outer loop
      vertex 53.1 38 31.5
      vertex 53.1 35.6 25.5
      vertex 53.1 35.6 31.5
    endloop
  endfacet
  facet normal -0 0 1
    outer loop
      vertex 52.7777 35.3259 25.5
      vertex 53.1 34 25.5
      vertex 53.1 35.4981 25.5
    endloop
  endfacet
  facet normal -0 0 1
    outer loop
      vertex 52.1716 34.8284 25.5
      vertex 53.1 34 25.5
      vertex 52.7777 35.3259 25.5
    endloop
  endfacet
  facet normal -0 0 1
    outer loop
      vertex 51.6741 34.2223 25.5
      vertex 53.1 34 25.5
      vertex 52.1716 34.8284 25.5
    endloop
  endfacet
  facet normal 0 0 1
    outer loop
      vertex 53.1 34 25.5
      vertex 51.6741 34.2223 25.5
      vertex 51.5553 34 25.5
    endloop
  endfacet
  facet normal -0 0 1
    outer loop
      vertex 49.9 38 25.5
      vertex 53.1 35.6 25.5
      vertex 53.1 38 25.5
    endloop
  endfacet
  facet normal 0 0 1
    outer loop
      vertex 53.1 35.6 25.5
      vertex 49.9 38 25.5
      vertex 49.9 35.6 25.5
    endloop
  endfacet
  facet normal 0 1 -0
    outer loop
      vertex 53.1 34 25.5
      vertex 51.5553 34 31.5
      vertex 53.1 34 31.5
    endloop
  endfacet
  facet normal 0 1 0
    outer loop
      vertex 51.5553 34 31.5
      vertex 53.1 34 25.5
      vertex 51.5553 34 25.5
    endloop
  endfacet
endsolid OpenSCAD_Model
