solid OpenSCAD_Model
  facet normal -0.995176 -0.0981075 0
    outer loop
      vertex -53.3 -32 0
      vertex -53.3327 -31.6683 3
      vertex -53.3327 -31.6683 0
    endloop
  endfacet
  facet normal -0.995176 -0.0981075 0
    outer loop
      vertex -53.3327 -31.6683 3
      vertex -53.3 -32 0
      vertex -53.3 -32 3
    endloop
  endfacet
  facet normal 0.995176 -0.0981075 0
    outer loop
      vertex -56.7 -32 3
      vertex -56.6673 -31.6683 0
      vertex -56.6673 -31.6683 3
    endloop
  endfacet
  facet normal 0.995176 -0.0981075 0
    outer loop
      vertex -56.6673 -31.6683 0
      vertex -56.7 -32 3
      vertex -56.7 -32 0
    endloop
  endfacet
  facet normal -0.0981075 -0.995176 0
    outer loop
      vertex -55 -30.3 0
      vertex -54.6683 -30.3327 3
      vertex -55 -30.3 3
    endloop
  endfacet
  facet normal -0.0981075 -0.995176 -0
    outer loop
      vertex -54.6683 -30.3327 3
      vertex -55 -30.3 0
      vertex -54.6683 -30.3327 0
    endloop
  endfacet
  facet normal 0.0981075 0.995176 -0
    outer loop
      vertex -55 -33.7 0
      vertex -55.3317 -33.6673 3
      vertex -55 -33.7 3
    endloop
  endfacet
  facet normal 0.0981075 0.995176 0
    outer loop
      vertex -55.3317 -33.6673 3
      vertex -55 -33.7 0
      vertex -55.3317 -33.6673 0
    endloop
  endfacet
  facet normal 0.773021 0.634381 0
    outer loop
      vertex -56.2021 -33.2021 3
      vertex -56.4135 -32.9445 0
      vertex -56.4135 -32.9445 3
    endloop
  endfacet
  facet normal 0.773021 0.634381 0
    outer loop
      vertex -56.4135 -32.9445 0
      vertex -56.2021 -33.2021 3
      vertex -56.2021 -33.2021 0
    endloop
  endfacet
  facet normal -0.634381 -0.773021 0
    outer loop
      vertex -54.0555 -30.5865 0
      vertex -53.7979 -30.7979 3
      vertex -54.0555 -30.5865 3
    endloop
  endfacet
  facet normal -0.634381 -0.773021 -0
    outer loop
      vertex -53.7979 -30.7979 3
      vertex -54.0555 -30.5865 0
      vertex -53.7979 -30.7979 0
    endloop
  endfacet
  facet normal -0.471413 -0.881912 0
    outer loop
      vertex -54.3494 -30.4294 0
      vertex -54.0555 -30.5865 3
      vertex -54.3494 -30.4294 3
    endloop
  endfacet
  facet normal -0.471413 -0.881912 -0
    outer loop
      vertex -54.0555 -30.5865 3
      vertex -54.3494 -30.4294 0
      vertex -54.0555 -30.5865 0
    endloop
  endfacet
  facet normal 0.634381 -0.773021 0
    outer loop
      vertex -56.2021 -30.7979 0
      vertex -55.9445 -30.5865 3
      vertex -56.2021 -30.7979 3
    endloop
  endfacet
  facet normal 0.634381 -0.773021 0
    outer loop
      vertex -55.9445 -30.5865 3
      vertex -56.2021 -30.7979 0
      vertex -55.9445 -30.5865 0
    endloop
  endfacet
  facet normal 0.290182 -0.956971 0
    outer loop
      vertex -55.6506 -30.4294 0
      vertex -55.3317 -30.3327 3
      vertex -55.6506 -30.4294 3
    endloop
  endfacet
  facet normal 0.290182 -0.956971 0
    outer loop
      vertex -55.3317 -30.3327 3
      vertex -55.6506 -30.4294 0
      vertex -55.3317 -30.3327 0
    endloop
  endfacet
  facet normal -0.773021 0.634381 0
    outer loop
      vertex -53.7979 -33.2021 0
      vertex -53.5865 -32.9445 3
      vertex -53.5865 -32.9445 0
    endloop
  endfacet
  facet normal -0.773021 0.634381 0
    outer loop
      vertex -53.5865 -32.9445 3
      vertex -53.7979 -33.2021 0
      vertex -53.7979 -33.2021 3
    endloop
  endfacet
  facet normal -0.881912 -0.471413 0
    outer loop
      vertex -53.4294 -31.3494 0
      vertex -53.5865 -31.0555 3
      vertex -53.5865 -31.0555 0
    endloop
  endfacet
  facet normal -0.881912 -0.471413 0
    outer loop
      vertex -53.5865 -31.0555 3
      vertex -53.4294 -31.3494 0
      vertex -53.4294 -31.3494 3
    endloop
  endfacet
  facet normal -0.956971 -0.290182 0
    outer loop
      vertex -53.3327 -31.6683 0
      vertex -53.4294 -31.3494 3
      vertex -53.4294 -31.3494 0
    endloop
  endfacet
  facet normal -0.956971 -0.290182 0
    outer loop
      vertex -53.4294 -31.3494 3
      vertex -53.3327 -31.6683 0
      vertex -53.3327 -31.6683 3
    endloop
  endfacet
  facet normal -0.773021 -0.634381 0
    outer loop
      vertex -53.5865 -31.0555 0
      vertex -53.7979 -30.7979 3
      vertex -53.7979 -30.7979 0
    endloop
  endfacet
  facet normal -0.773021 -0.634381 0
    outer loop
      vertex -53.7979 -30.7979 3
      vertex -53.5865 -31.0555 0
      vertex -53.5865 -31.0555 3
    endloop
  endfacet
  facet normal -0.290182 -0.956971 0
    outer loop
      vertex -54.6683 -30.3327 0
      vertex -54.3494 -30.4294 3
      vertex -54.6683 -30.3327 3
    endloop
  endfacet
  facet normal -0.290182 -0.956971 -0
    outer loop
      vertex -54.3494 -30.4294 3
      vertex -54.6683 -30.3327 0
      vertex -54.3494 -30.4294 0
    endloop
  endfacet
  facet normal 0.881912 -0.471413 0
    outer loop
      vertex -56.5706 -31.3494 3
      vertex -56.4135 -31.0555 0
      vertex -56.4135 -31.0555 3
    endloop
  endfacet
  facet normal 0.881912 -0.471413 0
    outer loop
      vertex -56.4135 -31.0555 0
      vertex -56.5706 -31.3494 3
      vertex -56.5706 -31.3494 0
    endloop
  endfacet
  facet normal 0.773021 -0.634381 0
    outer loop
      vertex -56.4135 -31.0555 3
      vertex -56.2021 -30.7979 0
      vertex -56.2021 -30.7979 3
    endloop
  endfacet
  facet normal 0.773021 -0.634381 0
    outer loop
      vertex -56.2021 -30.7979 0
      vertex -56.4135 -31.0555 3
      vertex -56.4135 -31.0555 0
    endloop
  endfacet
  facet normal 0.956971 -0.290182 0
    outer loop
      vertex -56.6673 -31.6683 3
      vertex -56.5706 -31.3494 0
      vertex -56.5706 -31.3494 3
    endloop
  endfacet
  facet normal 0.956971 -0.290182 0
    outer loop
      vertex -56.5706 -31.3494 0
      vertex -56.6673 -31.6683 3
      vertex -56.6673 -31.6683 0
    endloop
  endfacet
  facet normal 0.471413 -0.881912 0
    outer loop
      vertex -55.9445 -30.5865 0
      vertex -55.6506 -30.4294 3
      vertex -55.9445 -30.5865 3
    endloop
  endfacet
  facet normal 0.471413 -0.881912 0
    outer loop
      vertex -55.6506 -30.4294 3
      vertex -55.9445 -30.5865 0
      vertex -55.6506 -30.4294 0
    endloop
  endfacet
  facet normal 0.0981075 -0.995176 0
    outer loop
      vertex -55.3317 -30.3327 0
      vertex -55 -30.3 3
      vertex -55.3317 -30.3327 3
    endloop
  endfacet
  facet normal 0.0981075 -0.995176 0
    outer loop
      vertex -55 -30.3 3
      vertex -55.3317 -30.3327 0
      vertex -55 -30.3 0
    endloop
  endfacet
  facet normal -0.995176 0.0981075 0
    outer loop
      vertex -53.3327 -32.3317 0
      vertex -53.3 -32 3
      vertex -53.3 -32 0
    endloop
  endfacet
  facet normal -0.995176 0.0981075 0
    outer loop
      vertex -53.3 -32 3
      vertex -53.3327 -32.3317 0
      vertex -53.3327 -32.3317 3
    endloop
  endfacet
  facet normal -0.0981075 0.995176 0
    outer loop
      vertex -54.6683 -33.6673 0
      vertex -55 -33.7 3
      vertex -54.6683 -33.6673 3
    endloop
  endfacet
  facet normal -0.0981075 0.995176 0
    outer loop
      vertex -55 -33.7 3
      vertex -54.6683 -33.6673 0
      vertex -55 -33.7 0
    endloop
  endfacet
  facet normal -0.471413 0.881912 0
    outer loop
      vertex -54.0555 -33.4135 0
      vertex -54.3494 -33.5706 3
      vertex -54.0555 -33.4135 3
    endloop
  endfacet
  facet normal -0.471413 0.881912 0
    outer loop
      vertex -54.3494 -33.5706 3
      vertex -54.0555 -33.4135 0
      vertex -54.3494 -33.5706 0
    endloop
  endfacet
  facet normal 0.634381 0.773021 -0
    outer loop
      vertex -55.9445 -33.4135 0
      vertex -56.2021 -33.2021 3
      vertex -55.9445 -33.4135 3
    endloop
  endfacet
  facet normal 0.634381 0.773021 0
    outer loop
      vertex -56.2021 -33.2021 3
      vertex -55.9445 -33.4135 0
      vertex -56.2021 -33.2021 0
    endloop
  endfacet
  facet normal 0.290182 0.956971 -0
    outer loop
      vertex -55.3317 -33.6673 0
      vertex -55.6506 -33.5706 3
      vertex -55.3317 -33.6673 3
    endloop
  endfacet
  facet normal 0.290182 0.956971 0
    outer loop
      vertex -55.6506 -33.5706 3
      vertex -55.3317 -33.6673 0
      vertex -55.6506 -33.5706 0
    endloop
  endfacet
  facet normal 0.881912 0.471413 0
    outer loop
      vertex -56.4135 -32.9445 3
      vertex -56.5706 -32.6506 0
      vertex -56.5706 -32.6506 3
    endloop
  endfacet
  facet normal 0.881912 0.471413 0
    outer loop
      vertex -56.5706 -32.6506 0
      vertex -56.4135 -32.9445 3
      vertex -56.4135 -32.9445 0
    endloop
  endfacet
  facet normal 0.995176 0.0981075 0
    outer loop
      vertex -56.6673 -32.3317 3
      vertex -56.7 -32 0
      vertex -56.7 -32 3
    endloop
  endfacet
  facet normal 0.995176 0.0981075 0
    outer loop
      vertex -56.7 -32 0
      vertex -56.6673 -32.3317 3
      vertex -56.6673 -32.3317 0
    endloop
  endfacet
  facet normal -0.290182 0.956971 0
    outer loop
      vertex -54.3494 -33.5706 0
      vertex -54.6683 -33.6673 3
      vertex -54.3494 -33.5706 3
    endloop
  endfacet
  facet normal -0.290182 0.956971 0
    outer loop
      vertex -54.6683 -33.6673 3
      vertex -54.3494 -33.5706 0
      vertex -54.6683 -33.6673 0
    endloop
  endfacet
  facet normal -0.634381 0.773021 0
    outer loop
      vertex -53.7979 -33.2021 0
      vertex -54.0555 -33.4135 3
      vertex -53.7979 -33.2021 3
    endloop
  endfacet
  facet normal -0.634381 0.773021 0
    outer loop
      vertex -54.0555 -33.4135 3
      vertex -53.7979 -33.2021 0
      vertex -54.0555 -33.4135 0
    endloop
  endfacet
  facet normal -0.956971 0.290182 0
    outer loop
      vertex -53.4294 -32.6506 0
      vertex -53.3327 -32.3317 3
      vertex -53.3327 -32.3317 0
    endloop
  endfacet
  facet normal -0.956971 0.290182 0
    outer loop
      vertex -53.3327 -32.3317 3
      vertex -53.4294 -32.6506 0
      vertex -53.4294 -32.6506 3
    endloop
  endfacet
  facet normal -0.881912 0.471413 0
    outer loop
      vertex -53.5865 -32.9445 0
      vertex -53.4294 -32.6506 3
      vertex -53.4294 -32.6506 0
    endloop
  endfacet
  facet normal -0.881912 0.471413 0
    outer loop
      vertex -53.4294 -32.6506 3
      vertex -53.5865 -32.9445 0
      vertex -53.5865 -32.9445 3
    endloop
  endfacet
  facet normal 0.471413 0.881912 -0
    outer loop
      vertex -55.6506 -33.5706 0
      vertex -55.9445 -33.4135 3
      vertex -55.6506 -33.5706 3
    endloop
  endfacet
  facet normal 0.471413 0.881912 0
    outer loop
      vertex -55.9445 -33.4135 3
      vertex -55.6506 -33.5706 0
      vertex -55.9445 -33.4135 0
    endloop
  endfacet
  facet normal 0.956971 0.290182 0
    outer loop
      vertex -56.5706 -32.6506 3
      vertex -56.6673 -32.3317 0
      vertex -56.6673 -32.3317 3
    endloop
  endfacet
  facet normal 0.956971 0.290182 0
    outer loop
      vertex -56.6673 -32.3317 0
      vertex -56.5706 -32.6506 3
      vertex -56.5706 -32.6506 0
    endloop
  endfacet
  facet normal -0.995176 -0.0981075 0
    outer loop
      vertex -53.3 32 0
      vertex -53.3327 32.3317 3
      vertex -53.3327 32.3317 0
    endloop
  endfacet
  facet normal -0.995176 -0.0981075 0
    outer loop
      vertex -53.3327 32.3317 3
      vertex -53.3 32 0
      vertex -53.3 32 3
    endloop
  endfacet
  facet normal 0.0981075 -0.995176 0
    outer loop
      vertex -55.3317 33.6673 0
      vertex -55 33.7 3
      vertex -55.3317 33.6673 3
    endloop
  endfacet
  facet normal 0.0981075 -0.995176 0
    outer loop
      vertex -55 33.7 3
      vertex -55.3317 33.6673 0
      vertex -55 33.7 0
    endloop
  endfacet
  facet normal -0.0981075 0.995176 0
    outer loop
      vertex -54.6683 30.3327 0
      vertex -55 30.3 3
      vertex -54.6683 30.3327 3
    endloop
  endfacet
  facet normal -0.0981075 0.995176 0
    outer loop
      vertex -55 30.3 3
      vertex -54.6683 30.3327 0
      vertex -55 30.3 0
    endloop
  endfacet
  facet normal -0.634381 -0.773021 0
    outer loop
      vertex -54.0555 33.4135 0
      vertex -53.7979 33.2021 3
      vertex -54.0555 33.4135 3
    endloop
  endfacet
  facet normal -0.634381 -0.773021 -0
    outer loop
      vertex -53.7979 33.2021 3
      vertex -54.0555 33.4135 0
      vertex -53.7979 33.2021 0
    endloop
  endfacet
  facet normal 0.773021 -0.634381 0
    outer loop
      vertex -56.4135 32.9445 3
      vertex -56.2021 33.2021 0
      vertex -56.2021 33.2021 3
    endloop
  endfacet
  facet normal 0.773021 -0.634381 0
    outer loop
      vertex -56.2021 33.2021 0
      vertex -56.4135 32.9445 3
      vertex -56.4135 32.9445 0
    endloop
  endfacet
  facet normal 0.471413 -0.881912 0
    outer loop
      vertex -55.9445 33.4135 0
      vertex -55.6506 33.5706 3
      vertex -55.9445 33.4135 3
    endloop
  endfacet
  facet normal 0.471413 -0.881912 0
    outer loop
      vertex -55.6506 33.5706 3
      vertex -55.9445 33.4135 0
      vertex -55.6506 33.5706 0
    endloop
  endfacet
  facet normal -0.956971 0.290182 0
    outer loop
      vertex -53.4294 31.3494 0
      vertex -53.3327 31.6683 3
      vertex -53.3327 31.6683 0
    endloop
  endfacet
  facet normal -0.956971 0.290182 0
    outer loop
      vertex -53.3327 31.6683 3
      vertex -53.4294 31.3494 0
      vertex -53.4294 31.3494 3
    endloop
  endfacet
  facet normal -0.881912 -0.471413 0
    outer loop
      vertex -53.4294 32.6506 0
      vertex -53.5865 32.9445 3
      vertex -53.5865 32.9445 0
    endloop
  endfacet
  facet normal -0.881912 -0.471413 0
    outer loop
      vertex -53.5865 32.9445 3
      vertex -53.4294 32.6506 0
      vertex -53.4294 32.6506 3
    endloop
  endfacet
  facet normal -0.956971 -0.290182 0
    outer loop
      vertex -53.3327 32.3317 0
      vertex -53.4294 32.6506 3
      vertex -53.4294 32.6506 0
    endloop
  endfacet
  facet normal -0.956971 -0.290182 0
    outer loop
      vertex -53.4294 32.6506 3
      vertex -53.3327 32.3317 0
      vertex -53.3327 32.3317 3
    endloop
  endfacet
  facet normal -0.773021 -0.634381 0
    outer loop
      vertex -53.5865 32.9445 0
      vertex -53.7979 33.2021 3
      vertex -53.7979 33.2021 0
    endloop
  endfacet
  facet normal -0.773021 -0.634381 0
    outer loop
      vertex -53.7979 33.2021 3
      vertex -53.5865 32.9445 0
      vertex -53.5865 32.9445 3
    endloop
  endfacet
  facet normal -0.290182 -0.956971 0
    outer loop
      vertex -54.6683 33.6673 0
      vertex -54.3494 33.5706 3
      vertex -54.6683 33.6673 3
    endloop
  endfacet
  facet normal -0.290182 -0.956971 -0
    outer loop
      vertex -54.3494 33.5706 3
      vertex -54.6683 33.6673 0
      vertex -54.3494 33.5706 0
    endloop
  endfacet
  facet normal -0.0981075 -0.995176 0
    outer loop
      vertex -55 33.7 0
      vertex -54.6683 33.6673 3
      vertex -55 33.7 3
    endloop
  endfacet
  facet normal -0.0981075 -0.995176 -0
    outer loop
      vertex -54.6683 33.6673 3
      vertex -55 33.7 0
      vertex -54.6683 33.6673 0
    endloop
  endfacet
  facet normal -0.471413 -0.881912 0
    outer loop
      vertex -54.3494 33.5706 0
      vertex -54.0555 33.4135 3
      vertex -54.3494 33.5706 3
    endloop
  endfacet
  facet normal -0.471413 -0.881912 -0
    outer loop
      vertex -54.0555 33.4135 3
      vertex -54.3494 33.5706 0
      vertex -54.0555 33.4135 0
    endloop
  endfacet
  facet normal 0.956971 -0.290182 0
    outer loop
      vertex -56.6673 32.3317 3
      vertex -56.5706 32.6506 0
      vertex -56.5706 32.6506 3
    endloop
  endfacet
  facet normal 0.956971 -0.290182 0
    outer loop
      vertex -56.5706 32.6506 0
      vertex -56.6673 32.3317 3
      vertex -56.6673 32.3317 0
    endloop
  endfacet
  facet normal 0.881912 -0.471413 0
    outer loop
      vertex -56.5706 32.6506 3
      vertex -56.4135 32.9445 0
      vertex -56.4135 32.9445 3
    endloop
  endfacet
  facet normal 0.881912 -0.471413 0
    outer loop
      vertex -56.4135 32.9445 0
      vertex -56.5706 32.6506 3
      vertex -56.5706 32.6506 0
    endloop
  endfacet
  facet normal 0.995176 -0.0981075 0
    outer loop
      vertex -56.7 32 3
      vertex -56.6673 32.3317 0
      vertex -56.6673 32.3317 3
    endloop
  endfacet
  facet normal 0.995176 -0.0981075 0
    outer loop
      vertex -56.6673 32.3317 0
      vertex -56.7 32 3
      vertex -56.7 32 0
    endloop
  endfacet
  facet normal 0.634381 -0.773021 0
    outer loop
      vertex -56.2021 33.2021 0
      vertex -55.9445 33.4135 3
      vertex -56.2021 33.2021 3
    endloop
  endfacet
  facet normal 0.634381 -0.773021 0
    outer loop
      vertex -55.9445 33.4135 3
      vertex -56.2021 33.2021 0
      vertex -55.9445 33.4135 0
    endloop
  endfacet
  facet normal 0.290182 -0.956971 0
    outer loop
      vertex -55.6506 33.5706 0
      vertex -55.3317 33.6673 3
      vertex -55.6506 33.5706 3
    endloop
  endfacet
  facet normal 0.290182 -0.956971 0
    outer loop
      vertex -55.3317 33.6673 3
      vertex -55.6506 33.5706 0
      vertex -55.3317 33.6673 0
    endloop
  endfacet
  facet normal -0.995176 0.0981075 0
    outer loop
      vertex -53.3327 31.6683 0
      vertex -53.3 32 3
      vertex -53.3 32 0
    endloop
  endfacet
  facet normal -0.995176 0.0981075 0
    outer loop
      vertex -53.3 32 3
      vertex -53.3327 31.6683 0
      vertex -53.3327 31.6683 3
    endloop
  endfacet
  facet normal -0.290182 0.956971 0
    outer loop
      vertex -54.3494 30.4294 0
      vertex -54.6683 30.3327 3
      vertex -54.3494 30.4294 3
    endloop
  endfacet
  facet normal -0.290182 0.956971 0
    outer loop
      vertex -54.6683 30.3327 3
      vertex -54.3494 30.4294 0
      vertex -54.6683 30.3327 0
    endloop
  endfacet
  facet normal 0.995176 0.0981075 0
    outer loop
      vertex -56.6673 31.6683 3
      vertex -56.7 32 0
      vertex -56.7 32 3
    endloop
  endfacet
  facet normal 0.995176 0.0981075 0
    outer loop
      vertex -56.7 32 0
      vertex -56.6673 31.6683 3
      vertex -56.6673 31.6683 0
    endloop
  endfacet
  facet normal -0.881912 0.471413 0
    outer loop
      vertex -53.5865 31.0555 0
      vertex -53.4294 31.3494 3
      vertex -53.4294 31.3494 0
    endloop
  endfacet
  facet normal -0.881912 0.471413 0
    outer loop
      vertex -53.4294 31.3494 3
      vertex -53.5865 31.0555 0
      vertex -53.5865 31.0555 3
    endloop
  endfacet
  facet normal 0.773021 0.634381 0
    outer loop
      vertex -56.2021 30.7979 3
      vertex -56.4135 31.0555 0
      vertex -56.4135 31.0555 3
    endloop
  endfacet
  facet normal 0.773021 0.634381 0
    outer loop
      vertex -56.4135 31.0555 0
      vertex -56.2021 30.7979 3
      vertex -56.2021 30.7979 0
    endloop
  endfacet
  facet normal 0.634381 0.773021 -0
    outer loop
      vertex -55.9445 30.5865 0
      vertex -56.2021 30.7979 3
      vertex -55.9445 30.5865 3
    endloop
  endfacet
  facet normal 0.634381 0.773021 0
    outer loop
      vertex -56.2021 30.7979 3
      vertex -55.9445 30.5865 0
      vertex -56.2021 30.7979 0
    endloop
  endfacet
  facet normal 0.956971 0.290182 0
    outer loop
      vertex -56.5706 31.3494 3
      vertex -56.6673 31.6683 0
      vertex -56.6673 31.6683 3
    endloop
  endfacet
  facet normal 0.956971 0.290182 0
    outer loop
      vertex -56.6673 31.6683 0
      vertex -56.5706 31.3494 3
      vertex -56.5706 31.3494 0
    endloop
  endfacet
  facet normal -0.634381 0.773021 0
    outer loop
      vertex -53.7979 30.7979 0
      vertex -54.0555 30.5865 3
      vertex -53.7979 30.7979 3
    endloop
  endfacet
  facet normal -0.634381 0.773021 0
    outer loop
      vertex -54.0555 30.5865 3
      vertex -53.7979 30.7979 0
      vertex -54.0555 30.5865 0
    endloop
  endfacet
  facet normal -0.471413 0.881912 0
    outer loop
      vertex -54.0555 30.5865 0
      vertex -54.3494 30.4294 3
      vertex -54.0555 30.5865 3
    endloop
  endfacet
  facet normal -0.471413 0.881912 0
    outer loop
      vertex -54.3494 30.4294 3
      vertex -54.0555 30.5865 0
      vertex -54.3494 30.4294 0
    endloop
  endfacet
  facet normal 0.881912 0.471413 0
    outer loop
      vertex -56.4135 31.0555 3
      vertex -56.5706 31.3494 0
      vertex -56.5706 31.3494 3
    endloop
  endfacet
  facet normal 0.881912 0.471413 0
    outer loop
      vertex -56.5706 31.3494 0
      vertex -56.4135 31.0555 3
      vertex -56.4135 31.0555 0
    endloop
  endfacet
  facet normal -0.773021 0.634381 0
    outer loop
      vertex -53.7979 30.7979 0
      vertex -53.5865 31.0555 3
      vertex -53.5865 31.0555 0
    endloop
  endfacet
  facet normal -0.773021 0.634381 0
    outer loop
      vertex -53.5865 31.0555 3
      vertex -53.7979 30.7979 0
      vertex -53.7979 30.7979 3
    endloop
  endfacet
  facet normal 0.290182 0.956971 -0
    outer loop
      vertex -55.3317 30.3327 0
      vertex -55.6506 30.4294 3
      vertex -55.3317 30.3327 3
    endloop
  endfacet
  facet normal 0.290182 0.956971 0
    outer loop
      vertex -55.6506 30.4294 3
      vertex -55.3317 30.3327 0
      vertex -55.6506 30.4294 0
    endloop
  endfacet
  facet normal 0.471413 0.881912 -0
    outer loop
      vertex -55.6506 30.4294 0
      vertex -55.9445 30.5865 3
      vertex -55.6506 30.4294 3
    endloop
  endfacet
  facet normal 0.471413 0.881912 0
    outer loop
      vertex -55.9445 30.5865 3
      vertex -55.6506 30.4294 0
      vertex -55.9445 30.5865 0
    endloop
  endfacet
  facet normal 0.0981075 0.995176 -0
    outer loop
      vertex -55 30.3 0
      vertex -55.3317 30.3327 3
      vertex -55 30.3 3
    endloop
  endfacet
  facet normal 0.0981075 0.995176 0
    outer loop
      vertex -55.3317 30.3327 3
      vertex -55 30.3 0
      vertex -55.3317 30.3327 0
    endloop
  endfacet
  facet normal -0.995176 -0.0981075 0
    outer loop
      vertex 56.7 -32 0
      vertex 56.6673 -31.6683 3
      vertex 56.6673 -31.6683 0
    endloop
  endfacet
  facet normal -0.995176 -0.0981075 0
    outer loop
      vertex 56.6673 -31.6683 3
      vertex 56.7 -32 0
      vertex 56.7 -32 3
    endloop
  endfacet
  facet normal 0.995176 -0.0981075 0
    outer loop
      vertex 53.3 -32 3
      vertex 53.3327 -31.6683 0
      vertex 53.3327 -31.6683 3
    endloop
  endfacet
  facet normal 0.995176 -0.0981075 0
    outer loop
      vertex 53.3327 -31.6683 0
      vertex 53.3 -32 3
      vertex 53.3 -32 0
    endloop
  endfacet
  facet normal -0.0981075 -0.995176 0
    outer loop
      vertex 55 -30.3 0
      vertex 55.3317 -30.3327 3
      vertex 55 -30.3 3
    endloop
  endfacet
  facet normal -0.0981075 -0.995176 -0
    outer loop
      vertex 55.3317 -30.3327 3
      vertex 55 -30.3 0
      vertex 55.3317 -30.3327 0
    endloop
  endfacet
  facet normal -0.634381 -0.773021 0
    outer loop
      vertex 55.9445 -30.5865 0
      vertex 56.2021 -30.7979 3
      vertex 55.9445 -30.5865 3
    endloop
  endfacet
  facet normal -0.634381 -0.773021 -0
    outer loop
      vertex 56.2021 -30.7979 3
      vertex 55.9445 -30.5865 0
      vertex 56.2021 -30.7979 0
    endloop
  endfacet
  facet normal -0.471413 -0.881912 0
    outer loop
      vertex 55.6506 -30.4294 0
      vertex 55.9445 -30.5865 3
      vertex 55.6506 -30.4294 3
    endloop
  endfacet
  facet normal -0.471413 -0.881912 -0
    outer loop
      vertex 55.9445 -30.5865 3
      vertex 55.6506 -30.4294 0
      vertex 55.9445 -30.5865 0
    endloop
  endfacet
  facet normal 0.634381 -0.773021 0
    outer loop
      vertex 53.7979 -30.7979 0
      vertex 54.0555 -30.5865 3
      vertex 53.7979 -30.7979 3
    endloop
  endfacet
  facet normal 0.634381 -0.773021 0
    outer loop
      vertex 54.0555 -30.5865 3
      vertex 53.7979 -30.7979 0
      vertex 54.0555 -30.5865 0
    endloop
  endfacet
  facet normal 0.290182 -0.956971 0
    outer loop
      vertex 54.3494 -30.4294 0
      vertex 54.6683 -30.3327 3
      vertex 54.3494 -30.4294 3
    endloop
  endfacet
  facet normal 0.290182 -0.956971 0
    outer loop
      vertex 54.6683 -30.3327 3
      vertex 54.3494 -30.4294 0
      vertex 54.6683 -30.3327 0
    endloop
  endfacet
  facet normal -0.881912 -0.471413 0
    outer loop
      vertex 56.5706 -31.3494 0
      vertex 56.4135 -31.0555 3
      vertex 56.4135 -31.0555 0
    endloop
  endfacet
  facet normal -0.881912 -0.471413 0
    outer loop
      vertex 56.4135 -31.0555 3
      vertex 56.5706 -31.3494 0
      vertex 56.5706 -31.3494 3
    endloop
  endfacet
  facet normal -0.956971 -0.290182 0
    outer loop
      vertex 56.6673 -31.6683 0
      vertex 56.5706 -31.3494 3
      vertex 56.5706 -31.3494 0
    endloop
  endfacet
  facet normal -0.956971 -0.290182 0
    outer loop
      vertex 56.5706 -31.3494 3
      vertex 56.6673 -31.6683 0
      vertex 56.6673 -31.6683 3
    endloop
  endfacet
  facet normal -0.773021 -0.634381 0
    outer loop
      vertex 56.4135 -31.0555 0
      vertex 56.2021 -30.7979 3
      vertex 56.2021 -30.7979 0
    endloop
  endfacet
  facet normal -0.773021 -0.634381 0
    outer loop
      vertex 56.2021 -30.7979 3
      vertex 56.4135 -31.0555 0
      vertex 56.4135 -31.0555 3
    endloop
  endfacet
  facet normal -0.290182 -0.956971 0
    outer loop
      vertex 55.3317 -30.3327 0
      vertex 55.6506 -30.4294 3
      vertex 55.3317 -30.3327 3
    endloop
  endfacet
  facet normal -0.290182 -0.956971 -0
    outer loop
      vertex 55.6506 -30.4294 3
      vertex 55.3317 -30.3327 0
      vertex 55.6506 -30.4294 0
    endloop
  endfacet
  facet normal 0.881912 -0.471413 0
    outer loop
      vertex 53.4294 -31.3494 3
      vertex 53.5865 -31.0555 0
      vertex 53.5865 -31.0555 3
    endloop
  endfacet
  facet normal 0.881912 -0.471413 0
    outer loop
      vertex 53.5865 -31.0555 0
      vertex 53.4294 -31.3494 3
      vertex 53.4294 -31.3494 0
    endloop
  endfacet
  facet normal 0.773021 -0.634381 0
    outer loop
      vertex 53.5865 -31.0555 3
      vertex 53.7979 -30.7979 0
      vertex 53.7979 -30.7979 3
    endloop
  endfacet
  facet normal 0.773021 -0.634381 0
    outer loop
      vertex 53.7979 -30.7979 0
      vertex 53.5865 -31.0555 3
      vertex 53.5865 -31.0555 0
    endloop
  endfacet
  facet normal 0.956971 -0.290182 0
    outer loop
      vertex 53.3327 -31.6683 3
      vertex 53.4294 -31.3494 0
      vertex 53.4294 -31.3494 3
    endloop
  endfacet
  facet normal 0.956971 -0.290182 0
    outer loop
      vertex 53.4294 -31.3494 0
      vertex 53.3327 -31.6683 3
      vertex 53.3327 -31.6683 0
    endloop
  endfacet
  facet normal 0.471413 -0.881912 0
    outer loop
      vertex 54.0555 -30.5865 0
      vertex 54.3494 -30.4294 3
      vertex 54.0555 -30.5865 3
    endloop
  endfacet
  facet normal 0.471413 -0.881912 0
    outer loop
      vertex 54.3494 -30.4294 3
      vertex 54.0555 -30.5865 0
      vertex 54.3494 -30.4294 0
    endloop
  endfacet
  facet normal 0.0981075 -0.995176 0
    outer loop
      vertex 54.6683 -30.3327 0
      vertex 55 -30.3 3
      vertex 54.6683 -30.3327 3
    endloop
  endfacet
  facet normal 0.0981075 -0.995176 0
    outer loop
      vertex 55 -30.3 3
      vertex 54.6683 -30.3327 0
      vertex 55 -30.3 0
    endloop
  endfacet
  facet normal -0.995176 0.0981075 0
    outer loop
      vertex 56.6673 -32.3317 0
      vertex 56.7 -32 3
      vertex 56.7 -32 0
    endloop
  endfacet
  facet normal -0.995176 0.0981075 0
    outer loop
      vertex 56.7 -32 3
      vertex 56.6673 -32.3317 0
      vertex 56.6673 -32.3317 3
    endloop
  endfacet
  facet normal -0.0981075 0.995176 0
    outer loop
      vertex 55.3317 -33.6673 0
      vertex 55 -33.7 3
      vertex 55.3317 -33.6673 3
    endloop
  endfacet
  facet normal -0.0981075 0.995176 0
    outer loop
      vertex 55 -33.7 3
      vertex 55.3317 -33.6673 0
      vertex 55 -33.7 0
    endloop
  endfacet
  facet normal -0.471413 0.881912 0
    outer loop
      vertex 55.9445 -33.4135 0
      vertex 55.6506 -33.5706 3
      vertex 55.9445 -33.4135 3
    endloop
  endfacet
  facet normal -0.471413 0.881912 0
    outer loop
      vertex 55.6506 -33.5706 3
      vertex 55.9445 -33.4135 0
      vertex 55.6506 -33.5706 0
    endloop
  endfacet
  facet normal 0.634381 0.773021 -0
    outer loop
      vertex 54.0555 -33.4135 0
      vertex 53.7979 -33.2021 3
      vertex 54.0555 -33.4135 3
    endloop
  endfacet
  facet normal 0.634381 0.773021 0
    outer loop
      vertex 53.7979 -33.2021 3
      vertex 54.0555 -33.4135 0
      vertex 53.7979 -33.2021 0
    endloop
  endfacet
  facet normal 0.290182 0.956971 -0
    outer loop
      vertex 54.6683 -33.6673 0
      vertex 54.3494 -33.5706 3
      vertex 54.6683 -33.6673 3
    endloop
  endfacet
  facet normal 0.290182 0.956971 0
    outer loop
      vertex 54.3494 -33.5706 3
      vertex 54.6683 -33.6673 0
      vertex 54.3494 -33.5706 0
    endloop
  endfacet
  facet normal 0.881912 0.471413 0
    outer loop
      vertex 53.5865 -32.9445 3
      vertex 53.4294 -32.6506 0
      vertex 53.4294 -32.6506 3
    endloop
  endfacet
  facet normal 0.881912 0.471413 0
    outer loop
      vertex 53.4294 -32.6506 0
      vertex 53.5865 -32.9445 3
      vertex 53.5865 -32.9445 0
    endloop
  endfacet
  facet normal 0.995176 0.0981075 0
    outer loop
      vertex 53.3327 -32.3317 3
      vertex 53.3 -32 0
      vertex 53.3 -32 3
    endloop
  endfacet
  facet normal 0.995176 0.0981075 0
    outer loop
      vertex 53.3 -32 0
      vertex 53.3327 -32.3317 3
      vertex 53.3327 -32.3317 0
    endloop
  endfacet
  facet normal -0.290182 0.956971 0
    outer loop
      vertex 55.6506 -33.5706 0
      vertex 55.3317 -33.6673 3
      vertex 55.6506 -33.5706 3
    endloop
  endfacet
  facet normal -0.290182 0.956971 0
    outer loop
      vertex 55.3317 -33.6673 3
      vertex 55.6506 -33.5706 0
      vertex 55.3317 -33.6673 0
    endloop
  endfacet
  facet normal -0.634381 0.773021 0
    outer loop
      vertex 56.2021 -33.2021 0
      vertex 55.9445 -33.4135 3
      vertex 56.2021 -33.2021 3
    endloop
  endfacet
  facet normal -0.634381 0.773021 0
    outer loop
      vertex 55.9445 -33.4135 3
      vertex 56.2021 -33.2021 0
      vertex 55.9445 -33.4135 0
    endloop
  endfacet
  facet normal -0.956971 0.290182 0
    outer loop
      vertex 56.5706 -32.6506 0
      vertex 56.6673 -32.3317 3
      vertex 56.6673 -32.3317 0
    endloop
  endfacet
  facet normal -0.956971 0.290182 0
    outer loop
      vertex 56.6673 -32.3317 3
      vertex 56.5706 -32.6506 0
      vertex 56.5706 -32.6506 3
    endloop
  endfacet
  facet normal -0.881912 0.471413 0
    outer loop
      vertex 56.4135 -32.9445 0
      vertex 56.5706 -32.6506 3
      vertex 56.5706 -32.6506 0
    endloop
  endfacet
  facet normal -0.881912 0.471413 0
    outer loop
      vertex 56.5706 -32.6506 3
      vertex 56.4135 -32.9445 0
      vertex 56.4135 -32.9445 3
    endloop
  endfacet
  facet normal 0.471413 0.881912 -0
    outer loop
      vertex 54.3494 -33.5706 0
      vertex 54.0555 -33.4135 3
      vertex 54.3494 -33.5706 3
    endloop
  endfacet
  facet normal 0.471413 0.881912 0
    outer loop
      vertex 54.0555 -33.4135 3
      vertex 54.3494 -33.5706 0
      vertex 54.0555 -33.4135 0
    endloop
  endfacet
  facet normal 0.0981075 0.995176 -0
    outer loop
      vertex 55 -33.7 0
      vertex 54.6683 -33.6673 3
      vertex 55 -33.7 3
    endloop
  endfacet
  facet normal 0.0981075 0.995176 0
    outer loop
      vertex 54.6683 -33.6673 3
      vertex 55 -33.7 0
      vertex 54.6683 -33.6673 0
    endloop
  endfacet
  facet normal 0.773021 0.634381 0
    outer loop
      vertex 53.7979 -33.2021 3
      vertex 53.5865 -32.9445 0
      vertex 53.5865 -32.9445 3
    endloop
  endfacet
  facet normal 0.773021 0.634381 0
    outer loop
      vertex 53.5865 -32.9445 0
      vertex 53.7979 -33.2021 3
      vertex 53.7979 -33.2021 0
    endloop
  endfacet
  facet normal 0.956971 0.290182 0
    outer loop
      vertex 53.4294 -32.6506 3
      vertex 53.3327 -32.3317 0
      vertex 53.3327 -32.3317 3
    endloop
  endfacet
  facet normal 0.956971 0.290182 0
    outer loop
      vertex 53.3327 -32.3317 0
      vertex 53.4294 -32.6506 3
      vertex 53.4294 -32.6506 0
    endloop
  endfacet
  facet normal -0.773021 0.634381 0
    outer loop
      vertex 56.2021 -33.2021 0
      vertex 56.4135 -32.9445 3
      vertex 56.4135 -32.9445 0
    endloop
  endfacet
  facet normal -0.773021 0.634381 0
    outer loop
      vertex 56.4135 -32.9445 3
      vertex 56.2021 -33.2021 0
      vertex 56.2021 -33.2021 3
    endloop
  endfacet
  facet normal -0.995176 -0.0981075 0
    outer loop
      vertex 56.7 32 0
      vertex 56.6673 32.3317 3
      vertex 56.6673 32.3317 0
    endloop
  endfacet
  facet normal -0.995176 -0.0981075 0
    outer loop
      vertex 56.6673 32.3317 3
      vertex 56.7 32 0
      vertex 56.7 32 3
    endloop
  endfacet
  facet normal 0.0981075 -0.995176 0
    outer loop
      vertex 54.6683 33.6673 0
      vertex 55 33.7 3
      vertex 54.6683 33.6673 3
    endloop
  endfacet
  facet normal 0.0981075 -0.995176 0
    outer loop
      vertex 55 33.7 3
      vertex 54.6683 33.6673 0
      vertex 55 33.7 0
    endloop
  endfacet
  facet normal -0.0981075 0.995176 0
    outer loop
      vertex 55.3317 30.3327 0
      vertex 55 30.3 3
      vertex 55.3317 30.3327 3
    endloop
  endfacet
  facet normal -0.0981075 0.995176 0
    outer loop
      vertex 55 30.3 3
      vertex 55.3317 30.3327 0
      vertex 55 30.3 0
    endloop
  endfacet
  facet normal -0.773021 0.634381 0
    outer loop
      vertex 56.2021 30.7979 0
      vertex 56.4135 31.0555 3
      vertex 56.4135 31.0555 0
    endloop
  endfacet
  facet normal -0.773021 0.634381 0
    outer loop
      vertex 56.4135 31.0555 3
      vertex 56.2021 30.7979 0
      vertex 56.2021 30.7979 3
    endloop
  endfacet
  facet normal -0.634381 -0.773021 0
    outer loop
      vertex 55.9445 33.4135 0
      vertex 56.2021 33.2021 3
      vertex 55.9445 33.4135 3
    endloop
  endfacet
  facet normal -0.634381 -0.773021 -0
    outer loop
      vertex 56.2021 33.2021 3
      vertex 55.9445 33.4135 0
      vertex 56.2021 33.2021 0
    endloop
  endfacet
  facet normal 0.773021 -0.634381 0
    outer loop
      vertex 53.5865 32.9445 3
      vertex 53.7979 33.2021 0
      vertex 53.7979 33.2021 3
    endloop
  endfacet
  facet normal 0.773021 -0.634381 0
    outer loop
      vertex 53.7979 33.2021 0
      vertex 53.5865 32.9445 3
      vertex 53.5865 32.9445 0
    endloop
  endfacet
  facet normal 0.471413 -0.881912 0
    outer loop
      vertex 54.0555 33.4135 0
      vertex 54.3494 33.5706 3
      vertex 54.0555 33.4135 3
    endloop
  endfacet
  facet normal 0.471413 -0.881912 0
    outer loop
      vertex 54.3494 33.5706 3
      vertex 54.0555 33.4135 0
      vertex 54.3494 33.5706 0
    endloop
  endfacet
  facet normal -0.881912 -0.471413 0
    outer loop
      vertex 56.5706 32.6506 0
      vertex 56.4135 32.9445 3
      vertex 56.4135 32.9445 0
    endloop
  endfacet
  facet normal -0.881912 -0.471413 0
    outer loop
      vertex 56.4135 32.9445 3
      vertex 56.5706 32.6506 0
      vertex 56.5706 32.6506 3
    endloop
  endfacet
  facet normal -0.956971 -0.290182 0
    outer loop
      vertex 56.6673 32.3317 0
      vertex 56.5706 32.6506 3
      vertex 56.5706 32.6506 0
    endloop
  endfacet
  facet normal -0.956971 -0.290182 0
    outer loop
      vertex 56.5706 32.6506 3
      vertex 56.6673 32.3317 0
      vertex 56.6673 32.3317 3
    endloop
  endfacet
  facet normal -0.773021 -0.634381 0
    outer loop
      vertex 56.4135 32.9445 0
      vertex 56.2021 33.2021 3
      vertex 56.2021 33.2021 0
    endloop
  endfacet
  facet normal -0.773021 -0.634381 0
    outer loop
      vertex 56.2021 33.2021 3
      vertex 56.4135 32.9445 0
      vertex 56.4135 32.9445 3
    endloop
  endfacet
  facet normal -0.290182 -0.956971 0
    outer loop
      vertex 55.3317 33.6673 0
      vertex 55.6506 33.5706 3
      vertex 55.3317 33.6673 3
    endloop
  endfacet
  facet normal -0.290182 -0.956971 -0
    outer loop
      vertex 55.6506 33.5706 3
      vertex 55.3317 33.6673 0
      vertex 55.6506 33.5706 0
    endloop
  endfacet
  facet normal -0.0981075 -0.995176 0
    outer loop
      vertex 55 33.7 0
      vertex 55.3317 33.6673 3
      vertex 55 33.7 3
    endloop
  endfacet
  facet normal -0.0981075 -0.995176 -0
    outer loop
      vertex 55.3317 33.6673 3
      vertex 55 33.7 0
      vertex 55.3317 33.6673 0
    endloop
  endfacet
  facet normal -0.471413 -0.881912 0
    outer loop
      vertex 55.6506 33.5706 0
      vertex 55.9445 33.4135 3
      vertex 55.6506 33.5706 3
    endloop
  endfacet
  facet normal -0.471413 -0.881912 -0
    outer loop
      vertex 55.9445 33.4135 3
      vertex 55.6506 33.5706 0
      vertex 55.9445 33.4135 0
    endloop
  endfacet
  facet normal 0.956971 -0.290182 0
    outer loop
      vertex 53.3327 32.3317 3
      vertex 53.4294 32.6506 0
      vertex 53.4294 32.6506 3
    endloop
  endfacet
  facet normal 0.956971 -0.290182 0
    outer loop
      vertex 53.4294 32.6506 0
      vertex 53.3327 32.3317 3
      vertex 53.3327 32.3317 0
    endloop
  endfacet
  facet normal 0.881912 -0.471413 0
    outer loop
      vertex 53.4294 32.6506 3
      vertex 53.5865 32.9445 0
      vertex 53.5865 32.9445 3
    endloop
  endfacet
  facet normal 0.881912 -0.471413 0
    outer loop
      vertex 53.5865 32.9445 0
      vertex 53.4294 32.6506 3
      vertex 53.4294 32.6506 0
    endloop
  endfacet
  facet normal 0.995176 -0.0981075 0
    outer loop
      vertex 53.3 32 3
      vertex 53.3327 32.3317 0
      vertex 53.3327 32.3317 3
    endloop
  endfacet
  facet normal 0.995176 -0.0981075 0
    outer loop
      vertex 53.3327 32.3317 0
      vertex 53.3 32 3
      vertex 53.3 32 0
    endloop
  endfacet
  facet normal 0.634381 -0.773021 0
    outer loop
      vertex 53.7979 33.2021 0
      vertex 54.0555 33.4135 3
      vertex 53.7979 33.2021 3
    endloop
  endfacet
  facet normal 0.634381 -0.773021 0
    outer loop
      vertex 54.0555 33.4135 3
      vertex 53.7979 33.2021 0
      vertex 54.0555 33.4135 0
    endloop
  endfacet
  facet normal 0.290182 -0.956971 0
    outer loop
      vertex 54.3494 33.5706 0
      vertex 54.6683 33.6673 3
      vertex 54.3494 33.5706 3
    endloop
  endfacet
  facet normal 0.290182 -0.956971 0
    outer loop
      vertex 54.6683 33.6673 3
      vertex 54.3494 33.5706 0
      vertex 54.6683 33.6673 0
    endloop
  endfacet
  facet normal -0.995176 0.0981075 0
    outer loop
      vertex 56.6673 31.6683 0
      vertex 56.7 32 3
      vertex 56.7 32 0
    endloop
  endfacet
  facet normal -0.995176 0.0981075 0
    outer loop
      vertex 56.7 32 3
      vertex 56.6673 31.6683 0
      vertex 56.6673 31.6683 3
    endloop
  endfacet
  facet normal -0.290182 0.956971 0
    outer loop
      vertex 55.6506 30.4294 0
      vertex 55.3317 30.3327 3
      vertex 55.6506 30.4294 3
    endloop
  endfacet
  facet normal -0.290182 0.956971 0
    outer loop
      vertex 55.3317 30.3327 3
      vertex 55.6506 30.4294 0
      vertex 55.3317 30.3327 0
    endloop
  endfacet
  facet normal 0.995176 0.0981075 0
    outer loop
      vertex 53.3327 31.6683 3
      vertex 53.3 32 0
      vertex 53.3 32 3
    endloop
  endfacet
  facet normal 0.995176 0.0981075 0
    outer loop
      vertex 53.3 32 0
      vertex 53.3327 31.6683 3
      vertex 53.3327 31.6683 0
    endloop
  endfacet
  facet normal -0.881912 0.471413 0
    outer loop
      vertex 56.4135 31.0555 0
      vertex 56.5706 31.3494 3
      vertex 56.5706 31.3494 0
    endloop
  endfacet
  facet normal -0.881912 0.471413 0
    outer loop
      vertex 56.5706 31.3494 3
      vertex 56.4135 31.0555 0
      vertex 56.4135 31.0555 3
    endloop
  endfacet
  facet normal 0.471413 0.881912 -0
    outer loop
      vertex 54.3494 30.4294 0
      vertex 54.0555 30.5865 3
      vertex 54.3494 30.4294 3
    endloop
  endfacet
  facet normal 0.471413 0.881912 0
    outer loop
      vertex 54.0555 30.5865 3
      vertex 54.3494 30.4294 0
      vertex 54.0555 30.5865 0
    endloop
  endfacet
  facet normal 0.773021 0.634381 0
    outer loop
      vertex 53.7979 30.7979 3
      vertex 53.5865 31.0555 0
      vertex 53.5865 31.0555 3
    endloop
  endfacet
  facet normal 0.773021 0.634381 0
    outer loop
      vertex 53.5865 31.0555 0
      vertex 53.7979 30.7979 3
      vertex 53.7979 30.7979 0
    endloop
  endfacet
  facet normal 0.956971 0.290182 0
    outer loop
      vertex 53.4294 31.3494 3
      vertex 53.3327 31.6683 0
      vertex 53.3327 31.6683 3
    endloop
  endfacet
  facet normal 0.956971 0.290182 0
    outer loop
      vertex 53.3327 31.6683 0
      vertex 53.4294 31.3494 3
      vertex 53.4294 31.3494 0
    endloop
  endfacet
  facet normal -0.634381 0.773021 0
    outer loop
      vertex 56.2021 30.7979 0
      vertex 55.9445 30.5865 3
      vertex 56.2021 30.7979 3
    endloop
  endfacet
  facet normal -0.634381 0.773021 0
    outer loop
      vertex 55.9445 30.5865 3
      vertex 56.2021 30.7979 0
      vertex 55.9445 30.5865 0
    endloop
  endfacet
  facet normal -0.471413 0.881912 0
    outer loop
      vertex 55.9445 30.5865 0
      vertex 55.6506 30.4294 3
      vertex 55.9445 30.5865 3
    endloop
  endfacet
  facet normal -0.471413 0.881912 0
    outer loop
      vertex 55.6506 30.4294 3
      vertex 55.9445 30.5865 0
      vertex 55.6506 30.4294 0
    endloop
  endfacet
  facet normal -0.956971 0.290182 0
    outer loop
      vertex 56.5706 31.3494 0
      vertex 56.6673 31.6683 3
      vertex 56.6673 31.6683 0
    endloop
  endfacet
  facet normal -0.956971 0.290182 0
    outer loop
      vertex 56.6673 31.6683 3
      vertex 56.5706 31.3494 0
      vertex 56.5706 31.3494 3
    endloop
  endfacet
  facet normal 0.290182 0.956971 -0
    outer loop
      vertex 54.6683 30.3327 0
      vertex 54.3494 30.4294 3
      vertex 54.6683 30.3327 3
    endloop
  endfacet
  facet normal 0.290182 0.956971 0
    outer loop
      vertex 54.3494 30.4294 3
      vertex 54.6683 30.3327 0
      vertex 54.3494 30.4294 0
    endloop
  endfacet
  facet normal 0.634381 0.773021 -0
    outer loop
      vertex 54.0555 30.5865 0
      vertex 53.7979 30.7979 3
      vertex 54.0555 30.5865 3
    endloop
  endfacet
  facet normal 0.634381 0.773021 0
    outer loop
      vertex 53.7979 30.7979 3
      vertex 54.0555 30.5865 0
      vertex 53.7979 30.7979 0
    endloop
  endfacet
  facet normal 0.881912 0.471413 0
    outer loop
      vertex 53.5865 31.0555 3
      vertex 53.4294 31.3494 0
      vertex 53.4294 31.3494 3
    endloop
  endfacet
  facet normal 0.881912 0.471413 0
    outer loop
      vertex 53.4294 31.3494 0
      vertex 53.5865 31.0555 3
      vertex 53.5865 31.0555 0
    endloop
  endfacet
  facet normal 0.0981075 0.995176 -0
    outer loop
      vertex 55 30.3 0
      vertex 54.6683 30.3327 3
      vertex 55 30.3 3
    endloop
  endfacet
  facet normal 0.0981075 0.995176 0
    outer loop
      vertex 54.6683 30.3327 3
      vertex 55 30.3 0
      vertex 54.6683 30.3327 0
    endloop
  endfacet
  facet normal -0.995188 -0.0979885 0
    outer loop
      vertex -40.8 -22 0
      vertex -40.9191 -20.7904 3
      vertex -40.9191 -20.7904 0
    endloop
  endfacet
  facet normal -0.995188 -0.0979885 0
    outer loop
      vertex -40.9191 -20.7904 3
      vertex -40.8 -22 0
      vertex -40.8 -22 3
    endloop
  endfacet
  facet normal 0.995188 -0.0979885 0
    outer loop
      vertex -53.2 -22 3
      vertex -53.0809 -20.7904 0
      vertex -53.0809 -20.7904 3
    endloop
  endfacet
  facet normal 0.995188 -0.0979885 0
    outer loop
      vertex -53.0809 -20.7904 0
      vertex -53.2 -22 3
      vertex -53.2 -22 0
    endloop
  endfacet
  facet normal 0.0979885 -0.995188 0
    outer loop
      vertex -48.2096 -15.9191 0
      vertex -47 -15.8 3
      vertex -48.2096 -15.9191 3
    endloop
  endfacet
  facet normal 0.0979885 -0.995188 0
    outer loop
      vertex -47 -15.8 3
      vertex -48.2096 -15.9191 0
      vertex -47 -15.8 0
    endloop
  endfacet
  facet normal -0.0979885 0.995188 0
    outer loop
      vertex -45.7904 -28.0809 0
      vertex -47 -28.2 3
      vertex -45.7904 -28.0809 3
    endloop
  endfacet
  facet normal -0.0979885 0.995188 0
    outer loop
      vertex -47 -28.2 3
      vertex -45.7904 -28.0809 0
      vertex -47 -28.2 0
    endloop
  endfacet
  facet normal -0.634339 -0.773055 0
    outer loop
      vertex -43.5555 -16.8449 0
      vertex -42.6159 -17.6159 3
      vertex -43.5555 -16.8449 3
    endloop
  endfacet
  facet normal -0.634339 -0.773055 -0
    outer loop
      vertex -42.6159 -17.6159 3
      vertex -43.5555 -16.8449 0
      vertex -42.6159 -17.6159 0
    endloop
  endfacet
  facet normal 0.773055 -0.634339 0
    outer loop
      vertex -52.1551 -18.5555 3
      vertex -51.3841 -17.6159 0
      vertex -51.3841 -17.6159 3
    endloop
  endfacet
  facet normal 0.773055 -0.634339 0
    outer loop
      vertex -51.3841 -17.6159 0
      vertex -52.1551 -18.5555 3
      vertex -52.1551 -18.5555 0
    endloop
  endfacet
  facet normal 0.471434 -0.881902 0
    outer loop
      vertex -50.4445 -16.8449 0
      vertex -49.3726 -16.2719 3
      vertex -50.4445 -16.8449 3
    endloop
  endfacet
  facet normal 0.471434 -0.881902 0
    outer loop
      vertex -49.3726 -16.2719 3
      vertex -50.4445 -16.8449 0
      vertex -49.3726 -16.2719 0
    endloop
  endfacet
  facet normal -0.881902 0.471434 0
    outer loop
      vertex -41.8449 -25.4445 0
      vertex -41.2719 -24.3726 3
      vertex -41.2719 -24.3726 0
    endloop
  endfacet
  facet normal -0.881902 0.471434 0
    outer loop
      vertex -41.2719 -24.3726 3
      vertex -41.8449 -25.4445 0
      vertex -41.8449 -25.4445 3
    endloop
  endfacet
  facet normal -0.881902 -0.471434 0
    outer loop
      vertex -41.2719 -19.6274 0
      vertex -41.8449 -18.5555 3
      vertex -41.8449 -18.5555 0
    endloop
  endfacet
  facet normal -0.881902 -0.471434 0
    outer loop
      vertex -41.8449 -18.5555 3
      vertex -41.2719 -19.6274 0
      vertex -41.2719 -19.6274 3
    endloop
  endfacet
  facet normal -0.956939 -0.290291 0
    outer loop
      vertex -40.9191 -20.7904 0
      vertex -41.2719 -19.6274 3
      vertex -41.2719 -19.6274 0
    endloop
  endfacet
  facet normal -0.956939 -0.290291 0
    outer loop
      vertex -41.2719 -19.6274 3
      vertex -40.9191 -20.7904 0
      vertex -40.9191 -20.7904 3
    endloop
  endfacet
  facet normal -0.773055 -0.634339 0
    outer loop
      vertex -41.8449 -18.5555 0
      vertex -42.6159 -17.6159 3
      vertex -42.6159 -17.6159 0
    endloop
  endfacet
  facet normal -0.773055 -0.634339 0
    outer loop
      vertex -42.6159 -17.6159 3
      vertex -41.8449 -18.5555 0
      vertex -41.8449 -18.5555 3
    endloop
  endfacet
  facet normal -0.290291 -0.956939 0
    outer loop
      vertex -45.7904 -15.9191 0
      vertex -44.6274 -16.2719 3
      vertex -45.7904 -15.9191 3
    endloop
  endfacet
  facet normal -0.290291 -0.956939 -0
    outer loop
      vertex -44.6274 -16.2719 3
      vertex -45.7904 -15.9191 0
      vertex -44.6274 -16.2719 0
    endloop
  endfacet
  facet normal -0.0979885 -0.995188 0
    outer loop
      vertex -47 -15.8 0
      vertex -45.7904 -15.9191 3
      vertex -47 -15.8 3
    endloop
  endfacet
  facet normal -0.0979885 -0.995188 -0
    outer loop
      vertex -45.7904 -15.9191 3
      vertex -47 -15.8 0
      vertex -45.7904 -15.9191 0
    endloop
  endfacet
  facet normal -0.471434 -0.881902 0
    outer loop
      vertex -44.6274 -16.2719 0
      vertex -43.5555 -16.8449 3
      vertex -44.6274 -16.2719 3
    endloop
  endfacet
  facet normal -0.471434 -0.881902 -0
    outer loop
      vertex -43.5555 -16.8449 3
      vertex -44.6274 -16.2719 0
      vertex -43.5555 -16.8449 0
    endloop
  endfacet
  facet normal 0.881902 -0.471434 0
    outer loop
      vertex -52.7281 -19.6274 3
      vertex -52.1551 -18.5555 0
      vertex -52.1551 -18.5555 3
    endloop
  endfacet
  facet normal 0.881902 -0.471434 0
    outer loop
      vertex -52.1551 -18.5555 0
      vertex -52.7281 -19.6274 3
      vertex -52.7281 -19.6274 0
    endloop
  endfacet
  facet normal 0.956939 -0.290291 0
    outer loop
      vertex -53.0809 -20.7904 3
      vertex -52.7281 -19.6274 0
      vertex -52.7281 -19.6274 3
    endloop
  endfacet
  facet normal 0.956939 -0.290291 0
    outer loop
      vertex -52.7281 -19.6274 0
      vertex -53.0809 -20.7904 3
      vertex -53.0809 -20.7904 0
    endloop
  endfacet
  facet normal 0.634339 -0.773055 0
    outer loop
      vertex -51.3841 -17.6159 0
      vertex -50.4445 -16.8449 3
      vertex -51.3841 -17.6159 3
    endloop
  endfacet
  facet normal 0.634339 -0.773055 0
    outer loop
      vertex -50.4445 -16.8449 3
      vertex -51.3841 -17.6159 0
      vertex -50.4445 -16.8449 0
    endloop
  endfacet
  facet normal 0.290291 -0.956939 0
    outer loop
      vertex -49.3726 -16.2719 0
      vertex -48.2096 -15.9191 3
      vertex -49.3726 -16.2719 3
    endloop
  endfacet
  facet normal 0.290291 -0.956939 0
    outer loop
      vertex -48.2096 -15.9191 3
      vertex -49.3726 -16.2719 0
      vertex -48.2096 -15.9191 0
    endloop
  endfacet
  facet normal -0.634339 0.773055 0
    outer loop
      vertex -42.6159 -26.3841 0
      vertex -43.5555 -27.1551 3
      vertex -42.6159 -26.3841 3
    endloop
  endfacet
  facet normal -0.634339 0.773055 0
    outer loop
      vertex -43.5555 -27.1551 3
      vertex -42.6159 -26.3841 0
      vertex -43.5555 -27.1551 0
    endloop
  endfacet
  facet normal -0.773055 0.634339 0
    outer loop
      vertex -42.6159 -26.3841 0
      vertex -41.8449 -25.4445 3
      vertex -41.8449 -25.4445 0
    endloop
  endfacet
  facet normal -0.773055 0.634339 0
    outer loop
      vertex -41.8449 -25.4445 3
      vertex -42.6159 -26.3841 0
      vertex -42.6159 -26.3841 3
    endloop
  endfacet
  facet normal -0.956939 0.290291 0
    outer loop
      vertex -41.2719 -24.3726 0
      vertex -40.9191 -23.2096 3
      vertex -40.9191 -23.2096 0
    endloop
  endfacet
  facet normal -0.956939 0.290291 0
    outer loop
      vertex -40.9191 -23.2096 3
      vertex -41.2719 -24.3726 0
      vertex -41.2719 -24.3726 3
    endloop
  endfacet
  facet normal -0.995188 0.0979885 0
    outer loop
      vertex -40.9191 -23.2096 0
      vertex -40.8 -22 3
      vertex -40.8 -22 0
    endloop
  endfacet
  facet normal -0.995188 0.0979885 0
    outer loop
      vertex -40.8 -22 3
      vertex -40.9191 -23.2096 0
      vertex -40.9191 -23.2096 3
    endloop
  endfacet
  facet normal 0.995188 0.0979885 0
    outer loop
      vertex -53.0809 -23.2096 3
      vertex -53.2 -22 0
      vertex -53.2 -22 3
    endloop
  endfacet
  facet normal 0.995188 0.0979885 0
    outer loop
      vertex -53.2 -22 0
      vertex -53.0809 -23.2096 3
      vertex -53.0809 -23.2096 0
    endloop
  endfacet
  facet normal 0.634339 0.773055 -0
    outer loop
      vertex -50.4445 -27.1551 0
      vertex -51.3841 -26.3841 3
      vertex -50.4445 -27.1551 3
    endloop
  endfacet
  facet normal 0.634339 0.773055 0
    outer loop
      vertex -51.3841 -26.3841 3
      vertex -50.4445 -27.1551 0
      vertex -51.3841 -26.3841 0
    endloop
  endfacet
  facet normal 0.956939 0.290291 0
    outer loop
      vertex -52.7281 -24.3726 3
      vertex -53.0809 -23.2096 0
      vertex -53.0809 -23.2096 3
    endloop
  endfacet
  facet normal 0.956939 0.290291 0
    outer loop
      vertex -53.0809 -23.2096 0
      vertex -52.7281 -24.3726 3
      vertex -52.7281 -24.3726 0
    endloop
  endfacet
  facet normal -0.471434 0.881902 0
    outer loop
      vertex -43.5555 -27.1551 0
      vertex -44.6274 -27.7281 3
      vertex -43.5555 -27.1551 3
    endloop
  endfacet
  facet normal -0.471434 0.881902 0
    outer loop
      vertex -44.6274 -27.7281 3
      vertex -43.5555 -27.1551 0
      vertex -44.6274 -27.7281 0
    endloop
  endfacet
  facet normal -0.290291 0.956939 0
    outer loop
      vertex -44.6274 -27.7281 0
      vertex -45.7904 -28.0809 3
      vertex -44.6274 -27.7281 3
    endloop
  endfacet
  facet normal -0.290291 0.956939 0
    outer loop
      vertex -45.7904 -28.0809 3
      vertex -44.6274 -27.7281 0
      vertex -45.7904 -28.0809 0
    endloop
  endfacet
  facet normal 0.471434 0.881902 -0
    outer loop
      vertex -49.3726 -27.7281 0
      vertex -50.4445 -27.1551 3
      vertex -49.3726 -27.7281 3
    endloop
  endfacet
  facet normal 0.471434 0.881902 0
    outer loop
      vertex -50.4445 -27.1551 3
      vertex -49.3726 -27.7281 0
      vertex -50.4445 -27.1551 0
    endloop
  endfacet
  facet normal 0.290291 0.956939 -0
    outer loop
      vertex -48.2096 -28.0809 0
      vertex -49.3726 -27.7281 3
      vertex -48.2096 -28.0809 3
    endloop
  endfacet
  facet normal 0.290291 0.956939 0
    outer loop
      vertex -49.3726 -27.7281 3
      vertex -48.2096 -28.0809 0
      vertex -49.3726 -27.7281 0
    endloop
  endfacet
  facet normal 0.0979885 0.995188 -0
    outer loop
      vertex -47 -28.2 0
      vertex -48.2096 -28.0809 3
      vertex -47 -28.2 3
    endloop
  endfacet
  facet normal 0.0979885 0.995188 0
    outer loop
      vertex -48.2096 -28.0809 3
      vertex -47 -28.2 0
      vertex -48.2096 -28.0809 0
    endloop
  endfacet
  facet normal 0.773055 0.634339 0
    outer loop
      vertex -51.3841 -26.3841 3
      vertex -52.1551 -25.4445 0
      vertex -52.1551 -25.4445 3
    endloop
  endfacet
  facet normal 0.773055 0.634339 0
    outer loop
      vertex -52.1551 -25.4445 0
      vertex -51.3841 -26.3841 3
      vertex -51.3841 -26.3841 0
    endloop
  endfacet
  facet normal 0.881902 0.471434 0
    outer loop
      vertex -52.1551 -25.4445 3
      vertex -52.7281 -24.3726 0
      vertex -52.7281 -24.3726 3
    endloop
  endfacet
  facet normal 0.881902 0.471434 0
    outer loop
      vertex -52.7281 -24.3726 0
      vertex -52.1551 -25.4445 3
      vertex -52.1551 -25.4445 0
    endloop
  endfacet
  facet normal -0.995187 -0.0979917 0
    outer loop
      vertex -40.8 0 0
      vertex -40.9191 1.20956 3
      vertex -40.9191 1.20956 0
    endloop
  endfacet
  facet normal -0.995187 -0.0979917 0
    outer loop
      vertex -40.9191 1.20956 3
      vertex -40.8 0 0
      vertex -40.8 0 3
    endloop
  endfacet
  facet normal 0.995187 -0.0979917 0
    outer loop
      vertex -53.2 0 3
      vertex -53.0809 1.20956 0
      vertex -53.0809 1.20956 3
    endloop
  endfacet
  facet normal 0.995187 -0.0979917 0
    outer loop
      vertex -53.0809 1.20956 0
      vertex -53.2 0 3
      vertex -53.2 0 0
    endloop
  endfacet
  facet normal 0.0980129 -0.995185 0
    outer loop
      vertex -48.2096 6.08087 0
      vertex -47 6.2 3
      vertex -48.2096 6.08087 3
    endloop
  endfacet
  facet normal 0.0980129 -0.995185 0
    outer loop
      vertex -47 6.2 3
      vertex -48.2096 6.08087 0
      vertex -47 6.2 0
    endloop
  endfacet
  facet normal -0.0980129 0.995185 0
    outer loop
      vertex -45.7904 -6.08087 0
      vertex -47 -6.2 3
      vertex -45.7904 -6.08087 3
    endloop
  endfacet
  facet normal -0.0980129 0.995185 0
    outer loop
      vertex -47 -6.2 3
      vertex -45.7904 -6.08087 0
      vertex -47 -6.2 0
    endloop
  endfacet
  facet normal -0.634364 -0.773035 0
    outer loop
      vertex -43.5555 5.15511 0
      vertex -42.6159 4.38406 3
      vertex -43.5555 5.15511 3
    endloop
  endfacet
  facet normal -0.634364 -0.773035 -0
    outer loop
      vertex -42.6159 4.38406 3
      vertex -43.5555 5.15511 0
      vertex -42.6159 4.38406 0
    endloop
  endfacet
  facet normal 0.634364 -0.773035 0
    outer loop
      vertex -51.3841 4.38406 0
      vertex -50.4445 5.15511 3
      vertex -51.3841 4.38406 3
    endloop
  endfacet
  facet normal 0.634364 -0.773035 0
    outer loop
      vertex -50.4445 5.15511 3
      vertex -51.3841 4.38406 0
      vertex -50.4445 5.15511 0
    endloop
  endfacet
  facet normal 0.290306 -0.956934 0
    outer loop
      vertex -49.3726 5.72805 0
      vertex -48.2096 6.08087 3
      vertex -49.3726 5.72805 3
    endloop
  endfacet
  facet normal 0.290306 -0.956934 0
    outer loop
      vertex -48.2096 6.08087 3
      vertex -49.3726 5.72805 0
      vertex -48.2096 6.08087 0
    endloop
  endfacet
  facet normal -0.881902 0.471434 0
    outer loop
      vertex -41.8449 -3.44454 0
      vertex -41.2719 -2.37264 3
      vertex -41.2719 -2.37264 0
    endloop
  endfacet
  facet normal -0.881902 0.471434 0
    outer loop
      vertex -41.2719 -2.37264 3
      vertex -41.8449 -3.44454 0
      vertex -41.8449 -3.44454 3
    endloop
  endfacet
  facet normal -0.881902 -0.471434 0
    outer loop
      vertex -41.2719 2.37264 0
      vertex -41.8449 3.44454 3
      vertex -41.8449 3.44454 0
    endloop
  endfacet
  facet normal -0.881902 -0.471434 0
    outer loop
      vertex -41.8449 3.44454 3
      vertex -41.2719 2.37264 0
      vertex -41.2719 2.37264 3
    endloop
  endfacet
  facet normal -0.956944 -0.290272 0
    outer loop
      vertex -40.9191 1.20956 0
      vertex -41.2719 2.37264 3
      vertex -41.2719 2.37264 0
    endloop
  endfacet
  facet normal -0.956944 -0.290272 0
    outer loop
      vertex -41.2719 2.37264 3
      vertex -40.9191 1.20956 0
      vertex -40.9191 1.20956 3
    endloop
  endfacet
  facet normal -0.773028 -0.634372 0
    outer loop
      vertex -41.8449 3.44454 0
      vertex -42.6159 4.38406 3
      vertex -42.6159 4.38406 0
    endloop
  endfacet
  facet normal -0.773028 -0.634372 0
    outer loop
      vertex -42.6159 4.38406 3
      vertex -41.8449 3.44454 0
      vertex -41.8449 3.44454 3
    endloop
  endfacet
  facet normal -0.290306 -0.956934 0
    outer loop
      vertex -45.7904 6.08087 0
      vertex -44.6274 5.72805 3
      vertex -45.7904 6.08087 3
    endloop
  endfacet
  facet normal -0.290306 -0.956934 -0
    outer loop
      vertex -44.6274 5.72805 3
      vertex -45.7904 6.08087 0
      vertex -44.6274 5.72805 0
    endloop
  endfacet
  facet normal -0.0980129 -0.995185 0
    outer loop
      vertex -47 6.2 0
      vertex -45.7904 6.08087 3
      vertex -47 6.2 3
    endloop
  endfacet
  facet normal -0.0980129 -0.995185 -0
    outer loop
      vertex -45.7904 6.08087 3
      vertex -47 6.2 0
      vertex -45.7904 6.08087 0
    endloop
  endfacet
  facet normal -0.471395 -0.881922 0
    outer loop
      vertex -44.6274 5.72805 0
      vertex -43.5555 5.15511 3
      vertex -44.6274 5.72805 3
    endloop
  endfacet
  facet normal -0.471395 -0.881922 -0
    outer loop
      vertex -43.5555 5.15511 3
      vertex -44.6274 5.72805 0
      vertex -43.5555 5.15511 0
    endloop
  endfacet
  facet normal 0.881902 -0.471434 0
    outer loop
      vertex -52.7281 2.37264 3
      vertex -52.1551 3.44454 0
      vertex -52.1551 3.44454 3
    endloop
  endfacet
  facet normal 0.881902 -0.471434 0
    outer loop
      vertex -52.1551 3.44454 0
      vertex -52.7281 2.37264 3
      vertex -52.7281 2.37264 0
    endloop
  endfacet
  facet normal 0.773028 -0.634372 0
    outer loop
      vertex -52.1551 3.44454 3
      vertex -51.3841 4.38406 0
      vertex -51.3841 4.38406 3
    endloop
  endfacet
  facet normal 0.773028 -0.634372 0
    outer loop
      vertex -51.3841 4.38406 0
      vertex -52.1551 3.44454 3
      vertex -52.1551 3.44454 0
    endloop
  endfacet
  facet normal 0.956944 -0.290272 0
    outer loop
      vertex -53.0809 1.20956 3
      vertex -52.7281 2.37264 0
      vertex -52.7281 2.37264 3
    endloop
  endfacet
  facet normal 0.956944 -0.290272 0
    outer loop
      vertex -52.7281 2.37264 0
      vertex -53.0809 1.20956 3
      vertex -53.0809 1.20956 0
    endloop
  endfacet
  facet normal 0.471395 -0.881922 0
    outer loop
      vertex -50.4445 5.15511 0
      vertex -49.3726 5.72805 3
      vertex -50.4445 5.15511 3
    endloop
  endfacet
  facet normal 0.471395 -0.881922 0
    outer loop
      vertex -49.3726 5.72805 3
      vertex -50.4445 5.15511 0
      vertex -49.3726 5.72805 0
    endloop
  endfacet
  facet normal -0.995187 0.0979917 0
    outer loop
      vertex -40.9191 -1.20956 0
      vertex -40.8 0 3
      vertex -40.8 0 0
    endloop
  endfacet
  facet normal -0.995187 0.0979917 0
    outer loop
      vertex -40.8 0 3
      vertex -40.9191 -1.20956 0
      vertex -40.9191 -1.20956 3
    endloop
  endfacet
  facet normal -0.634364 0.773035 0
    outer loop
      vertex -42.6159 -4.38406 0
      vertex -43.5555 -5.15511 3
      vertex -42.6159 -4.38406 3
    endloop
  endfacet
  facet normal -0.634364 0.773035 0
    outer loop
      vertex -43.5555 -5.15511 3
      vertex -42.6159 -4.38406 0
      vertex -43.5555 -5.15511 0
    endloop
  endfacet
  facet normal -0.773028 0.634372 0
    outer loop
      vertex -42.6159 -4.38406 0
      vertex -41.8449 -3.44454 3
      vertex -41.8449 -3.44454 0
    endloop
  endfacet
  facet normal -0.773028 0.634372 0
    outer loop
      vertex -41.8449 -3.44454 3
      vertex -42.6159 -4.38406 0
      vertex -42.6159 -4.38406 3
    endloop
  endfacet
  facet normal -0.956944 0.290272 0
    outer loop
      vertex -41.2719 -2.37264 0
      vertex -40.9191 -1.20956 3
      vertex -40.9191 -1.20956 0
    endloop
  endfacet
  facet normal -0.956944 0.290272 0
    outer loop
      vertex -40.9191 -1.20956 3
      vertex -41.2719 -2.37264 0
      vertex -41.2719 -2.37264 3
    endloop
  endfacet
  facet normal 0.995187 0.0979917 0
    outer loop
      vertex -53.0809 -1.20956 3
      vertex -53.2 0 0
      vertex -53.2 0 3
    endloop
  endfacet
  facet normal 0.995187 0.0979917 0
    outer loop
      vertex -53.2 0 0
      vertex -53.0809 -1.20956 3
      vertex -53.0809 -1.20956 0
    endloop
  endfacet
  facet normal -0.290306 0.956934 0
    outer loop
      vertex -44.6274 -5.72805 0
      vertex -45.7904 -6.08087 3
      vertex -44.6274 -5.72805 3
    endloop
  endfacet
  facet normal -0.290306 0.956934 0
    outer loop
      vertex -45.7904 -6.08087 3
      vertex -44.6274 -5.72805 0
      vertex -45.7904 -6.08087 0
    endloop
  endfacet
  facet normal 0.290306 0.956934 -0
    outer loop
      vertex -48.2096 -6.08087 0
      vertex -49.3726 -5.72805 3
      vertex -48.2096 -6.08087 3
    endloop
  endfacet
  facet normal 0.290306 0.956934 0
    outer loop
      vertex -49.3726 -5.72805 3
      vertex -48.2096 -6.08087 0
      vertex -49.3726 -5.72805 0
    endloop
  endfacet
  facet normal 0.634364 0.773035 -0
    outer loop
      vertex -50.4445 -5.15511 0
      vertex -51.3841 -4.38406 3
      vertex -50.4445 -5.15511 3
    endloop
  endfacet
  facet normal 0.634364 0.773035 0
    outer loop
      vertex -51.3841 -4.38406 3
      vertex -50.4445 -5.15511 0
      vertex -51.3841 -4.38406 0
    endloop
  endfacet
  facet normal 0.881902 0.471434 0
    outer loop
      vertex -52.1551 -3.44454 3
      vertex -52.7281 -2.37264 0
      vertex -52.7281 -2.37264 3
    endloop
  endfacet
  facet normal 0.881902 0.471434 0
    outer loop
      vertex -52.7281 -2.37264 0
      vertex -52.1551 -3.44454 3
      vertex -52.1551 -3.44454 0
    endloop
  endfacet
  facet normal 0.956944 0.290272 0
    outer loop
      vertex -52.7281 -2.37264 3
      vertex -53.0809 -1.20956 0
      vertex -53.0809 -1.20956 3
    endloop
  endfacet
  facet normal 0.956944 0.290272 0
    outer loop
      vertex -53.0809 -1.20956 0
      vertex -52.7281 -2.37264 3
      vertex -52.7281 -2.37264 0
    endloop
  endfacet
  facet normal -0.471395 0.881922 0
    outer loop
      vertex -43.5555 -5.15511 0
      vertex -44.6274 -5.72805 3
      vertex -43.5555 -5.15511 3
    endloop
  endfacet
  facet normal -0.471395 0.881922 0
    outer loop
      vertex -44.6274 -5.72805 3
      vertex -43.5555 -5.15511 0
      vertex -44.6274 -5.72805 0
    endloop
  endfacet
  facet normal 0.471395 0.881922 -0
    outer loop
      vertex -49.3726 -5.72805 0
      vertex -50.4445 -5.15511 3
      vertex -49.3726 -5.72805 3
    endloop
  endfacet
  facet normal 0.471395 0.881922 0
    outer loop
      vertex -50.4445 -5.15511 3
      vertex -49.3726 -5.72805 0
      vertex -50.4445 -5.15511 0
    endloop
  endfacet
  facet normal 0.0980129 0.995185 -0
    outer loop
      vertex -47 -6.2 0
      vertex -48.2096 -6.08087 3
      vertex -47 -6.2 3
    endloop
  endfacet
  facet normal 0.0980129 0.995185 0
    outer loop
      vertex -48.2096 -6.08087 3
      vertex -47 -6.2 0
      vertex -48.2096 -6.08087 0
    endloop
  endfacet
  facet normal 0.773028 0.634372 0
    outer loop
      vertex -51.3841 -4.38406 3
      vertex -52.1551 -3.44454 0
      vertex -52.1551 -3.44454 3
    endloop
  endfacet
  facet normal 0.773028 0.634372 0
    outer loop
      vertex -52.1551 -3.44454 0
      vertex -51.3841 -4.38406 3
      vertex -51.3841 -4.38406 0
    endloop
  endfacet
  facet normal -0.995188 -0.0979885 0
    outer loop
      vertex -40.8 22 0
      vertex -40.9191 23.2096 3
      vertex -40.9191 23.2096 0
    endloop
  endfacet
  facet normal -0.995188 -0.0979885 0
    outer loop
      vertex -40.9191 23.2096 3
      vertex -40.8 22 0
      vertex -40.8 22 3
    endloop
  endfacet
  facet normal 0.0979885 -0.995188 0
    outer loop
      vertex -48.2096 28.0809 0
      vertex -47 28.2 3
      vertex -48.2096 28.0809 3
    endloop
  endfacet
  facet normal 0.0979885 -0.995188 0
    outer loop
      vertex -47 28.2 3
      vertex -48.2096 28.0809 0
      vertex -47 28.2 0
    endloop
  endfacet
  facet normal -0.0979885 0.995188 0
    outer loop
      vertex -45.7904 15.9191 0
      vertex -47 15.8 3
      vertex -45.7904 15.9191 3
    endloop
  endfacet
  facet normal -0.0979885 0.995188 0
    outer loop
      vertex -47 15.8 3
      vertex -45.7904 15.9191 0
      vertex -47 15.8 0
    endloop
  endfacet
  facet normal -0.634339 -0.773055 0
    outer loop
      vertex -43.5555 27.1551 0
      vertex -42.6159 26.3841 3
      vertex -43.5555 27.1551 3
    endloop
  endfacet
  facet normal -0.634339 -0.773055 -0
    outer loop
      vertex -42.6159 26.3841 3
      vertex -43.5555 27.1551 0
      vertex -42.6159 26.3841 0
    endloop
  endfacet
  facet normal 0.773055 -0.634339 0
    outer loop
      vertex -52.1551 25.4445 3
      vertex -51.3841 26.3841 0
      vertex -51.3841 26.3841 3
    endloop
  endfacet
  facet normal 0.773055 -0.634339 0
    outer loop
      vertex -51.3841 26.3841 0
      vertex -52.1551 25.4445 3
      vertex -52.1551 25.4445 0
    endloop
  endfacet
  facet normal 0.471434 -0.881902 0
    outer loop
      vertex -50.4445 27.1551 0
      vertex -49.3726 27.7281 3
      vertex -50.4445 27.1551 3
    endloop
  endfacet
  facet normal 0.471434 -0.881902 0
    outer loop
      vertex -49.3726 27.7281 3
      vertex -50.4445 27.1551 0
      vertex -49.3726 27.7281 0
    endloop
  endfacet
  facet normal -0.881902 -0.471434 0
    outer loop
      vertex -41.2719 24.3726 0
      vertex -41.8449 25.4445 3
      vertex -41.8449 25.4445 0
    endloop
  endfacet
  facet normal -0.881902 -0.471434 0
    outer loop
      vertex -41.8449 25.4445 3
      vertex -41.2719 24.3726 0
      vertex -41.2719 24.3726 3
    endloop
  endfacet
  facet normal -0.956939 -0.290291 0
    outer loop
      vertex -40.9191 23.2096 0
      vertex -41.2719 24.3726 3
      vertex -41.2719 24.3726 0
    endloop
  endfacet
  facet normal -0.956939 -0.290291 0
    outer loop
      vertex -41.2719 24.3726 3
      vertex -40.9191 23.2096 0
      vertex -40.9191 23.2096 3
    endloop
  endfacet
  facet normal -0.773055 -0.634339 0
    outer loop
      vertex -41.8449 25.4445 0
      vertex -42.6159 26.3841 3
      vertex -42.6159 26.3841 0
    endloop
  endfacet
  facet normal -0.773055 -0.634339 0
    outer loop
      vertex -42.6159 26.3841 3
      vertex -41.8449 25.4445 0
      vertex -41.8449 25.4445 3
    endloop
  endfacet
  facet normal -0.290291 -0.956939 0
    outer loop
      vertex -45.7904 28.0809 0
      vertex -44.6274 27.7281 3
      vertex -45.7904 28.0809 3
    endloop
  endfacet
  facet normal -0.290291 -0.956939 -0
    outer loop
      vertex -44.6274 27.7281 3
      vertex -45.7904 28.0809 0
      vertex -44.6274 27.7281 0
    endloop
  endfacet
  facet normal -0.0979885 -0.995188 0
    outer loop
      vertex -47 28.2 0
      vertex -45.7904 28.0809 3
      vertex -47 28.2 3
    endloop
  endfacet
  facet normal -0.0979885 -0.995188 -0
    outer loop
      vertex -45.7904 28.0809 3
      vertex -47 28.2 0
      vertex -45.7904 28.0809 0
    endloop
  endfacet
  facet normal -0.471434 -0.881902 0
    outer loop
      vertex -44.6274 27.7281 0
      vertex -43.5555 27.1551 3
      vertex -44.6274 27.7281 3
    endloop
  endfacet
  facet normal -0.471434 -0.881902 -0
    outer loop
      vertex -43.5555 27.1551 3
      vertex -44.6274 27.7281 0
      vertex -43.5555 27.1551 0
    endloop
  endfacet
  facet normal 0.956939 -0.290291 0
    outer loop
      vertex -53.0809 23.2096 3
      vertex -52.7281 24.3726 0
      vertex -52.7281 24.3726 3
    endloop
  endfacet
  facet normal 0.956939 -0.290291 0
    outer loop
      vertex -52.7281 24.3726 0
      vertex -53.0809 23.2096 3
      vertex -53.0809 23.2096 0
    endloop
  endfacet
  facet normal 0.881902 -0.471434 0
    outer loop
      vertex -52.7281 24.3726 3
      vertex -52.1551 25.4445 0
      vertex -52.1551 25.4445 3
    endloop
  endfacet
  facet normal 0.881902 -0.471434 0
    outer loop
      vertex -52.1551 25.4445 0
      vertex -52.7281 24.3726 3
      vertex -52.7281 24.3726 0
    endloop
  endfacet
  facet normal 0.995188 -0.0979885 0
    outer loop
      vertex -53.2 22 3
      vertex -53.0809 23.2096 0
      vertex -53.0809 23.2096 3
    endloop
  endfacet
  facet normal 0.995188 -0.0979885 0
    outer loop
      vertex -53.0809 23.2096 0
      vertex -53.2 22 3
      vertex -53.2 22 0
    endloop
  endfacet
  facet normal 0.634339 -0.773055 0
    outer loop
      vertex -51.3841 26.3841 0
      vertex -50.4445 27.1551 3
      vertex -51.3841 26.3841 3
    endloop
  endfacet
  facet normal 0.634339 -0.773055 0
    outer loop
      vertex -50.4445 27.1551 3
      vertex -51.3841 26.3841 0
      vertex -50.4445 27.1551 0
    endloop
  endfacet
  facet normal 0.290291 -0.956939 0
    outer loop
      vertex -49.3726 27.7281 0
      vertex -48.2096 28.0809 3
      vertex -49.3726 27.7281 3
    endloop
  endfacet
  facet normal 0.290291 -0.956939 0
    outer loop
      vertex -48.2096 28.0809 3
      vertex -49.3726 27.7281 0
      vertex -48.2096 28.0809 0
    endloop
  endfacet
  facet normal -0.290291 0.956939 0
    outer loop
      vertex -44.6274 16.2719 0
      vertex -45.7904 15.9191 3
      vertex -44.6274 16.2719 3
    endloop
  endfacet
  facet normal -0.290291 0.956939 0
    outer loop
      vertex -45.7904 15.9191 3
      vertex -44.6274 16.2719 0
      vertex -45.7904 15.9191 0
    endloop
  endfacet
  facet normal -0.634339 0.773055 0
    outer loop
      vertex -42.6159 17.6159 0
      vertex -43.5555 16.8449 3
      vertex -42.6159 17.6159 3
    endloop
  endfacet
  facet normal -0.634339 0.773055 0
    outer loop
      vertex -43.5555 16.8449 3
      vertex -42.6159 17.6159 0
      vertex -43.5555 16.8449 0
    endloop
  endfacet
  facet normal -0.881902 0.471434 0
    outer loop
      vertex -41.8449 18.5555 0
      vertex -41.2719 19.6274 3
      vertex -41.2719 19.6274 0
    endloop
  endfacet
  facet normal -0.881902 0.471434 0
    outer loop
      vertex -41.2719 19.6274 3
      vertex -41.8449 18.5555 0
      vertex -41.8449 18.5555 3
    endloop
  endfacet
  facet normal -0.995188 0.0979885 0
    outer loop
      vertex -40.9191 20.7904 0
      vertex -40.8 22 3
      vertex -40.8 22 0
    endloop
  endfacet
  facet normal -0.995188 0.0979885 0
    outer loop
      vertex -40.8 22 3
      vertex -40.9191 20.7904 0
      vertex -40.9191 20.7904 3
    endloop
  endfacet
  facet normal 0.290291 0.956939 -0
    outer loop
      vertex -48.2096 15.9191 0
      vertex -49.3726 16.2719 3
      vertex -48.2096 15.9191 3
    endloop
  endfacet
  facet normal 0.290291 0.956939 0
    outer loop
      vertex -49.3726 16.2719 3
      vertex -48.2096 15.9191 0
      vertex -49.3726 16.2719 0
    endloop
  endfacet
  facet normal 0.471434 0.881902 -0
    outer loop
      vertex -49.3726 16.2719 0
      vertex -50.4445 16.8449 3
      vertex -49.3726 16.2719 3
    endloop
  endfacet
  facet normal 0.471434 0.881902 0
    outer loop
      vertex -50.4445 16.8449 3
      vertex -49.3726 16.2719 0
      vertex -50.4445 16.8449 0
    endloop
  endfacet
  facet normal 0.0979885 0.995188 -0
    outer loop
      vertex -47 15.8 0
      vertex -48.2096 15.9191 3
      vertex -47 15.8 3
    endloop
  endfacet
  facet normal 0.0979885 0.995188 0
    outer loop
      vertex -48.2096 15.9191 3
      vertex -47 15.8 0
      vertex -48.2096 15.9191 0
    endloop
  endfacet
  facet normal 0.773055 0.634339 0
    outer loop
      vertex -51.3841 17.6159 3
      vertex -52.1551 18.5555 0
      vertex -52.1551 18.5555 3
    endloop
  endfacet
  facet normal 0.773055 0.634339 0
    outer loop
      vertex -52.1551 18.5555 0
      vertex -51.3841 17.6159 3
      vertex -51.3841 17.6159 0
    endloop
  endfacet
  facet normal 0.634339 0.773055 -0
    outer loop
      vertex -50.4445 16.8449 0
      vertex -51.3841 17.6159 3
      vertex -50.4445 16.8449 3
    endloop
  endfacet
  facet normal 0.634339 0.773055 0
    outer loop
      vertex -51.3841 17.6159 3
      vertex -50.4445 16.8449 0
      vertex -51.3841 17.6159 0
    endloop
  endfacet
  facet normal 0.956939 0.290291 0
    outer loop
      vertex -52.7281 19.6274 3
      vertex -53.0809 20.7904 0
      vertex -53.0809 20.7904 3
    endloop
  endfacet
  facet normal 0.956939 0.290291 0
    outer loop
      vertex -53.0809 20.7904 0
      vertex -52.7281 19.6274 3
      vertex -52.7281 19.6274 0
    endloop
  endfacet
  facet normal 0.995188 0.0979885 0
    outer loop
      vertex -53.0809 20.7904 3
      vertex -53.2 22 0
      vertex -53.2 22 3
    endloop
  endfacet
  facet normal 0.995188 0.0979885 0
    outer loop
      vertex -53.2 22 0
      vertex -53.0809 20.7904 3
      vertex -53.0809 20.7904 0
    endloop
  endfacet
  facet normal -0.471434 0.881902 0
    outer loop
      vertex -43.5555 16.8449 0
      vertex -44.6274 16.2719 3
      vertex -43.5555 16.8449 3
    endloop
  endfacet
  facet normal -0.471434 0.881902 0
    outer loop
      vertex -44.6274 16.2719 3
      vertex -43.5555 16.8449 0
      vertex -44.6274 16.2719 0
    endloop
  endfacet
  facet normal -0.773055 0.634339 0
    outer loop
      vertex -42.6159 17.6159 0
      vertex -41.8449 18.5555 3
      vertex -41.8449 18.5555 0
    endloop
  endfacet
  facet normal -0.773055 0.634339 0
    outer loop
      vertex -41.8449 18.5555 3
      vertex -42.6159 17.6159 0
      vertex -42.6159 17.6159 3
    endloop
  endfacet
  facet normal -0.956939 0.290291 0
    outer loop
      vertex -41.2719 19.6274 0
      vertex -40.9191 20.7904 3
      vertex -40.9191 20.7904 0
    endloop
  endfacet
  facet normal -0.956939 0.290291 0
    outer loop
      vertex -40.9191 20.7904 3
      vertex -41.2719 19.6274 0
      vertex -41.2719 19.6274 3
    endloop
  endfacet
  facet normal 0.881902 0.471434 0
    outer loop
      vertex -52.1551 18.5555 3
      vertex -52.7281 19.6274 0
      vertex -52.7281 19.6274 3
    endloop
  endfacet
  facet normal 0.881902 0.471434 0
    outer loop
      vertex -52.7281 19.6274 0
      vertex -52.1551 18.5555 3
      vertex -52.1551 18.5555 0
    endloop
  endfacet
  facet normal -0.995186 -0.0980037 0
    outer loop
      vertex 2.65 -12 0
      vertex 2.6183 -11.6781 3
      vertex 2.6183 -11.6781 0
    endloop
  endfacet
  facet normal -0.995186 -0.0980037 0
    outer loop
      vertex 2.6183 -11.6781 3
      vertex 2.65 -12 0
      vertex 2.65 -12 3
    endloop
  endfacet
  facet normal 0.995185 -0.098016 0
    outer loop
      vertex -0.65 -12 3
      vertex -0.618296 -11.6781 0
      vertex -0.618296 -11.6781 3
    endloop
  endfacet
  facet normal 0.995185 -0.098016 0
    outer loop
      vertex -0.618296 -11.6781 0
      vertex -0.65 -12 3
      vertex -0.65 -12 0
    endloop
  endfacet
  facet normal 0.098004 -0.995186 0
    outer loop
      vertex 0.678101 -10.3817 0
      vertex 1 -10.35 3
      vertex 0.678101 -10.3817 3
    endloop
  endfacet
  facet normal 0.098004 -0.995186 0
    outer loop
      vertex 1 -10.35 3
      vertex 0.678101 -10.3817 0
      vertex 1 -10.35 0
    endloop
  endfacet
  facet normal -0.0980037 0.995186 0
    outer loop
      vertex 1.3219 -13.6183 0
      vertex 1 -13.65 3
      vertex 1.3219 -13.6183 3
    endloop
  endfacet
  facet normal -0.0980037 0.995186 0
    outer loop
      vertex 1 -13.65 3
      vertex 1.3219 -13.6183 0
      vertex 1 -13.65 0
    endloop
  endfacet
  facet normal -0.634389 -0.773014 0
    outer loop
      vertex 1.91669 -10.6281 0
      vertex 2.16673 -10.8333 3
      vertex 1.91669 -10.6281 3
    endloop
  endfacet
  facet normal -0.634389 -0.773014 -0
    outer loop
      vertex 2.16673 -10.8333 3
      vertex 1.91669 -10.6281 0
      vertex 2.16673 -10.8333 0
    endloop
  endfacet
  facet normal 0.634397 -0.773007 0
    outer loop
      vertex -0.166726 -10.8333 0
      vertex 0.0833082 -10.6281 3
      vertex -0.166726 -10.8333 3
    endloop
  endfacet
  facet normal 0.634397 -0.773007 0
    outer loop
      vertex 0.0833082 -10.6281 3
      vertex -0.166726 -10.8333 0
      vertex 0.0833082 -10.6281 0
    endloop
  endfacet
  facet normal 0.471453 -0.881891 0
    outer loop
      vertex 0.0833082 -10.6281 0
      vertex 0.368572 -10.4756 3
      vertex 0.0833082 -10.6281 3
    endloop
  endfacet
  facet normal 0.471453 -0.881891 0
    outer loop
      vertex 0.368572 -10.4756 3
      vertex 0.0833082 -10.6281 0
      vertex 0.368572 -10.4756 0
    endloop
  endfacet
  facet normal -0.881942 -0.471358 0
    outer loop
      vertex 2.5244 -11.3686 0
      vertex 2.37192 -11.0833 3
      vertex 2.37192 -11.0833 0
    endloop
  endfacet
  facet normal -0.881942 -0.471358 0
    outer loop
      vertex 2.37192 -11.0833 3
      vertex 2.5244 -11.3686 0
      vertex 2.5244 -11.3686 3
    endloop
  endfacet
  facet normal -0.956928 -0.290325 0
    outer loop
      vertex 2.6183 -11.6781 0
      vertex 2.5244 -11.3686 3
      vertex 2.5244 -11.3686 0
    endloop
  endfacet
  facet normal -0.956928 -0.290325 0
    outer loop
      vertex 2.5244 -11.3686 3
      vertex 2.6183 -11.6781 0
      vertex 2.6183 -11.6781 3
    endloop
  endfacet
  facet normal -0.77298 -0.634431 0
    outer loop
      vertex 2.37192 -11.0833 0
      vertex 2.16673 -10.8333 3
      vertex 2.16673 -10.8333 0
    endloop
  endfacet
  facet normal -0.77298 -0.634431 0
    outer loop
      vertex 2.16673 -10.8333 3
      vertex 2.37192 -11.0833 0
      vertex 2.37192 -11.0833 3
    endloop
  endfacet
  facet normal -0.290299 -0.956936 0
    outer loop
      vertex 1.3219 -10.3817 0
      vertex 1.63143 -10.4756 3
      vertex 1.3219 -10.3817 3
    endloop
  endfacet
  facet normal -0.290299 -0.956936 -0
    outer loop
      vertex 1.63143 -10.4756 3
      vertex 1.3219 -10.3817 0
      vertex 1.63143 -10.4756 0
    endloop
  endfacet
  facet normal -0.0980037 -0.995186 0
    outer loop
      vertex 1 -10.35 0
      vertex 1.3219 -10.3817 3
      vertex 1 -10.35 3
    endloop
  endfacet
  facet normal -0.0980037 -0.995186 -0
    outer loop
      vertex 1.3219 -10.3817 3
      vertex 1 -10.35 0
      vertex 1.3219 -10.3817 0
    endloop
  endfacet
  facet normal -0.471458 -0.881889 0
    outer loop
      vertex 1.63143 -10.4756 0
      vertex 1.91669 -10.6281 3
      vertex 1.63143 -10.4756 3
    endloop
  endfacet
  facet normal -0.471458 -0.881889 -0
    outer loop
      vertex 1.91669 -10.6281 3
      vertex 1.63143 -10.4756 0
      vertex 1.91669 -10.6281 0
    endloop
  endfacet
  facet normal 0.881946 -0.471351 0
    outer loop
      vertex -0.524401 -11.3686 3
      vertex -0.371924 -11.0833 0
      vertex -0.371924 -11.0833 3
    endloop
  endfacet
  facet normal 0.881946 -0.471351 0
    outer loop
      vertex -0.371924 -11.0833 0
      vertex -0.524401 -11.3686 3
      vertex -0.524401 -11.3686 0
    endloop
  endfacet
  facet normal 0.772968 -0.634446 0
    outer loop
      vertex -0.371924 -11.0833 3
      vertex -0.166726 -10.8333 0
      vertex -0.166726 -10.8333 3
    endloop
  endfacet
  facet normal 0.772968 -0.634446 0
    outer loop
      vertex -0.166726 -10.8333 0
      vertex -0.371924 -11.0833 3
      vertex -0.371924 -11.0833 0
    endloop
  endfacet
  facet normal 0.956932 -0.290311 0
    outer loop
      vertex -0.618296 -11.6781 3
      vertex -0.524401 -11.3686 0
      vertex -0.524401 -11.3686 3
    endloop
  endfacet
  facet normal 0.956932 -0.290311 0
    outer loop
      vertex -0.524401 -11.3686 0
      vertex -0.618296 -11.6781 3
      vertex -0.618296 -11.6781 0
    endloop
  endfacet
  facet normal 0.2903 -0.956936 0
    outer loop
      vertex 0.368572 -10.4756 0
      vertex 0.678101 -10.3817 3
      vertex 0.368572 -10.4756 3
    endloop
  endfacet
  facet normal 0.2903 -0.956936 0
    outer loop
      vertex 0.678101 -10.3817 3
      vertex 0.368572 -10.4756 0
      vertex 0.678101 -10.3817 0
    endloop
  endfacet
  facet normal -0.995186 0.0980037 0
    outer loop
      vertex 2.6183 -12.3219 0
      vertex 2.65 -12 3
      vertex 2.65 -12 0
    endloop
  endfacet
  facet normal -0.995186 0.0980037 0
    outer loop
      vertex 2.65 -12 3
      vertex 2.6183 -12.3219 0
      vertex 2.6183 -12.3219 3
    endloop
  endfacet
  facet normal -0.881942 0.471358 0
    outer loop
      vertex 2.37192 -12.9167 0
      vertex 2.5244 -12.6314 3
      vertex 2.5244 -12.6314 0
    endloop
  endfacet
  facet normal -0.881942 0.471358 0
    outer loop
      vertex 2.5244 -12.6314 3
      vertex 2.37192 -12.9167 0
      vertex 2.37192 -12.9167 3
    endloop
  endfacet
  facet normal 0.772968 0.634446 0
    outer loop
      vertex -0.166726 -13.1667 3
      vertex -0.371924 -12.9167 0
      vertex -0.371924 -12.9167 3
    endloop
  endfacet
  facet normal 0.772968 0.634446 0
    outer loop
      vertex -0.371924 -12.9167 0
      vertex -0.166726 -13.1667 3
      vertex -0.166726 -13.1667 0
    endloop
  endfacet
  facet normal 0.881946 0.471351 0
    outer loop
      vertex -0.371924 -12.9167 3
      vertex -0.524401 -12.6314 0
      vertex -0.524401 -12.6314 3
    endloop
  endfacet
  facet normal 0.881946 0.471351 0
    outer loop
      vertex -0.524401 -12.6314 0
      vertex -0.371924 -12.9167 3
      vertex -0.371924 -12.9167 0
    endloop
  endfacet
  facet normal 0.995185 0.098016 0
    outer loop
      vertex -0.618296 -12.3219 3
      vertex -0.65 -12 0
      vertex -0.65 -12 3
    endloop
  endfacet
  facet normal 0.995185 0.098016 0
    outer loop
      vertex -0.65 -12 0
      vertex -0.618296 -12.3219 3
      vertex -0.618296 -12.3219 0
    endloop
  endfacet
  facet normal -0.634389 0.773014 0
    outer loop
      vertex 2.16673 -13.1667 0
      vertex 1.91669 -13.3719 3
      vertex 2.16673 -13.1667 3
    endloop
  endfacet
  facet normal -0.634389 0.773014 0
    outer loop
      vertex 1.91669 -13.3719 3
      vertex 2.16673 -13.1667 0
      vertex 1.91669 -13.3719 0
    endloop
  endfacet
  facet normal -0.956928 0.290325 0
    outer loop
      vertex 2.5244 -12.6314 0
      vertex 2.6183 -12.3219 3
      vertex 2.6183 -12.3219 0
    endloop
  endfacet
  facet normal -0.956928 0.290325 0
    outer loop
      vertex 2.6183 -12.3219 3
      vertex 2.5244 -12.6314 0
      vertex 2.5244 -12.6314 3
    endloop
  endfacet
  facet normal 0.2903 0.956936 -0
    outer loop
      vertex 0.678101 -13.6183 0
      vertex 0.368572 -13.5244 3
      vertex 0.678101 -13.6183 3
    endloop
  endfacet
  facet normal 0.2903 0.956936 0
    outer loop
      vertex 0.368572 -13.5244 3
      vertex 0.678101 -13.6183 0
      vertex 0.368572 -13.5244 0
    endloop
  endfacet
  facet normal 0.634397 0.773007 -0
    outer loop
      vertex 0.0833082 -13.3719 0
      vertex -0.166726 -13.1667 3
      vertex 0.0833082 -13.3719 3
    endloop
  endfacet
  facet normal 0.634397 0.773007 0
    outer loop
      vertex -0.166726 -13.1667 3
      vertex 0.0833082 -13.3719 0
      vertex -0.166726 -13.1667 0
    endloop
  endfacet
  facet normal 0.956932 0.290311 0
    outer loop
      vertex -0.524401 -12.6314 3
      vertex -0.618296 -12.3219 0
      vertex -0.618296 -12.3219 3
    endloop
  endfacet
  facet normal 0.956932 0.290311 0
    outer loop
      vertex -0.618296 -12.3219 0
      vertex -0.524401 -12.6314 3
      vertex -0.524401 -12.6314 0
    endloop
  endfacet
  facet normal -0.471458 0.881889 0
    outer loop
      vertex 1.91669 -13.3719 0
      vertex 1.63143 -13.5244 3
      vertex 1.91669 -13.3719 3
    endloop
  endfacet
  facet normal -0.471458 0.881889 0
    outer loop
      vertex 1.63143 -13.5244 3
      vertex 1.91669 -13.3719 0
      vertex 1.63143 -13.5244 0
    endloop
  endfacet
  facet normal -0.290299 0.956936 0
    outer loop
      vertex 1.63143 -13.5244 0
      vertex 1.3219 -13.6183 3
      vertex 1.63143 -13.5244 3
    endloop
  endfacet
  facet normal -0.290299 0.956936 0
    outer loop
      vertex 1.3219 -13.6183 3
      vertex 1.63143 -13.5244 0
      vertex 1.3219 -13.6183 0
    endloop
  endfacet
  facet normal -0.77298 0.634431 0
    outer loop
      vertex 2.16673 -13.1667 0
      vertex 2.37192 -12.9167 3
      vertex 2.37192 -12.9167 0
    endloop
  endfacet
  facet normal -0.77298 0.634431 0
    outer loop
      vertex 2.37192 -12.9167 3
      vertex 2.16673 -13.1667 0
      vertex 2.16673 -13.1667 3
    endloop
  endfacet
  facet normal 0.471453 0.881891 -0
    outer loop
      vertex 0.368572 -13.5244 0
      vertex 0.0833082 -13.3719 3
      vertex 0.368572 -13.5244 3
    endloop
  endfacet
  facet normal 0.471453 0.881891 0
    outer loop
      vertex 0.0833082 -13.3719 3
      vertex 0.368572 -13.5244 0
      vertex 0.0833082 -13.3719 0
    endloop
  endfacet
  facet normal 0.098004 0.995186 -0
    outer loop
      vertex 1 -13.65 0
      vertex 0.678101 -13.6183 3
      vertex 1 -13.65 3
    endloop
  endfacet
  facet normal 0.098004 0.995186 0
    outer loop
      vertex 0.678101 -13.6183 3
      vertex 1 -13.65 0
      vertex 0.678101 -13.6183 0
    endloop
  endfacet
  facet normal -0.995186 -0.0980037 0
    outer loop
      vertex 2.65 12 0
      vertex 2.6183 12.3219 3
      vertex 2.6183 12.3219 0
    endloop
  endfacet
  facet normal -0.995186 -0.0980037 0
    outer loop
      vertex 2.6183 12.3219 3
      vertex 2.65 12 0
      vertex 2.65 12 3
    endloop
  endfacet
  facet normal 0.098004 -0.995186 0
    outer loop
      vertex 0.678101 13.6183 0
      vertex 1 13.65 3
      vertex 0.678101 13.6183 3
    endloop
  endfacet
  facet normal 0.098004 -0.995186 0
    outer loop
      vertex 1 13.65 3
      vertex 0.678101 13.6183 0
      vertex 1 13.65 0
    endloop
  endfacet
  facet normal -0.0980037 0.995186 0
    outer loop
      vertex 1.3219 10.3817 0
      vertex 1 10.35 3
      vertex 1.3219 10.3817 3
    endloop
  endfacet
  facet normal -0.0980037 0.995186 0
    outer loop
      vertex 1 10.35 3
      vertex 1.3219 10.3817 0
      vertex 1 10.35 0
    endloop
  endfacet
  facet normal -0.634389 -0.773014 0
    outer loop
      vertex 1.91669 13.3719 0
      vertex 2.16673 13.1667 3
      vertex 1.91669 13.3719 3
    endloop
  endfacet
  facet normal -0.634389 -0.773014 -0
    outer loop
      vertex 2.16673 13.1667 3
      vertex 1.91669 13.3719 0
      vertex 2.16673 13.1667 0
    endloop
  endfacet
  facet normal 0.772968 -0.634446 0
    outer loop
      vertex -0.371924 12.9167 3
      vertex -0.166726 13.1667 0
      vertex -0.166726 13.1667 3
    endloop
  endfacet
  facet normal 0.772968 -0.634446 0
    outer loop
      vertex -0.166726 13.1667 0
      vertex -0.371924 12.9167 3
      vertex -0.371924 12.9167 0
    endloop
  endfacet
  facet normal 0.471453 -0.881891 0
    outer loop
      vertex 0.0833082 13.3719 0
      vertex 0.368572 13.5244 3
      vertex 0.0833082 13.3719 3
    endloop
  endfacet
  facet normal 0.471453 -0.881891 0
    outer loop
      vertex 0.368572 13.5244 3
      vertex 0.0833082 13.3719 0
      vertex 0.368572 13.5244 0
    endloop
  endfacet
  facet normal -0.881942 -0.471358 0
    outer loop
      vertex 2.5244 12.6314 0
      vertex 2.37192 12.9167 3
      vertex 2.37192 12.9167 0
    endloop
  endfacet
  facet normal -0.881942 -0.471358 0
    outer loop
      vertex 2.37192 12.9167 3
      vertex 2.5244 12.6314 0
      vertex 2.5244 12.6314 3
    endloop
  endfacet
  facet normal -0.956928 -0.290325 0
    outer loop
      vertex 2.6183 12.3219 0
      vertex 2.5244 12.6314 3
      vertex 2.5244 12.6314 0
    endloop
  endfacet
  facet normal -0.956928 -0.290325 0
    outer loop
      vertex 2.5244 12.6314 3
      vertex 2.6183 12.3219 0
      vertex 2.6183 12.3219 3
    endloop
  endfacet
  facet normal -0.77298 -0.634431 0
    outer loop
      vertex 2.37192 12.9167 0
      vertex 2.16673 13.1667 3
      vertex 2.16673 13.1667 0
    endloop
  endfacet
  facet normal -0.77298 -0.634431 0
    outer loop
      vertex 2.16673 13.1667 3
      vertex 2.37192 12.9167 0
      vertex 2.37192 12.9167 3
    endloop
  endfacet
  facet normal -0.290299 -0.956936 0
    outer loop
      vertex 1.3219 13.6183 0
      vertex 1.63143 13.5244 3
      vertex 1.3219 13.6183 3
    endloop
  endfacet
  facet normal -0.290299 -0.956936 -0
    outer loop
      vertex 1.63143 13.5244 3
      vertex 1.3219 13.6183 0
      vertex 1.63143 13.5244 0
    endloop
  endfacet
  facet normal -0.0980037 -0.995186 0
    outer loop
      vertex 1 13.65 0
      vertex 1.3219 13.6183 3
      vertex 1 13.65 3
    endloop
  endfacet
  facet normal -0.0980037 -0.995186 -0
    outer loop
      vertex 1.3219 13.6183 3
      vertex 1 13.65 0
      vertex 1.3219 13.6183 0
    endloop
  endfacet
  facet normal -0.471458 -0.881889 0
    outer loop
      vertex 1.63143 13.5244 0
      vertex 1.91669 13.3719 3
      vertex 1.63143 13.5244 3
    endloop
  endfacet
  facet normal -0.471458 -0.881889 -0
    outer loop
      vertex 1.91669 13.3719 3
      vertex 1.63143 13.5244 0
      vertex 1.91669 13.3719 0
    endloop
  endfacet
  facet normal 0.956932 -0.290311 0
    outer loop
      vertex -0.618296 12.3219 3
      vertex -0.524401 12.6314 0
      vertex -0.524401 12.6314 3
    endloop
  endfacet
  facet normal 0.956932 -0.290311 0
    outer loop
      vertex -0.524401 12.6314 0
      vertex -0.618296 12.3219 3
      vertex -0.618296 12.3219 0
    endloop
  endfacet
  facet normal 0.881946 -0.471351 0
    outer loop
      vertex -0.524401 12.6314 3
      vertex -0.371924 12.9167 0
      vertex -0.371924 12.9167 3
    endloop
  endfacet
  facet normal 0.881946 -0.471351 0
    outer loop
      vertex -0.371924 12.9167 0
      vertex -0.524401 12.6314 3
      vertex -0.524401 12.6314 0
    endloop
  endfacet
  facet normal 0.995185 -0.098016 0
    outer loop
      vertex -0.65 12 3
      vertex -0.618296 12.3219 0
      vertex -0.618296 12.3219 3
    endloop
  endfacet
  facet normal 0.995185 -0.098016 0
    outer loop
      vertex -0.618296 12.3219 0
      vertex -0.65 12 3
      vertex -0.65 12 0
    endloop
  endfacet
  facet normal 0.634397 -0.773007 0
    outer loop
      vertex -0.166726 13.1667 0
      vertex 0.0833082 13.3719 3
      vertex -0.166726 13.1667 3
    endloop
  endfacet
  facet normal 0.634397 -0.773007 0
    outer loop
      vertex 0.0833082 13.3719 3
      vertex -0.166726 13.1667 0
      vertex 0.0833082 13.3719 0
    endloop
  endfacet
  facet normal 0.2903 -0.956936 0
    outer loop
      vertex 0.368572 13.5244 0
      vertex 0.678101 13.6183 3
      vertex 0.368572 13.5244 3
    endloop
  endfacet
  facet normal 0.2903 -0.956936 0
    outer loop
      vertex 0.678101 13.6183 3
      vertex 0.368572 13.5244 0
      vertex 0.678101 13.6183 0
    endloop
  endfacet
  facet normal -0.290299 0.956936 0
    outer loop
      vertex 1.63143 10.4756 0
      vertex 1.3219 10.3817 3
      vertex 1.63143 10.4756 3
    endloop
  endfacet
  facet normal -0.290299 0.956936 0
    outer loop
      vertex 1.3219 10.3817 3
      vertex 1.63143 10.4756 0
      vertex 1.3219 10.3817 0
    endloop
  endfacet
  facet normal -0.634389 0.773014 0
    outer loop
      vertex 2.16673 10.8333 0
      vertex 1.91669 10.6281 3
      vertex 2.16673 10.8333 3
    endloop
  endfacet
  facet normal -0.634389 0.773014 0
    outer loop
      vertex 1.91669 10.6281 3
      vertex 2.16673 10.8333 0
      vertex 1.91669 10.6281 0
    endloop
  endfacet
  facet normal -0.881942 0.471358 0
    outer loop
      vertex 2.37192 11.0833 0
      vertex 2.5244 11.3686 3
      vertex 2.5244 11.3686 0
    endloop
  endfacet
  facet normal -0.881942 0.471358 0
    outer loop
      vertex 2.5244 11.3686 3
      vertex 2.37192 11.0833 0
      vertex 2.37192 11.0833 3
    endloop
  endfacet
  facet normal -0.995186 0.0980037 0
    outer loop
      vertex 2.6183 11.6781 0
      vertex 2.65 12 3
      vertex 2.65 12 0
    endloop
  endfacet
  facet normal -0.995186 0.0980037 0
    outer loop
      vertex 2.65 12 3
      vertex 2.6183 11.6781 0
      vertex 2.6183 11.6781 3
    endloop
  endfacet
  facet normal 0.2903 0.956936 -0
    outer loop
      vertex 0.678101 10.3817 0
      vertex 0.368572 10.4756 3
      vertex 0.678101 10.3817 3
    endloop
  endfacet
  facet normal 0.2903 0.956936 0
    outer loop
      vertex 0.368572 10.4756 3
      vertex 0.678101 10.3817 0
      vertex 0.368572 10.4756 0
    endloop
  endfacet
  facet normal 0.471453 0.881891 -0
    outer loop
      vertex 0.368572 10.4756 0
      vertex 0.0833082 10.6281 3
      vertex 0.368572 10.4756 3
    endloop
  endfacet
  facet normal 0.471453 0.881891 0
    outer loop
      vertex 0.0833082 10.6281 3
      vertex 0.368572 10.4756 0
      vertex 0.0833082 10.6281 0
    endloop
  endfacet
  facet normal 0.098004 0.995186 -0
    outer loop
      vertex 1 10.35 0
      vertex 0.678101 10.3817 3
      vertex 1 10.35 3
    endloop
  endfacet
  facet normal 0.098004 0.995186 0
    outer loop
      vertex 0.678101 10.3817 3
      vertex 1 10.35 0
      vertex 0.678101 10.3817 0
    endloop
  endfacet
  facet normal 0.772968 0.634446 0
    outer loop
      vertex -0.166726 10.8333 3
      vertex -0.371924 11.0833 0
      vertex -0.371924 11.0833 3
    endloop
  endfacet
  facet normal 0.772968 0.634446 0
    outer loop
      vertex -0.371924 11.0833 0
      vertex -0.166726 10.8333 3
      vertex -0.166726 10.8333 0
    endloop
  endfacet
  facet normal 0.634397 0.773007 -0
    outer loop
      vertex 0.0833082 10.6281 0
      vertex -0.166726 10.8333 3
      vertex 0.0833082 10.6281 3
    endloop
  endfacet
  facet normal 0.634397 0.773007 0
    outer loop
      vertex -0.166726 10.8333 3
      vertex 0.0833082 10.6281 0
      vertex -0.166726 10.8333 0
    endloop
  endfacet
  facet normal 0.956932 0.290311 0
    outer loop
      vertex -0.524401 11.3686 3
      vertex -0.618296 11.6781 0
      vertex -0.618296 11.6781 3
    endloop
  endfacet
  facet normal 0.956932 0.290311 0
    outer loop
      vertex -0.618296 11.6781 0
      vertex -0.524401 11.3686 3
      vertex -0.524401 11.3686 0
    endloop
  endfacet
  facet normal 0.995185 0.098016 0
    outer loop
      vertex -0.618296 11.6781 3
      vertex -0.65 12 0
      vertex -0.65 12 3
    endloop
  endfacet
  facet normal 0.995185 0.098016 0
    outer loop
      vertex -0.65 12 0
      vertex -0.618296 11.6781 3
      vertex -0.618296 11.6781 0
    endloop
  endfacet
  facet normal -0.471458 0.881889 0
    outer loop
      vertex 1.91669 10.6281 0
      vertex 1.63143 10.4756 3
      vertex 1.91669 10.6281 3
    endloop
  endfacet
  facet normal -0.471458 0.881889 0
    outer loop
      vertex 1.63143 10.4756 3
      vertex 1.91669 10.6281 0
      vertex 1.63143 10.4756 0
    endloop
  endfacet
  facet normal -0.77298 0.634431 0
    outer loop
      vertex 2.16673 10.8333 0
      vertex 2.37192 11.0833 3
      vertex 2.37192 11.0833 0
    endloop
  endfacet
  facet normal -0.77298 0.634431 0
    outer loop
      vertex 2.37192 11.0833 3
      vertex 2.16673 10.8333 0
      vertex 2.16673 10.8333 3
    endloop
  endfacet
  facet normal -0.956928 0.290325 0
    outer loop
      vertex 2.5244 11.3686 0
      vertex 2.6183 11.6781 3
      vertex 2.6183 11.6781 0
    endloop
  endfacet
  facet normal -0.956928 0.290325 0
    outer loop
      vertex 2.6183 11.6781 3
      vertex 2.5244 11.3686 0
      vertex 2.5244 11.3686 3
    endloop
  endfacet
  facet normal 0.881946 0.471351 0
    outer loop
      vertex -0.371924 11.0833 3
      vertex -0.524401 11.3686 0
      vertex -0.524401 11.3686 3
    endloop
  endfacet
  facet normal 0.881946 0.471351 0
    outer loop
      vertex -0.524401 11.3686 0
      vertex -0.371924 11.0833 3
      vertex -0.371924 11.0833 0
    endloop
  endfacet
  facet normal -0.995186 -0.0980037 0
    outer loop
      vertex 26.65 -12 0
      vertex 26.6183 -11.6781 3
      vertex 26.6183 -11.6781 0
    endloop
  endfacet
  facet normal -0.995186 -0.0980037 0
    outer loop
      vertex 26.6183 -11.6781 3
      vertex 26.65 -12 0
      vertex 26.65 -12 3
    endloop
  endfacet
  facet normal 0.995186 -0.0980037 0
    outer loop
      vertex 23.35 -12 3
      vertex 23.3817 -11.6781 0
      vertex 23.3817 -11.6781 3
    endloop
  endfacet
  facet normal 0.995186 -0.0980037 0
    outer loop
      vertex 23.3817 -11.6781 0
      vertex 23.35 -12 3
      vertex 23.35 -12 0
    endloop
  endfacet
  facet normal 0.0980037 -0.995186 0
    outer loop
      vertex 24.6781 -10.3817 0
      vertex 25 -10.35 3
      vertex 24.6781 -10.3817 3
    endloop
  endfacet
  facet normal 0.0980037 -0.995186 0
    outer loop
      vertex 25 -10.35 3
      vertex 24.6781 -10.3817 0
      vertex 25 -10.35 0
    endloop
  endfacet
  facet normal -0.0980037 0.995186 0
    outer loop
      vertex 25.3219 -13.6183 0
      vertex 25 -13.65 3
      vertex 25.3219 -13.6183 3
    endloop
  endfacet
  facet normal -0.0980037 0.995186 0
    outer loop
      vertex 25 -13.65 3
      vertex 25.3219 -13.6183 0
      vertex 25 -13.65 0
    endloop
  endfacet
  facet normal -0.634449 -0.772965 0
    outer loop
      vertex 25.9167 -10.6281 0
      vertex 26.1667 -10.8333 3
      vertex 25.9167 -10.6281 3
    endloop
  endfacet
  facet normal -0.634449 -0.772965 -0
    outer loop
      vertex 26.1667 -10.8333 3
      vertex 25.9167 -10.6281 0
      vertex 26.1667 -10.8333 0
    endloop
  endfacet
  facet normal 0.634449 -0.772965 0
    outer loop
      vertex 23.8333 -10.8333 0
      vertex 24.0833 -10.6281 3
      vertex 23.8333 -10.8333 3
    endloop
  endfacet
  facet normal 0.634449 -0.772965 0
    outer loop
      vertex 24.0833 -10.6281 3
      vertex 23.8333 -10.8333 0
      vertex 24.0833 -10.6281 0
    endloop
  endfacet
  facet normal 0.471406 -0.881916 0
    outer loop
      vertex 24.0833 -10.6281 0
      vertex 24.3686 -10.4756 3
      vertex 24.0833 -10.6281 3
    endloop
  endfacet
  facet normal 0.471406 -0.881916 0
    outer loop
      vertex 24.3686 -10.4756 3
      vertex 24.0833 -10.6281 0
      vertex 24.3686 -10.4756 0
    endloop
  endfacet
  facet normal -0.881916 -0.471406 0
    outer loop
      vertex 26.5244 -11.3686 0
      vertex 26.3719 -11.0833 3
      vertex 26.3719 -11.0833 0
    endloop
  endfacet
  facet normal -0.881916 -0.471406 0
    outer loop
      vertex 26.3719 -11.0833 3
      vertex 26.5244 -11.3686 0
      vertex 26.5244 -11.3686 3
    endloop
  endfacet
  facet normal -0.956928 -0.290325 0
    outer loop
      vertex 26.6183 -11.6781 0
      vertex 26.5244 -11.3686 3
      vertex 26.5244 -11.3686 0
    endloop
  endfacet
  facet normal -0.956928 -0.290325 0
    outer loop
      vertex 26.5244 -11.3686 3
      vertex 26.6183 -11.6781 0
      vertex 26.6183 -11.6781 3
    endloop
  endfacet
  facet normal -0.772965 -0.634449 0
    outer loop
      vertex 26.3719 -11.0833 0
      vertex 26.1667 -10.8333 3
      vertex 26.1667 -10.8333 0
    endloop
  endfacet
  facet normal -0.772965 -0.634449 0
    outer loop
      vertex 26.1667 -10.8333 3
      vertex 26.3719 -11.0833 0
      vertex 26.3719 -11.0833 3
    endloop
  endfacet
  facet normal -0.290325 -0.956928 0
    outer loop
      vertex 25.3219 -10.3817 0
      vertex 25.6314 -10.4756 3
      vertex 25.3219 -10.3817 3
    endloop
  endfacet
  facet normal -0.290325 -0.956928 -0
    outer loop
      vertex 25.6314 -10.4756 3
      vertex 25.3219 -10.3817 0
      vertex 25.6314 -10.4756 0
    endloop
  endfacet
  facet normal -0.0980037 -0.995186 0
    outer loop
      vertex 25 -10.35 0
      vertex 25.3219 -10.3817 3
      vertex 25 -10.35 3
    endloop
  endfacet
  facet normal -0.0980037 -0.995186 -0
    outer loop
      vertex 25.3219 -10.3817 3
      vertex 25 -10.35 0
      vertex 25.3219 -10.3817 0
    endloop
  endfacet
  facet normal -0.471406 -0.881916 0
    outer loop
      vertex 25.6314 -10.4756 0
      vertex 25.9167 -10.6281 3
      vertex 25.6314 -10.4756 3
    endloop
  endfacet
  facet normal -0.471406 -0.881916 -0
    outer loop
      vertex 25.9167 -10.6281 3
      vertex 25.6314 -10.4756 0
      vertex 25.9167 -10.6281 0
    endloop
  endfacet
  facet normal 0.881916 -0.471406 0
    outer loop
      vertex 23.4756 -11.3686 3
      vertex 23.6281 -11.0833 0
      vertex 23.6281 -11.0833 3
    endloop
  endfacet
  facet normal 0.881916 -0.471406 0
    outer loop
      vertex 23.6281 -11.0833 0
      vertex 23.4756 -11.3686 3
      vertex 23.4756 -11.3686 0
    endloop
  endfacet
  facet normal 0.772965 -0.634449 0
    outer loop
      vertex 23.6281 -11.0833 3
      vertex 23.8333 -10.8333 0
      vertex 23.8333 -10.8333 3
    endloop
  endfacet
  facet normal 0.772965 -0.634449 0
    outer loop
      vertex 23.8333 -10.8333 0
      vertex 23.6281 -11.0833 3
      vertex 23.6281 -11.0833 0
    endloop
  endfacet
  facet normal 0.956928 -0.290325 0
    outer loop
      vertex 23.3817 -11.6781 3
      vertex 23.4756 -11.3686 0
      vertex 23.4756 -11.3686 3
    endloop
  endfacet
  facet normal 0.956928 -0.290325 0
    outer loop
      vertex 23.4756 -11.3686 0
      vertex 23.3817 -11.6781 3
      vertex 23.3817 -11.6781 0
    endloop
  endfacet
  facet normal 0.290325 -0.956928 0
    outer loop
      vertex 24.3686 -10.4756 0
      vertex 24.6781 -10.3817 3
      vertex 24.3686 -10.4756 3
    endloop
  endfacet
  facet normal 0.290325 -0.956928 0
    outer loop
      vertex 24.6781 -10.3817 3
      vertex 24.3686 -10.4756 0
      vertex 24.6781 -10.3817 0
    endloop
  endfacet
  facet normal -0.995186 0.0980037 0
    outer loop
      vertex 26.6183 -12.3219 0
      vertex 26.65 -12 3
      vertex 26.65 -12 0
    endloop
  endfacet
  facet normal -0.995186 0.0980037 0
    outer loop
      vertex 26.65 -12 3
      vertex 26.6183 -12.3219 0
      vertex 26.6183 -12.3219 3
    endloop
  endfacet
  facet normal -0.772965 0.634449 0
    outer loop
      vertex 26.1667 -13.1667 0
      vertex 26.3719 -12.9167 3
      vertex 26.3719 -12.9167 0
    endloop
  endfacet
  facet normal -0.772965 0.634449 0
    outer loop
      vertex 26.3719 -12.9167 3
      vertex 26.1667 -13.1667 0
      vertex 26.1667 -13.1667 3
    endloop
  endfacet
  facet normal -0.881916 0.471406 0
    outer loop
      vertex 26.3719 -12.9167 0
      vertex 26.5244 -12.6314 3
      vertex 26.5244 -12.6314 0
    endloop
  endfacet
  facet normal -0.881916 0.471406 0
    outer loop
      vertex 26.5244 -12.6314 3
      vertex 26.3719 -12.9167 0
      vertex 26.3719 -12.9167 3
    endloop
  endfacet
  facet normal 0.290325 0.956928 -0
    outer loop
      vertex 24.6781 -13.6183 0
      vertex 24.3686 -13.5244 3
      vertex 24.6781 -13.6183 3
    endloop
  endfacet
  facet normal 0.290325 0.956928 0
    outer loop
      vertex 24.3686 -13.5244 3
      vertex 24.6781 -13.6183 0
      vertex 24.3686 -13.5244 0
    endloop
  endfacet
  facet normal 0.881916 0.471406 0
    outer loop
      vertex 23.6281 -12.9167 3
      vertex 23.4756 -12.6314 0
      vertex 23.4756 -12.6314 3
    endloop
  endfacet
  facet normal 0.881916 0.471406 0
    outer loop
      vertex 23.4756 -12.6314 0
      vertex 23.6281 -12.9167 3
      vertex 23.6281 -12.9167 0
    endloop
  endfacet
  facet normal 0.995186 0.0980037 0
    outer loop
      vertex 23.3817 -12.3219 3
      vertex 23.35 -12 0
      vertex 23.35 -12 3
    endloop
  endfacet
  facet normal 0.995186 0.0980037 0
    outer loop
      vertex 23.35 -12 0
      vertex 23.3817 -12.3219 3
      vertex 23.3817 -12.3219 0
    endloop
  endfacet
  facet normal -0.290325 0.956928 0
    outer loop
      vertex 25.6314 -13.5244 0
      vertex 25.3219 -13.6183 3
      vertex 25.6314 -13.5244 3
    endloop
  endfacet
  facet normal -0.290325 0.956928 0
    outer loop
      vertex 25.3219 -13.6183 3
      vertex 25.6314 -13.5244 0
      vertex 25.3219 -13.6183 0
    endloop
  endfacet
  facet normal -0.634449 0.772965 0
    outer loop
      vertex 26.1667 -13.1667 0
      vertex 25.9167 -13.3719 3
      vertex 26.1667 -13.1667 3
    endloop
  endfacet
  facet normal -0.634449 0.772965 0
    outer loop
      vertex 25.9167 -13.3719 3
      vertex 26.1667 -13.1667 0
      vertex 25.9167 -13.3719 0
    endloop
  endfacet
  facet normal -0.956928 0.290325 0
    outer loop
      vertex 26.5244 -12.6314 0
      vertex 26.6183 -12.3219 3
      vertex 26.6183 -12.3219 0
    endloop
  endfacet
  facet normal -0.956928 0.290325 0
    outer loop
      vertex 26.6183 -12.3219 3
      vertex 26.5244 -12.6314 0
      vertex 26.5244 -12.6314 3
    endloop
  endfacet
  facet normal 0.772965 0.634449 0
    outer loop
      vertex 23.8333 -13.1667 3
      vertex 23.6281 -12.9167 0
      vertex 23.6281 -12.9167 3
    endloop
  endfacet
  facet normal 0.772965 0.634449 0
    outer loop
      vertex 23.6281 -12.9167 0
      vertex 23.8333 -13.1667 3
      vertex 23.8333 -13.1667 0
    endloop
  endfacet
  facet normal 0.956928 0.290325 0
    outer loop
      vertex 23.4756 -12.6314 3
      vertex 23.3817 -12.3219 0
      vertex 23.3817 -12.3219 3
    endloop
  endfacet
  facet normal 0.956928 0.290325 0
    outer loop
      vertex 23.3817 -12.3219 0
      vertex 23.4756 -12.6314 3
      vertex 23.4756 -12.6314 0
    endloop
  endfacet
  facet normal -0.471406 0.881916 0
    outer loop
      vertex 25.9167 -13.3719 0
      vertex 25.6314 -13.5244 3
      vertex 25.9167 -13.3719 3
    endloop
  endfacet
  facet normal -0.471406 0.881916 0
    outer loop
      vertex 25.6314 -13.5244 3
      vertex 25.9167 -13.3719 0
      vertex 25.6314 -13.5244 0
    endloop
  endfacet
  facet normal 0.634449 0.772965 -0
    outer loop
      vertex 24.0833 -13.3719 0
      vertex 23.8333 -13.1667 3
      vertex 24.0833 -13.3719 3
    endloop
  endfacet
  facet normal 0.634449 0.772965 0
    outer loop
      vertex 23.8333 -13.1667 3
      vertex 24.0833 -13.3719 0
      vertex 23.8333 -13.1667 0
    endloop
  endfacet
  facet normal 0.471406 0.881916 -0
    outer loop
      vertex 24.3686 -13.5244 0
      vertex 24.0833 -13.3719 3
      vertex 24.3686 -13.5244 3
    endloop
  endfacet
  facet normal 0.471406 0.881916 0
    outer loop
      vertex 24.0833 -13.3719 3
      vertex 24.3686 -13.5244 0
      vertex 24.0833 -13.3719 0
    endloop
  endfacet
  facet normal 0.0980037 0.995186 -0
    outer loop
      vertex 25 -13.65 0
      vertex 24.6781 -13.6183 3
      vertex 25 -13.65 3
    endloop
  endfacet
  facet normal 0.0980037 0.995186 0
    outer loop
      vertex 24.6781 -13.6183 3
      vertex 25 -13.65 0
      vertex 24.6781 -13.6183 0
    endloop
  endfacet
  facet normal -0.995186 -0.0980037 0
    outer loop
      vertex 26.65 12 0
      vertex 26.6183 12.3219 3
      vertex 26.6183 12.3219 0
    endloop
  endfacet
  facet normal -0.995186 -0.0980037 0
    outer loop
      vertex 26.6183 12.3219 3
      vertex 26.65 12 0
      vertex 26.65 12 3
    endloop
  endfacet
  facet normal 0.0980037 -0.995186 0
    outer loop
      vertex 24.6781 13.6183 0
      vertex 25 13.65 3
      vertex 24.6781 13.6183 3
    endloop
  endfacet
  facet normal 0.0980037 -0.995186 0
    outer loop
      vertex 25 13.65 3
      vertex 24.6781 13.6183 0
      vertex 25 13.65 0
    endloop
  endfacet
  facet normal -0.0980037 0.995186 0
    outer loop
      vertex 25.3219 10.3817 0
      vertex 25 10.35 3
      vertex 25.3219 10.3817 3
    endloop
  endfacet
  facet normal -0.0980037 0.995186 0
    outer loop
      vertex 25 10.35 3
      vertex 25.3219 10.3817 0
      vertex 25 10.35 0
    endloop
  endfacet
  facet normal -0.634449 -0.772965 0
    outer loop
      vertex 25.9167 13.3719 0
      vertex 26.1667 13.1667 3
      vertex 25.9167 13.3719 3
    endloop
  endfacet
  facet normal -0.634449 -0.772965 -0
    outer loop
      vertex 26.1667 13.1667 3
      vertex 25.9167 13.3719 0
      vertex 26.1667 13.1667 0
    endloop
  endfacet
  facet normal 0.772965 -0.634449 0
    outer loop
      vertex 23.6281 12.9167 3
      vertex 23.8333 13.1667 0
      vertex 23.8333 13.1667 3
    endloop
  endfacet
  facet normal 0.772965 -0.634449 0
    outer loop
      vertex 23.8333 13.1667 0
      vertex 23.6281 12.9167 3
      vertex 23.6281 12.9167 0
    endloop
  endfacet
  facet normal 0.471406 -0.881916 0
    outer loop
      vertex 24.0833 13.3719 0
      vertex 24.3686 13.5244 3
      vertex 24.0833 13.3719 3
    endloop
  endfacet
  facet normal 0.471406 -0.881916 0
    outer loop
      vertex 24.3686 13.5244 3
      vertex 24.0833 13.3719 0
      vertex 24.3686 13.5244 0
    endloop
  endfacet
  facet normal -0.881916 -0.471406 0
    outer loop
      vertex 26.5244 12.6314 0
      vertex 26.3719 12.9167 3
      vertex 26.3719 12.9167 0
    endloop
  endfacet
  facet normal -0.881916 -0.471406 0
    outer loop
      vertex 26.3719 12.9167 3
      vertex 26.5244 12.6314 0
      vertex 26.5244 12.6314 3
    endloop
  endfacet
  facet normal -0.956928 -0.290325 0
    outer loop
      vertex 26.6183 12.3219 0
      vertex 26.5244 12.6314 3
      vertex 26.5244 12.6314 0
    endloop
  endfacet
  facet normal -0.956928 -0.290325 0
    outer loop
      vertex 26.5244 12.6314 3
      vertex 26.6183 12.3219 0
      vertex 26.6183 12.3219 3
    endloop
  endfacet
  facet normal -0.772965 -0.634449 0
    outer loop
      vertex 26.3719 12.9167 0
      vertex 26.1667 13.1667 3
      vertex 26.1667 13.1667 0
    endloop
  endfacet
  facet normal -0.772965 -0.634449 0
    outer loop
      vertex 26.1667 13.1667 3
      vertex 26.3719 12.9167 0
      vertex 26.3719 12.9167 3
    endloop
  endfacet
  facet normal -0.290325 -0.956928 0
    outer loop
      vertex 25.3219 13.6183 0
      vertex 25.6314 13.5244 3
      vertex 25.3219 13.6183 3
    endloop
  endfacet
  facet normal -0.290325 -0.956928 -0
    outer loop
      vertex 25.6314 13.5244 3
      vertex 25.3219 13.6183 0
      vertex 25.6314 13.5244 0
    endloop
  endfacet
  facet normal -0.0980037 -0.995186 0
    outer loop
      vertex 25 13.65 0
      vertex 25.3219 13.6183 3
      vertex 25 13.65 3
    endloop
  endfacet
  facet normal -0.0980037 -0.995186 -0
    outer loop
      vertex 25.3219 13.6183 3
      vertex 25 13.65 0
      vertex 25.3219 13.6183 0
    endloop
  endfacet
  facet normal -0.471406 -0.881916 0
    outer loop
      vertex 25.6314 13.5244 0
      vertex 25.9167 13.3719 3
      vertex 25.6314 13.5244 3
    endloop
  endfacet
  facet normal -0.471406 -0.881916 -0
    outer loop
      vertex 25.9167 13.3719 3
      vertex 25.6314 13.5244 0
      vertex 25.9167 13.3719 0
    endloop
  endfacet
  facet normal 0.956928 -0.290325 0
    outer loop
      vertex 23.3817 12.3219 3
      vertex 23.4756 12.6314 0
      vertex 23.4756 12.6314 3
    endloop
  endfacet
  facet normal 0.956928 -0.290325 0
    outer loop
      vertex 23.4756 12.6314 0
      vertex 23.3817 12.3219 3
      vertex 23.3817 12.3219 0
    endloop
  endfacet
  facet normal 0.881916 -0.471406 0
    outer loop
      vertex 23.4756 12.6314 3
      vertex 23.6281 12.9167 0
      vertex 23.6281 12.9167 3
    endloop
  endfacet
  facet normal 0.881916 -0.471406 0
    outer loop
      vertex 23.6281 12.9167 0
      vertex 23.4756 12.6314 3
      vertex 23.4756 12.6314 0
    endloop
  endfacet
  facet normal 0.995186 -0.0980037 0
    outer loop
      vertex 23.35 12 3
      vertex 23.3817 12.3219 0
      vertex 23.3817 12.3219 3
    endloop
  endfacet
  facet normal 0.995186 -0.0980037 0
    outer loop
      vertex 23.3817 12.3219 0
      vertex 23.35 12 3
      vertex 23.35 12 0
    endloop
  endfacet
  facet normal 0.634449 -0.772965 0
    outer loop
      vertex 23.8333 13.1667 0
      vertex 24.0833 13.3719 3
      vertex 23.8333 13.1667 3
    endloop
  endfacet
  facet normal 0.634449 -0.772965 0
    outer loop
      vertex 24.0833 13.3719 3
      vertex 23.8333 13.1667 0
      vertex 24.0833 13.3719 0
    endloop
  endfacet
  facet normal 0.290325 -0.956928 0
    outer loop
      vertex 24.3686 13.5244 0
      vertex 24.6781 13.6183 3
      vertex 24.3686 13.5244 3
    endloop
  endfacet
  facet normal 0.290325 -0.956928 0
    outer loop
      vertex 24.6781 13.6183 3
      vertex 24.3686 13.5244 0
      vertex 24.6781 13.6183 0
    endloop
  endfacet
  facet normal -0.995186 0.0980037 0
    outer loop
      vertex 26.6183 11.6781 0
      vertex 26.65 12 3
      vertex 26.65 12 0
    endloop
  endfacet
  facet normal -0.995186 0.0980037 0
    outer loop
      vertex 26.65 12 3
      vertex 26.6183 11.6781 0
      vertex 26.6183 11.6781 3
    endloop
  endfacet
  facet normal -0.290325 0.956928 0
    outer loop
      vertex 25.6314 10.4756 0
      vertex 25.3219 10.3817 3
      vertex 25.6314 10.4756 3
    endloop
  endfacet
  facet normal -0.290325 0.956928 0
    outer loop
      vertex 25.3219 10.3817 3
      vertex 25.6314 10.4756 0
      vertex 25.3219 10.3817 0
    endloop
  endfacet
  facet normal -0.634449 0.772965 0
    outer loop
      vertex 26.1667 10.8333 0
      vertex 25.9167 10.6281 3
      vertex 26.1667 10.8333 3
    endloop
  endfacet
  facet normal -0.634449 0.772965 0
    outer loop
      vertex 25.9167 10.6281 3
      vertex 26.1667 10.8333 0
      vertex 25.9167 10.6281 0
    endloop
  endfacet
  facet normal -0.881916 0.471406 0
    outer loop
      vertex 26.3719 11.0833 0
      vertex 26.5244 11.3686 3
      vertex 26.5244 11.3686 0
    endloop
  endfacet
  facet normal -0.881916 0.471406 0
    outer loop
      vertex 26.5244 11.3686 3
      vertex 26.3719 11.0833 0
      vertex 26.3719 11.0833 3
    endloop
  endfacet
  facet normal 0.290325 0.956928 -0
    outer loop
      vertex 24.6781 10.3817 0
      vertex 24.3686 10.4756 3
      vertex 24.6781 10.3817 3
    endloop
  endfacet
  facet normal 0.290325 0.956928 0
    outer loop
      vertex 24.3686 10.4756 3
      vertex 24.6781 10.3817 0
      vertex 24.3686 10.4756 0
    endloop
  endfacet
  facet normal 0.471406 0.881916 -0
    outer loop
      vertex 24.3686 10.4756 0
      vertex 24.0833 10.6281 3
      vertex 24.3686 10.4756 3
    endloop
  endfacet
  facet normal 0.471406 0.881916 0
    outer loop
      vertex 24.0833 10.6281 3
      vertex 24.3686 10.4756 0
      vertex 24.0833 10.6281 0
    endloop
  endfacet
  facet normal 0.0980037 0.995186 -0
    outer loop
      vertex 25 10.35 0
      vertex 24.6781 10.3817 3
      vertex 25 10.35 3
    endloop
  endfacet
  facet normal 0.0980037 0.995186 0
    outer loop
      vertex 24.6781 10.3817 3
      vertex 25 10.35 0
      vertex 24.6781 10.3817 0
    endloop
  endfacet
  facet normal 0.772965 0.634449 0
    outer loop
      vertex 23.8333 10.8333 3
      vertex 23.6281 11.0833 0
      vertex 23.6281 11.0833 3
    endloop
  endfacet
  facet normal 0.772965 0.634449 0
    outer loop
      vertex 23.6281 11.0833 0
      vertex 23.8333 10.8333 3
      vertex 23.8333 10.8333 0
    endloop
  endfacet
  facet normal 0.634449 0.772965 -0
    outer loop
      vertex 24.0833 10.6281 0
      vertex 23.8333 10.8333 3
      vertex 24.0833 10.6281 3
    endloop
  endfacet
  facet normal 0.634449 0.772965 0
    outer loop
      vertex 23.8333 10.8333 3
      vertex 24.0833 10.6281 0
      vertex 23.8333 10.8333 0
    endloop
  endfacet
  facet normal 0.956928 0.290325 0
    outer loop
      vertex 23.4756 11.3686 3
      vertex 23.3817 11.6781 0
      vertex 23.3817 11.6781 3
    endloop
  endfacet
  facet normal 0.956928 0.290325 0
    outer loop
      vertex 23.3817 11.6781 0
      vertex 23.4756 11.3686 3
      vertex 23.4756 11.3686 0
    endloop
  endfacet
  facet normal 0.995186 0.0980037 0
    outer loop
      vertex 23.3817 11.6781 3
      vertex 23.35 12 0
      vertex 23.35 12 3
    endloop
  endfacet
  facet normal 0.995186 0.0980037 0
    outer loop
      vertex 23.35 12 0
      vertex 23.3817 11.6781 3
      vertex 23.3817 11.6781 0
    endloop
  endfacet
  facet normal -0.471406 0.881916 0
    outer loop
      vertex 25.9167 10.6281 0
      vertex 25.6314 10.4756 3
      vertex 25.9167 10.6281 3
    endloop
  endfacet
  facet normal -0.471406 0.881916 0
    outer loop
      vertex 25.6314 10.4756 3
      vertex 25.9167 10.6281 0
      vertex 25.6314 10.4756 0
    endloop
  endfacet
  facet normal -0.772965 0.634449 0
    outer loop
      vertex 26.1667 10.8333 0
      vertex 26.3719 11.0833 3
      vertex 26.3719 11.0833 0
    endloop
  endfacet
  facet normal -0.772965 0.634449 0
    outer loop
      vertex 26.3719 11.0833 3
      vertex 26.1667 10.8333 0
      vertex 26.1667 10.8333 3
    endloop
  endfacet
  facet normal -0.956928 0.290325 0
    outer loop
      vertex 26.5244 11.3686 0
      vertex 26.6183 11.6781 3
      vertex 26.6183 11.6781 0
    endloop
  endfacet
  facet normal -0.956928 0.290325 0
    outer loop
      vertex 26.6183 11.6781 3
      vertex 26.5244 11.3686 0
      vertex 26.5244 11.3686 3
    endloop
  endfacet
  facet normal 0.881916 0.471406 0
    outer loop
      vertex 23.6281 11.0833 3
      vertex 23.4756 11.3686 0
      vertex 23.4756 11.3686 3
    endloop
  endfacet
  facet normal 0.881916 0.471406 0
    outer loop
      vertex 23.4756 11.3686 0
      vertex 23.6281 11.0833 3
      vertex 23.6281 11.0833 0
    endloop
  endfacet
  facet normal 0.471451 -0.881892 0
    outer loop
      vertex 57.9134 -37.6194 0
      vertex 58.7778 -37.1573 3
      vertex 57.9134 -37.6194 3
    endloop
  endfacet
  facet normal 0.471451 -0.881892 0
    outer loop
      vertex 58.7778 -37.1573 3
      vertex 57.9134 -37.6194 0
      vertex 58.7778 -37.1573 0
    endloop
  endfacet
  facet normal 0.290248 -0.956951 0
    outer loop
      vertex 56.9754 -37.9039 0
      vertex 57.9134 -37.6194 3
      vertex 56.9754 -37.9039 3
    endloop
  endfacet
  facet normal 0.290248 -0.956951 0
    outer loop
      vertex 57.9134 -37.6194 3
      vertex 56.9754 -37.9039 0
      vertex 57.9134 -37.6194 0
    endloop
  endfacet
  facet normal 0.995182 -0.098049 0
    outer loop
      vertex 60.9039 -33.9754 3
      vertex 61 -33 0
      vertex 61 -33 3
    endloop
  endfacet
  facet normal 0.995182 -0.098049 0
    outer loop
      vertex 61 -33 0
      vertex 60.9039 -33.9754 3
      vertex 60.9039 -33.9754 0
    endloop
  endfacet
  facet normal -1 0 0
    outer loop
      vertex -61 -33 0
      vertex -61 33 3
      vertex -61 33 0
    endloop
  endfacet
  facet normal -1 -0 0
    outer loop
      vertex -61 33 3
      vertex -61 -33 0
      vertex -61 -33 3
    endloop
  endfacet
  facet normal 0.098049 -0.995182 0
    outer loop
      vertex 56 -38 0
      vertex 56.9754 -37.9039 3
      vertex 56 -38 3
    endloop
  endfacet
  facet normal 0.098049 -0.995182 0
    outer loop
      vertex 56.9754 -37.9039 3
      vertex 56 -38 0
      vertex 56.9754 -37.9039 0
    endloop
  endfacet
  facet normal 0.471451 0.881892 -0
    outer loop
      vertex 58.7778 37.1573 0
      vertex 57.9134 37.6194 3
      vertex 58.7778 37.1573 3
    endloop
  endfacet
  facet normal 0.471451 0.881892 0
    outer loop
      vertex 57.9134 37.6194 3
      vertex 58.7778 37.1573 0
      vertex 57.9134 37.6194 0
    endloop
  endfacet
  facet normal -0.098049 -0.995182 0
    outer loop
      vertex -56.9754 -37.9039 0
      vertex -56 -38 3
      vertex -56.9754 -37.9039 3
    endloop
  endfacet
  facet normal -0.098049 -0.995182 -0
    outer loop
      vertex -56 -38 3
      vertex -56.9754 -37.9039 0
      vertex -56 -38 0
    endloop
  endfacet
  facet normal -0.471451 -0.881892 0
    outer loop
      vertex -58.7778 -37.1573 0
      vertex -57.9134 -37.6194 3
      vertex -58.7778 -37.1573 3
    endloop
  endfacet
  facet normal -0.471451 -0.881892 -0
    outer loop
      vertex -57.9134 -37.6194 3
      vertex -58.7778 -37.1573 0
      vertex -57.9134 -37.6194 0
    endloop
  endfacet
  facet normal 0 -1 0
    outer loop
      vertex -56 -38 0
      vertex 56 -38 3
      vertex -56 -38 3
    endloop
  endfacet
  facet normal 0 -1 -0
    outer loop
      vertex 56 -38 3
      vertex -56 -38 0
      vertex 56 -38 0
    endloop
  endfacet
  facet normal -0.098049 0.995182 0
    outer loop
      vertex -56 38 0
      vertex -56.9754 37.9039 3
      vertex -56 38 3
    endloop
  endfacet
  facet normal -0.098049 0.995182 0
    outer loop
      vertex -56.9754 37.9039 3
      vertex -56 38 0
      vertex -56.9754 37.9039 0
    endloop
  endfacet
  facet normal 1 -0 0
    outer loop
      vertex 61 -33 3
      vertex 61 33 0
      vertex 61 33 3
    endloop
  endfacet
  facet normal 1 0 0
    outer loop
      vertex 61 33 0
      vertex 61 -33 3
      vertex 61 -33 0
    endloop
  endfacet
  facet normal -0 0 -1
    outer loop
      vertex -51.3841 -26.3841 0
      vertex -54.6683 -30.3327 0
      vertex -52.1551 -25.4445 0
    endloop
  endfacet
  facet normal 0 0 -1
    outer loop
      vertex -53.2 22 0
      vertex -53.3327 31.6683 0
      vertex -53.3 32 0
    endloop
  endfacet
  facet normal 0 0 -1
    outer loop
      vertex -55 -30.3 0
      vertex -52.1551 -25.4445 0
      vertex -54.6683 -30.3327 0
    endloop
  endfacet
  facet normal 0 0 -1
    outer loop
      vertex -53.2 22 0
      vertex -53.4294 31.3494 0
      vertex -53.3327 31.6683 0
    endloop
  endfacet
  facet normal 0 0 -1
    outer loop
      vertex -55.3317 -30.3327 0
      vertex -52.1551 -25.4445 0
      vertex -55 -30.3 0
    endloop
  endfacet
  facet normal 0 0 -1
    outer loop
      vertex -53.2 22 0
      vertex -53.5865 31.0555 0
      vertex -53.4294 31.3494 0
    endloop
  endfacet
  facet normal -0 0 -1
    outer loop
      vertex -52.1551 -25.4445 0
      vertex -55.3317 -30.3327 0
      vertex -52.7281 -24.3726 0
    endloop
  endfacet
  facet normal 0 0 -1
    outer loop
      vertex -53.2 22 0
      vertex -53.7979 30.7979 0
      vertex -53.5865 31.0555 0
    endloop
  endfacet
  facet normal 0 0 -1
    outer loop
      vertex -55.6506 -30.4294 0
      vertex -52.7281 -24.3726 0
      vertex -55.3317 -30.3327 0
    endloop
  endfacet
  facet normal 0 0 -1
    outer loop
      vertex -53.2 22 0
      vertex -54.0555 30.5865 0
      vertex -53.7979 30.7979 0
    endloop
  endfacet
  facet normal -0 0 -1
    outer loop
      vertex -52.7281 -24.3726 0
      vertex -55.6506 -30.4294 0
      vertex -53.0809 -23.2096 0
    endloop
  endfacet
  facet normal 0 0 -1
    outer loop
      vertex -53.2 22 0
      vertex -54.3494 30.4294 0
      vertex -54.0555 30.5865 0
    endloop
  endfacet
  facet normal 0 0 -1
    outer loop
      vertex -55.9445 -30.5865 0
      vertex -53.0809 -23.2096 0
      vertex -55.6506 -30.4294 0
    endloop
  endfacet
  facet normal 0 0 -1
    outer loop
      vertex -53.2 22 0
      vertex -54.6683 30.3327 0
      vertex -54.3494 30.4294 0
    endloop
  endfacet
  facet normal 0 0 -1
    outer loop
      vertex -56.2021 -30.7979 0
      vertex -53.0809 -23.2096 0
      vertex -55.9445 -30.5865 0
    endloop
  endfacet
  facet normal 0 0 -1
    outer loop
      vertex -53.2 22 0
      vertex -55 30.3 0
      vertex -54.6683 30.3327 0
    endloop
  endfacet
  facet normal 0 0 -1
    outer loop
      vertex -61 -33 0
      vertex -53.0809 -23.2096 0
      vertex -56.2021 -30.7979 0
    endloop
  endfacet
  facet normal 0 0 -1
    outer loop
      vertex -53.2 22 0
      vertex -55.3317 30.3327 0
      vertex -55 30.3 0
    endloop
  endfacet
  facet normal -0 0 -1
    outer loop
      vertex -53.2 -22 0
      vertex -61 -33 0
      vertex -53.2 0 0
    endloop
  endfacet
  facet normal 0 0 -1
    outer loop
      vertex -53.2 22 0
      vertex -55.6506 30.4294 0
      vertex -55.3317 30.3327 0
    endloop
  endfacet
  facet normal 0 0 -1
    outer loop
      vertex -61 33 0
      vertex -53.2 0 0
      vertex -61 -33 0
    endloop
  endfacet
  facet normal 0 0 -1
    outer loop
      vertex -53.2 22 0
      vertex -55.9445 30.5865 0
      vertex -55.6506 30.4294 0
    endloop
  endfacet
  facet normal -0 0 -1
    outer loop
      vertex -53.0809 -23.2096 0
      vertex -61 -33 0
      vertex -53.2 -22 0
    endloop
  endfacet
  facet normal 0 0 -1
    outer loop
      vertex -53.2 0 0
      vertex -61 33 0
      vertex -53.2 22 0
    endloop
  endfacet
  facet normal 0 0 -1
    outer loop
      vertex -61 -33 0
      vertex -56.2021 -30.7979 0
      vertex -56.4135 -31.0555 0
    endloop
  endfacet
  facet normal -0 -0 -1
    outer loop
      vertex -56.2021 30.7979 0
      vertex -53.2 22 0
      vertex -61 33 0
    endloop
  endfacet
  facet normal 0 0 -1
    outer loop
      vertex -61 -33 0
      vertex -56.4135 -31.0555 0
      vertex -56.5706 -31.3494 0
    endloop
  endfacet
  facet normal 0 0 -1
    outer loop
      vertex -53.2 22 0
      vertex -56.2021 30.7979 0
      vertex -55.9445 30.5865 0
    endloop
  endfacet
  facet normal 0 0 -1
    outer loop
      vertex -61 -33 0
      vertex -56.5706 -31.3494 0
      vertex -56.6673 -31.6683 0
    endloop
  endfacet
  facet normal 0 0 -1
    outer loop
      vertex -56.2021 30.7979 0
      vertex -61 33 0
      vertex -56.4135 31.0555 0
    endloop
  endfacet
  facet normal 0 0 -1
    outer loop
      vertex -61 -33 0
      vertex -56.6673 -31.6683 0
      vertex -56.7 -32 0
    endloop
  endfacet
  facet normal 0 0 -1
    outer loop
      vertex -56.4135 31.0555 0
      vertex -61 33 0
      vertex -56.5706 31.3494 0
    endloop
  endfacet
  facet normal -0 0 -1
    outer loop
      vertex -0.618296 11.6781 0
      vertex -41.2719 2.37264 0
      vertex -0.65 12 0
    endloop
  endfacet
  facet normal 0 0 -1
    outer loop
      vertex -0.65 12 0
      vertex -40.9191 20.7904 0
      vertex -40.8 22 0
    endloop
  endfacet
  facet normal 0 0 -1
    outer loop
      vertex -41.2719 19.6274 0
      vertex -0.65 12 0
      vertex -41.2719 2.37264 0
    endloop
  endfacet
  facet normal 0 0 -1
    outer loop
      vertex -0.65 12 0
      vertex -41.2719 19.6274 0
      vertex -40.9191 20.7904 0
    endloop
  endfacet
  facet normal 0 0 -1
    outer loop
      vertex -41.8449 3.44454 0
      vertex -41.2719 19.6274 0
      vertex -41.2719 2.37264 0
    endloop
  endfacet
  facet normal 0 0 -1
    outer loop
      vertex -41.8449 3.44454 0
      vertex -41.8449 18.5555 0
      vertex -41.2719 19.6274 0
    endloop
  endfacet
  facet normal 0 0 -1
    outer loop
      vertex -42.6159 4.38406 0
      vertex -41.8449 18.5555 0
      vertex -41.8449 3.44454 0
    endloop
  endfacet
  facet normal 0 0 -1
    outer loop
      vertex -42.6159 4.38406 0
      vertex -42.6159 17.6159 0
      vertex -41.8449 18.5555 0
    endloop
  endfacet
  facet normal 0 0 -1
    outer loop
      vertex -43.5555 5.15511 0
      vertex -42.6159 17.6159 0
      vertex -42.6159 4.38406 0
    endloop
  endfacet
  facet normal 0 0 -1
    outer loop
      vertex -43.5555 5.15511 0
      vertex -43.5555 16.8449 0
      vertex -42.6159 17.6159 0
    endloop
  endfacet
  facet normal 0 0 -1
    outer loop
      vertex -44.6274 5.72805 0
      vertex -43.5555 16.8449 0
      vertex -43.5555 5.15511 0
    endloop
  endfacet
  facet normal 0 0 -1
    outer loop
      vertex -44.6274 5.72805 0
      vertex -44.6274 16.2719 0
      vertex -43.5555 16.8449 0
    endloop
  endfacet
  facet normal 0 0 -1
    outer loop
      vertex -45.7904 6.08087 0
      vertex -44.6274 16.2719 0
      vertex -44.6274 5.72805 0
    endloop
  endfacet
  facet normal 0 0 -1
    outer loop
      vertex -45.7904 6.08087 0
      vertex -45.7904 15.9191 0
      vertex -44.6274 16.2719 0
    endloop
  endfacet
  facet normal 0 0 -1
    outer loop
      vertex -47 6.2 0
      vertex -45.7904 15.9191 0
      vertex -45.7904 6.08087 0
    endloop
  endfacet
  facet normal 0 0 -1
    outer loop
      vertex -47 6.2 0
      vertex -47 15.8 0
      vertex -45.7904 15.9191 0
    endloop
  endfacet
  facet normal 0 0 -1
    outer loop
      vertex -48.2096 6.08087 0
      vertex -47 15.8 0
      vertex -47 6.2 0
    endloop
  endfacet
  facet normal 0 0 -1
    outer loop
      vertex -48.2096 6.08087 0
      vertex -48.2096 15.9191 0
      vertex -47 15.8 0
    endloop
  endfacet
  facet normal 0 0 -1
    outer loop
      vertex -49.3726 5.72805 0
      vertex -48.2096 15.9191 0
      vertex -48.2096 6.08087 0
    endloop
  endfacet
  facet normal 0 0 -1
    outer loop
      vertex -49.3726 5.72805 0
      vertex -49.3726 16.2719 0
      vertex -48.2096 15.9191 0
    endloop
  endfacet
  facet normal 0 0 -1
    outer loop
      vertex -50.4445 5.15511 0
      vertex -49.3726 16.2719 0
      vertex -49.3726 5.72805 0
    endloop
  endfacet
  facet normal 0 0 -1
    outer loop
      vertex -50.4445 5.15511 0
      vertex -50.4445 16.8449 0
      vertex -49.3726 16.2719 0
    endloop
  endfacet
  facet normal 0 0 -1
    outer loop
      vertex -51.3841 4.38406 0
      vertex -50.4445 16.8449 0
      vertex -50.4445 5.15511 0
    endloop
  endfacet
  facet normal 0 0 -1
    outer loop
      vertex -51.3841 4.38406 0
      vertex -51.3841 17.6159 0
      vertex -50.4445 16.8449 0
    endloop
  endfacet
  facet normal 0 0 -1
    outer loop
      vertex -52.1551 3.44454 0
      vertex -51.3841 17.6159 0
      vertex -51.3841 4.38406 0
    endloop
  endfacet
  facet normal 0 0 -1
    outer loop
      vertex -52.1551 3.44454 0
      vertex -52.1551 18.5555 0
      vertex -51.3841 17.6159 0
    endloop
  endfacet
  facet normal 0 0 -1
    outer loop
      vertex -52.7281 2.37264 0
      vertex -52.1551 18.5555 0
      vertex -52.1551 3.44454 0
    endloop
  endfacet
  facet normal 0 0 -1
    outer loop
      vertex -52.7281 2.37264 0
      vertex -52.7281 19.6274 0
      vertex -52.1551 18.5555 0
    endloop
  endfacet
  facet normal 0 0 -1
    outer loop
      vertex -53.0809 1.20956 0
      vertex -52.7281 19.6274 0
      vertex -52.7281 2.37264 0
    endloop
  endfacet
  facet normal 0 0 -1
    outer loop
      vertex -53.0809 1.20956 0
      vertex -53.0809 20.7904 0
      vertex -52.7281 19.6274 0
    endloop
  endfacet
  facet normal 0 0 -1
    outer loop
      vertex -53.2 0 0
      vertex -53.0809 20.7904 0
      vertex -53.0809 1.20956 0
    endloop
  endfacet
  facet normal -0 0 -1
    outer loop
      vertex -53.0809 20.7904 0
      vertex -53.2 0 0
      vertex -53.2 22 0
    endloop
  endfacet
  facet normal 0 0 -1
    outer loop
      vertex -41.2719 -19.6274 0
      vertex -0.65 -12 0
      vertex -40.9191 -20.7904 0
    endloop
  endfacet
  facet normal 0 0 -1
    outer loop
      vertex -0.65 -12 0
      vertex -40.9191 -1.20956 0
      vertex -40.8 0 0
    endloop
  endfacet
  facet normal 0 0 -1
    outer loop
      vertex -41.2719 -2.37264 0
      vertex -0.65 -12 0
      vertex -41.2719 -19.6274 0
    endloop
  endfacet
  facet normal 0 0 -1
    outer loop
      vertex -0.65 -12 0
      vertex -41.2719 -2.37264 0
      vertex -40.9191 -1.20956 0
    endloop
  endfacet
  facet normal 0 0 -1
    outer loop
      vertex -41.8449 -18.5555 0
      vertex -41.2719 -2.37264 0
      vertex -41.2719 -19.6274 0
    endloop
  endfacet
  facet normal 0 0 -1
    outer loop
      vertex -41.8449 -18.5555 0
      vertex -41.8449 -3.44454 0
      vertex -41.2719 -2.37264 0
    endloop
  endfacet
  facet normal 0 0 -1
    outer loop
      vertex -42.6159 -17.6159 0
      vertex -41.8449 -3.44454 0
      vertex -41.8449 -18.5555 0
    endloop
  endfacet
  facet normal 0 0 -1
    outer loop
      vertex -42.6159 -17.6159 0
      vertex -42.6159 -4.38406 0
      vertex -41.8449 -3.44454 0
    endloop
  endfacet
  facet normal 0 0 -1
    outer loop
      vertex -43.5555 -16.8449 0
      vertex -42.6159 -4.38406 0
      vertex -42.6159 -17.6159 0
    endloop
  endfacet
  facet normal 0 0 -1
    outer loop
      vertex -43.5555 -16.8449 0
      vertex -43.5555 -5.15511 0
      vertex -42.6159 -4.38406 0
    endloop
  endfacet
  facet normal 0 0 -1
    outer loop
      vertex -44.6274 -16.2719 0
      vertex -43.5555 -5.15511 0
      vertex -43.5555 -16.8449 0
    endloop
  endfacet
  facet normal 0 0 -1
    outer loop
      vertex -44.6274 -16.2719 0
      vertex -44.6274 -5.72805 0
      vertex -43.5555 -5.15511 0
    endloop
  endfacet
  facet normal 0 0 -1
    outer loop
      vertex -45.7904 -15.9191 0
      vertex -44.6274 -5.72805 0
      vertex -44.6274 -16.2719 0
    endloop
  endfacet
  facet normal 0 0 -1
    outer loop
      vertex -45.7904 -15.9191 0
      vertex -45.7904 -6.08087 0
      vertex -44.6274 -5.72805 0
    endloop
  endfacet
  facet normal 0 0 -1
    outer loop
      vertex -47 -15.8 0
      vertex -45.7904 -6.08087 0
      vertex -45.7904 -15.9191 0
    endloop
  endfacet
  facet normal 0 0 -1
    outer loop
      vertex -47 -15.8 0
      vertex -47 -6.2 0
      vertex -45.7904 -6.08087 0
    endloop
  endfacet
  facet normal 0 0 -1
    outer loop
      vertex -48.2096 -15.9191 0
      vertex -47 -6.2 0
      vertex -47 -15.8 0
    endloop
  endfacet
  facet normal 0 0 -1
    outer loop
      vertex -48.2096 -15.9191 0
      vertex -48.2096 -6.08087 0
      vertex -47 -6.2 0
    endloop
  endfacet
  facet normal 0 0 -1
    outer loop
      vertex -49.3726 -16.2719 0
      vertex -48.2096 -6.08087 0
      vertex -48.2096 -15.9191 0
    endloop
  endfacet
  facet normal 0 0 -1
    outer loop
      vertex -49.3726 -16.2719 0
      vertex -49.3726 -5.72805 0
      vertex -48.2096 -6.08087 0
    endloop
  endfacet
  facet normal 0 0 -1
    outer loop
      vertex -50.4445 -16.8449 0
      vertex -49.3726 -5.72805 0
      vertex -49.3726 -16.2719 0
    endloop
  endfacet
  facet normal 0 0 -1
    outer loop
      vertex -50.4445 -16.8449 0
      vertex -50.4445 -5.15511 0
      vertex -49.3726 -5.72805 0
    endloop
  endfacet
  facet normal 0 0 -1
    outer loop
      vertex -51.3841 -17.6159 0
      vertex -50.4445 -5.15511 0
      vertex -50.4445 -16.8449 0
    endloop
  endfacet
  facet normal 0 0 -1
    outer loop
      vertex -51.3841 -17.6159 0
      vertex -51.3841 -4.38406 0
      vertex -50.4445 -5.15511 0
    endloop
  endfacet
  facet normal 0 0 -1
    outer loop
      vertex -52.1551 -18.5555 0
      vertex -51.3841 -4.38406 0
      vertex -51.3841 -17.6159 0
    endloop
  endfacet
  facet normal 0 0 -1
    outer loop
      vertex -52.1551 -18.5555 0
      vertex -52.1551 -3.44454 0
      vertex -51.3841 -4.38406 0
    endloop
  endfacet
  facet normal 0 0 -1
    outer loop
      vertex -52.7281 -19.6274 0
      vertex -52.1551 -3.44454 0
      vertex -52.1551 -18.5555 0
    endloop
  endfacet
  facet normal 0 0 -1
    outer loop
      vertex -52.7281 -19.6274 0
      vertex -52.7281 -2.37264 0
      vertex -52.1551 -3.44454 0
    endloop
  endfacet
  facet normal 0 0 -1
    outer loop
      vertex -53.0809 -20.7904 0
      vertex -52.7281 -2.37264 0
      vertex -52.7281 -19.6274 0
    endloop
  endfacet
  facet normal 0 0 -1
    outer loop
      vertex -53.0809 -20.7904 0
      vertex -53.0809 -1.20956 0
      vertex -52.7281 -2.37264 0
    endloop
  endfacet
  facet normal 0 0 -1
    outer loop
      vertex -53.2 -22 0
      vertex -53.0809 -1.20956 0
      vertex -53.0809 -20.7904 0
    endloop
  endfacet
  facet normal -0 0 -1
    outer loop
      vertex -53.0809 -1.20956 0
      vertex -53.2 -22 0
      vertex -53.2 0 0
    endloop
  endfacet
  facet normal 0 0 -1
    outer loop
      vertex 4.1 10.7198 0
      vertex 2.6183 11.6781 0
      vertex 2.65 12 0
    endloop
  endfacet
  facet normal 0 0 -1
    outer loop
      vertex 4.1 10.7198 0
      vertex 2.5244 11.3686 0
      vertex 2.6183 11.6781 0
    endloop
  endfacet
  facet normal 0 0 -1
    outer loop
      vertex 4.1 10.7198 0
      vertex 2.37192 11.0833 0
      vertex 2.5244 11.3686 0
    endloop
  endfacet
  facet normal 0 0 -1
    outer loop
      vertex 1.91669 10.6281 0
      vertex 3.1005 9.89949 0
      vertex 2.28024 8.9 0
    endloop
  endfacet
  facet normal 0 0 -1
    outer loop
      vertex 3.1005 9.89949 0
      vertex 2.16673 10.8333 0
      vertex 2.37192 11.0833 0
    endloop
  endfacet
  facet normal 0 0 -1
    outer loop
      vertex 4.1 7.1 0
      vertex 2.28024 8.9 0
      vertex 4.1 8.9 0
    endloop
  endfacet
  facet normal 0 0 -1
    outer loop
      vertex 3.1005 9.89949 0
      vertex 1.91669 10.6281 0
      vertex 2.16673 10.8333 0
    endloop
  endfacet
  facet normal 0 0 -1
    outer loop
      vertex 2.28024 8.9 0
      vertex 1.63143 10.4756 0
      vertex 1.91669 10.6281 0
    endloop
  endfacet
  facet normal 0 0 -1
    outer loop
      vertex 2.28024 8.9 0
      vertex 1.3219 10.3817 0
      vertex 1.63143 10.4756 0
    endloop
  endfacet
  facet normal 0 0 -1
    outer loop
      vertex 2.28024 8.9 0
      vertex 1 10.35 0
      vertex 1.3219 10.3817 0
    endloop
  endfacet
  facet normal 0 0 -1
    outer loop
      vertex 0.997035 7.1 0
      vertex 2.28024 8.9 0
      vertex 4.1 7.1 0
    endloop
  endfacet
  facet normal 0 0 -1
    outer loop
      vertex 0.678101 10.3817 0
      vertex 2.28024 8.9 0
      vertex 0.997035 7.1 0
    endloop
  endfacet
  facet normal 0 0 -1
    outer loop
      vertex 2.28024 8.9 0
      vertex 0.678101 10.3817 0
      vertex 1 10.35 0
    endloop
  endfacet
  facet normal 0 0 -1
    outer loop
      vertex 0.997035 7.1 0
      vertex 0.368572 10.4756 0
      vertex 0.678101 10.3817 0
    endloop
  endfacet
  facet normal 0 0 -1
    outer loop
      vertex 0.997035 7.1 0
      vertex 0.0833082 10.6281 0
      vertex 0.368572 10.4756 0
    endloop
  endfacet
  facet normal 0 0 -1
    outer loop
      vertex -0.166726 10.8333 0
      vertex 0.997035 7.1 0
      vertex 0.0656862 5.35757 0
    endloop
  endfacet
  facet normal 0 0 -1
    outer loop
      vertex 0.997035 7.1 0
      vertex -0.166726 10.8333 0
      vertex 0.0833082 10.6281 0
    endloop
  endfacet
  facet normal 0 0 -1
    outer loop
      vertex 0.0656862 5.35757 0
      vertex -0.371924 11.0833 0
      vertex -0.166726 10.8333 0
    endloop
  endfacet
  facet normal 0 0 -1
    outer loop
      vertex 0.0656862 5.35757 0
      vertex -0.524401 11.3686 0
      vertex -0.371924 11.0833 0
    endloop
  endfacet
  facet normal 0 0 -1
    outer loop
      vertex -0.730993 2.73126 0
      vertex -0.524401 11.3686 0
      vertex 0.0656862 5.35757 0
    endloop
  endfacet
  facet normal 0 0 -1
    outer loop
      vertex -0.911358 0.9 0
      vertex -40.9191 1.20956 0
      vertex -0.730993 2.73126 0
    endloop
  endfacet
  facet normal -0 0 -1
    outer loop
      vertex -0.524401 11.3686 0
      vertex -0.730993 2.73126 0
      vertex -0.618296 11.6781 0
    endloop
  endfacet
  facet normal 0 0 -1
    outer loop
      vertex -0.911358 -0.9 0
      vertex 4.1 0.9 0
      vertex 4.1 -0.9 0
    endloop
  endfacet
  facet normal -0 0 -1
    outer loop
      vertex 4.1 0.9 0
      vertex -0.911358 -0.9 0
      vertex -0.911358 0.9 0
    endloop
  endfacet
  facet normal 0 0 -1
    outer loop
      vertex 2.28024 -8.9 0
      vertex 4.1 -7.1 0
      vertex 4.1 -8.9 0
    endloop
  endfacet
  facet normal -0 0 -1
    outer loop
      vertex 3.1005 -9.89949 0
      vertex 1.91669 -10.6281 0
      vertex 2.28024 -8.9 0
    endloop
  endfacet
  facet normal 0 0 -1
    outer loop
      vertex 1.63143 -10.4756 0
      vertex 2.28024 -8.9 0
      vertex 1.91669 -10.6281 0
    endloop
  endfacet
  facet normal 0 0 -1
    outer loop
      vertex 1.3219 -10.3817 0
      vertex 2.28024 -8.9 0
      vertex 1.63143 -10.4756 0
    endloop
  endfacet
  facet normal 0 0 -1
    outer loop
      vertex 1 -10.35 0
      vertex 2.28024 -8.9 0
      vertex 1.3219 -10.3817 0
    endloop
  endfacet
  facet normal 0 0 -1
    outer loop
      vertex 2.28024 -8.9 0
      vertex 0.997035 -7.1 0
      vertex 4.1 -7.1 0
    endloop
  endfacet
  facet normal 0 0 -1
    outer loop
      vertex 0.678101 -10.3817 0
      vertex 2.28024 -8.9 0
      vertex 1 -10.35 0
    endloop
  endfacet
  facet normal -0 0 -1
    outer loop
      vertex 2.28024 -8.9 0
      vertex 0.678101 -10.3817 0
      vertex 0.997035 -7.1 0
    endloop
  endfacet
  facet normal 0 0 -1
    outer loop
      vertex 0.368572 -10.4756 0
      vertex 0.997035 -7.1 0
      vertex 0.678101 -10.3817 0
    endloop
  endfacet
  facet normal 0 0 -1
    outer loop
      vertex 0.0833082 -10.6281 0
      vertex 0.997035 -7.1 0
      vertex 0.368572 -10.4756 0
    endloop
  endfacet
  facet normal 0 0 -1
    outer loop
      vertex -0.166726 -10.8333 0
      vertex 0.997035 -7.1 0
      vertex 0.0833082 -10.6281 0
    endloop
  endfacet
  facet normal -0 0 -1
    outer loop
      vertex 0.997035 -7.1 0
      vertex -0.166726 -10.8333 0
      vertex 0.0656862 -5.35757 0
    endloop
  endfacet
  facet normal 0 0 -1
    outer loop
      vertex -0.371924 -11.0833 0
      vertex 0.0656862 -5.35757 0
      vertex -0.166726 -10.8333 0
    endloop
  endfacet
  facet normal 0 0 -1
    outer loop
      vertex -0.524401 -11.3686 0
      vertex 0.0656862 -5.35757 0
      vertex -0.371924 -11.0833 0
    endloop
  endfacet
  facet normal 0 0 -1
    outer loop
      vertex -0.730993 -2.73126 0
      vertex -0.524401 -11.3686 0
      vertex -0.618296 -11.6781 0
    endloop
  endfacet
  facet normal 0 0 -1
    outer loop
      vertex -0.524401 -11.3686 0
      vertex -0.730993 -2.73126 0
      vertex 0.0656862 -5.35757 0
    endloop
  endfacet
  facet normal 0 0 -1
    outer loop
      vertex -40.8 0 0
      vertex -0.618296 -11.6781 0
      vertex -0.65 -12 0
    endloop
  endfacet
  facet normal 0 0 -1
    outer loop
      vertex 5.9 7.1 0
      vertex 12.1 8.9 0
      vertex 12.1 7.1 0
    endloop
  endfacet
  facet normal -0 0 -1
    outer loop
      vertex 12.1 8.9 0
      vertex 5.9 7.1 0
      vertex 5.9 8.9 0
    endloop
  endfacet
  facet normal 0 0 -1
    outer loop
      vertex 5.9 -0.9 0
      vertex 12.1 0.9 0
      vertex 12.1 -0.9 0
    endloop
  endfacet
  facet normal -0 0 -1
    outer loop
      vertex 12.1 0.9 0
      vertex 5.9 -0.9 0
      vertex 5.9 0.9 0
    endloop
  endfacet
  facet normal 0 0 -1
    outer loop
      vertex 5.9 -8.9 0
      vertex 12.1 -7.1 0
      vertex 12.1 -8.9 0
    endloop
  endfacet
  facet normal -0 0 -1
    outer loop
      vertex 12.1 -7.1 0
      vertex 5.9 -8.9 0
      vertex 5.9 -7.1 0
    endloop
  endfacet
  facet normal 0 0 -1
    outer loop
      vertex 13.9 7.1 0
      vertex 20.1 8.9 0
      vertex 20.1 7.1 0
    endloop
  endfacet
  facet normal -0 0 -1
    outer loop
      vertex 20.1 8.9 0
      vertex 13.9 7.1 0
      vertex 13.9 8.9 0
    endloop
  endfacet
  facet normal 0 0 -1
    outer loop
      vertex 13.9 -0.9 0
      vertex 20.1 0.9 0
      vertex 20.1 -0.9 0
    endloop
  endfacet
  facet normal -0 0 -1
    outer loop
      vertex 20.1 0.9 0
      vertex 13.9 -0.9 0
      vertex 13.9 0.9 0
    endloop
  endfacet
  facet normal 0 0 -1
    outer loop
      vertex 13.9 -8.9 0
      vertex 20.1 -7.1 0
      vertex 20.1 -8.9 0
    endloop
  endfacet
  facet normal -0 0 -1
    outer loop
      vertex 20.1 -7.1 0
      vertex 13.9 -8.9 0
      vertex 13.9 -7.1 0
    endloop
  endfacet
  facet normal 0 0 -1
    outer loop
      vertex 2.5244 -11.3686 0
      vertex 4.1 -10.7198 0
      vertex 2.6183 -11.6781 0
    endloop
  endfacet
  facet normal 0 0 -1
    outer loop
      vertex 2.37192 -11.0833 0
      vertex 4.1 -10.7198 0
      vertex 2.5244 -11.3686 0
    endloop
  endfacet
  facet normal -0 0 -1
    outer loop
      vertex 4.1 -10.7198 0
      vertex 2.37192 -11.0833 0
      vertex 3.1005 -9.89949 0
    endloop
  endfacet
  facet normal 0 0 -1
    outer loop
      vertex 2.16673 -10.8333 0
      vertex 3.1005 -9.89949 0
      vertex 2.37192 -11.0833 0
    endloop
  endfacet
  facet normal 0 0 -1
    outer loop
      vertex 1.91669 -10.6281 0
      vertex 3.1005 -9.89949 0
      vertex 2.16673 -10.8333 0
    endloop
  endfacet
  facet normal 0 0 -1
    outer loop
      vertex 22.8995 -9.89949 0
      vertex 23.8333 -10.8333 0
      vertex 23.6281 -11.0833 0
    endloop
  endfacet
  facet normal 0 0 -1
    outer loop
      vertex 21.9 -10.7198 0
      vertex 23.6281 -11.0833 0
      vertex 23.4756 -11.3686 0
    endloop
  endfacet
  facet normal 0 0 -1
    outer loop
      vertex 21.9 -10.7198 0
      vertex 23.4756 -11.3686 0
      vertex 23.3817 -11.6781 0
    endloop
  endfacet
  facet normal 0 0 -1
    outer loop
      vertex 23.8333 -10.8333 0
      vertex 22.8995 -9.89949 0
      vertex 23.7198 -8.9 0
    endloop
  endfacet
  facet normal 0 0 -1
    outer loop
      vertex 21.9 -10.7198 0
      vertex 23.3817 -11.6781 0
      vertex 23.35 -12 0
    endloop
  endfacet
  facet normal 0 0 -1
    outer loop
      vertex 45.4 27.6 0
      vertex 26.6183 11.6781 0
      vertex 26.65 12 0
    endloop
  endfacet
  facet normal 0 0 -1
    outer loop
      vertex 26.731 2.73126 0
      vertex 26.5244 11.3686 0
      vertex 26.6183 11.6781 0
    endloop
  endfacet
  facet normal 0 0 -1
    outer loop
      vertex 25.9343 5.35757 0
      vertex 26.5244 11.3686 0
      vertex 26.731 2.73126 0
    endloop
  endfacet
  facet normal 0 0 -1
    outer loop
      vertex 26.5244 11.3686 0
      vertex 25.9343 5.35757 0
      vertex 26.3719 11.0833 0
    endloop
  endfacet
  facet normal 0 0 -1
    outer loop
      vertex 26.3719 11.0833 0
      vertex 25.9343 5.35757 0
      vertex 26.1667 10.8333 0
    endloop
  endfacet
  facet normal 0 0 -1
    outer loop
      vertex 25.003 7.1 0
      vertex 26.1667 10.8333 0
      vertex 25.9343 5.35757 0
    endloop
  endfacet
  facet normal 0 0 -1
    outer loop
      vertex 26.1667 10.8333 0
      vertex 25.003 7.1 0
      vertex 25.9167 10.6281 0
    endloop
  endfacet
  facet normal 0 0 -1
    outer loop
      vertex 25.9167 10.6281 0
      vertex 25.003 7.1 0
      vertex 25.6314 10.4756 0
    endloop
  endfacet
  facet normal 0 0 -1
    outer loop
      vertex 25.6314 10.4756 0
      vertex 25.003 7.1 0
      vertex 25.3219 10.3817 0
    endloop
  endfacet
  facet normal 0 0 -1
    outer loop
      vertex 23.7198 8.9 0
      vertex 25.3219 10.3817 0
      vertex 25.003 7.1 0
    endloop
  endfacet
  facet normal 0 0 -1
    outer loop
      vertex 25.3219 10.3817 0
      vertex 23.7198 8.9 0
      vertex 25 10.35 0
    endloop
  endfacet
  facet normal -0 0 -1
    outer loop
      vertex 25 10.35 0
      vertex 23.7198 8.9 0
      vertex 24.6781 10.3817 0
    endloop
  endfacet
  facet normal -0 0 -1
    outer loop
      vertex 24.6781 10.3817 0
      vertex 23.7198 8.9 0
      vertex 24.3686 10.4756 0
    endloop
  endfacet
  facet normal -0 0 -1
    outer loop
      vertex 24.3686 10.4756 0
      vertex 23.7198 8.9 0
      vertex 24.0833 10.6281 0
    endloop
  endfacet
  facet normal 0 0 -1
    outer loop
      vertex 22.8995 9.89949 0
      vertex 24.0833 10.6281 0
      vertex 23.7198 8.9 0
    endloop
  endfacet
  facet normal 0 0 -1
    outer loop
      vertex 21.9 7.1 0
      vertex 23.7198 8.9 0
      vertex 25.003 7.1 0
    endloop
  endfacet
  facet normal -0 0 -1
    outer loop
      vertex 23.7198 8.9 0
      vertex 21.9 7.1 0
      vertex 21.9 8.9 0
    endloop
  endfacet
  facet normal 0 0 -1
    outer loop
      vertex 21.9 -0.9 0
      vertex 26.9114 0.9 0
      vertex 26.9114 -0.9 0
    endloop
  endfacet
  facet normal -0 0 -1
    outer loop
      vertex 26.9114 0.9 0
      vertex 21.9 -0.9 0
      vertex 21.9 0.9 0
    endloop
  endfacet
  facet normal 0 0 -1
    outer loop
      vertex 56.4135 -31.0555 0
      vertex 61 -33 0
      vertex 56.5706 -31.3494 0
    endloop
  endfacet
  facet normal 0 0 -1
    outer loop
      vertex 61 33 0
      vertex 56.6673 31.6683 0
      vertex 56.7 32 0
    endloop
  endfacet
  facet normal 0 0 -1
    outer loop
      vertex 56.2021 -30.7979 0
      vertex 61 -33 0
      vertex 56.4135 -31.0555 0
    endloop
  endfacet
  facet normal 0 0 -1
    outer loop
      vertex 61 33 0
      vertex 56.5706 31.3494 0
      vertex 56.6673 31.6683 0
    endloop
  endfacet
  facet normal 0 0 -1
    outer loop
      vertex 55.9445 -30.5865 0
      vertex 61 -33 0
      vertex 56.2021 -30.7979 0
    endloop
  endfacet
  facet normal 0 0 -1
    outer loop
      vertex 61 33 0
      vertex 56.4135 31.0555 0
      vertex 56.5706 31.3494 0
    endloop
  endfacet
  facet normal 0 0 -1
    outer loop
      vertex 61 -33 0
      vertex 55.9445 -30.5865 0
      vertex 61 33 0
    endloop
  endfacet
  facet normal 0 0 -1
    outer loop
      vertex 61 33 0
      vertex 56.2021 30.7979 0
      vertex 56.4135 31.0555 0
    endloop
  endfacet
  facet normal 0 0 -1
    outer loop
      vertex 55.9445 30.5865 0
      vertex 61 33 0
      vertex 55.9445 -30.5865 0
    endloop
  endfacet
  facet normal 0 0 -1
    outer loop
      vertex 61 33 0
      vertex 55.9445 30.5865 0
      vertex 56.2021 30.7979 0
    endloop
  endfacet
  facet normal 0 0 -1
    outer loop
      vertex 55.6506 -30.4294 0
      vertex 55.9445 30.5865 0
      vertex 55.9445 -30.5865 0
    endloop
  endfacet
  facet normal 0 0 -1
    outer loop
      vertex 55.6506 -30.4294 0
      vertex 55.6506 30.4294 0
      vertex 55.9445 30.5865 0
    endloop
  endfacet
  facet normal 0 0 -1
    outer loop
      vertex 51.1358 27.7066 0
      vertex 55.6506 -30.4294 0
      vertex 55.3317 -30.3327 0
    endloop
  endfacet
  facet normal 0 0 -1
    outer loop
      vertex 55.6506 -30.4294 0
      vertex 51.3778 27.8359 0
      vertex 55.6506 30.4294 0
    endloop
  endfacet
  facet normal 0 0 -1
    outer loop
      vertex 50.8731 27.6269 0
      vertex 55.3317 -30.3327 0
      vertex 55 -30.3 0
    endloop
  endfacet
  facet normal 0 -0 -1
    outer loop
      vertex 51.59 28.01 0
      vertex 55.6506 30.4294 0
      vertex 51.3778 27.8359 0
    endloop
  endfacet
  facet normal 0 0 -1
    outer loop
      vertex 26.731 -2.73126 0
      vertex 55 -30.3 0
      vertex 54.6683 -30.3327 0
    endloop
  endfacet
  facet normal 0 0 -1
    outer loop
      vertex 55.6506 30.4294 0
      vertex 51.59 28.01 0
      vertex 55.3317 30.3327 0
    endloop
  endfacet
  facet normal 0 0 -1
    outer loop
      vertex 26.6183 -11.6781 0
      vertex 54.6683 -30.3327 0
      vertex 54.3494 -30.4294 0
    endloop
  endfacet
  facet normal 0 0 -1
    outer loop
      vertex 55.3317 30.3327 0
      vertex 51.7641 28.2222 0
      vertex 55 30.3 0
    endloop
  endfacet
  facet normal 0 0 -1
    outer loop
      vertex 26.65 -12 0
      vertex 54.3494 -30.4294 0
      vertex 54.0555 -30.5865 0
    endloop
  endfacet
  facet normal 0 -0 -1
    outer loop
      vertex 51.8934 28.4642 0
      vertex 55 30.3 0
      vertex 51.7641 28.2222 0
    endloop
  endfacet
  facet normal 0 0 -1
    outer loop
      vertex 26.6183 -12.3219 0
      vertex 54.0555 -30.5865 0
      vertex 53.7979 -30.7979 0
    endloop
  endfacet
  facet normal -0 0 -1
    outer loop
      vertex 55 30.3 0
      vertex 51.8934 28.4642 0
      vertex 54.6683 30.3327 0
    endloop
  endfacet
  facet normal 0 0 -1
    outer loop
      vertex 26.5244 -12.6314 0
      vertex 53.7979 -30.7979 0
      vertex 53.5865 -31.0555 0
    endloop
  endfacet
  facet normal -0 0 -1
    outer loop
      vertex 54.6683 30.3327 0
      vertex 51.9731 28.7269 0
      vertex 54.3494 30.4294 0
    endloop
  endfacet
  facet normal 0 0 -1
    outer loop
      vertex 26.3719 -12.9167 0
      vertex 53.5865 -31.0555 0
      vertex 53.4294 -31.3494 0
    endloop
  endfacet
  facet normal 0 -0 -1
    outer loop
      vertex 52 29 0
      vertex 54.3494 30.4294 0
      vertex 51.9731 28.7269 0
    endloop
  endfacet
  facet normal 0 0 -1
    outer loop
      vertex 26.1667 -13.1667 0
      vertex 53.4294 -31.3494 0
      vertex 53.3327 -31.6683 0
    endloop
  endfacet
  facet normal 0 0 -1
    outer loop
      vertex 51.9731 29.2731 0
      vertex 54.0555 30.5865 0
      vertex 52 29 0
    endloop
  endfacet
  facet normal 0 0 -1
    outer loop
      vertex 25.9167 -13.3719 0
      vertex 53.3327 -31.6683 0
      vertex 53.3 -32 0
    endloop
  endfacet
  facet normal -0 0 -1
    outer loop
      vertex 54.0555 30.5865 0
      vertex 51.9731 29.2731 0
      vertex 53.7979 30.7979 0
    endloop
  endfacet
  facet normal 0 0 -1
    outer loop
      vertex 56.5706 -32.6506 0
      vertex 61 -33 0
      vertex 60.9039 -33.9754 0
    endloop
  endfacet
  facet normal 0 0 -1
    outer loop
      vertex 56.6673 -31.6683 0
      vertex 61 -33 0
      vertex 56.7 -32 0
    endloop
  endfacet
  facet normal 0 0 -1
    outer loop
      vertex 56.5706 -32.6506 0
      vertex 60.9039 -33.9754 0
      vertex 60.6194 -34.9134 0
    endloop
  endfacet
  facet normal 0 0 -1
    outer loop
      vertex 56.5706 -31.3494 0
      vertex 61 -33 0
      vertex 56.6673 -31.6683 0
    endloop
  endfacet
  facet normal 0 0 -1
    outer loop
      vertex 56.4135 -32.9445 0
      vertex 60.6194 -34.9134 0
      vertex 60.1573 -35.7778 0
    endloop
  endfacet
  facet normal 0 0 -1
    outer loop
      vertex 56.6673 32.3317 0
      vertex 61 33 0
      vertex 56.7 32 0
    endloop
  endfacet
  facet normal 0 0 -1
    outer loop
      vertex 56.2021 -33.2021 0
      vertex 60.1573 -35.7778 0
      vertex 59.5355 -36.5355 0
    endloop
  endfacet
  facet normal 0 0 -1
    outer loop
      vertex 56.5706 32.6506 0
      vertex 61 33 0
      vertex 56.6673 32.3317 0
    endloop
  endfacet
  facet normal 0 0 -1
    outer loop
      vertex 56.2021 -33.2021 0
      vertex 59.5355 -36.5355 0
      vertex 58.7778 -37.1573 0
    endloop
  endfacet
  facet normal -0 0 -1
    outer loop
      vertex 61 33 0
      vertex 56.5706 32.6506 0
      vertex 60.9039 33.9754 0
    endloop
  endfacet
  facet normal 0 0 -1
    outer loop
      vertex 55.9445 -33.4135 0
      vertex 58.7778 -37.1573 0
      vertex 57.9134 -37.6194 0
    endloop
  endfacet
  facet normal -0 0 -1
    outer loop
      vertex 60.9039 33.9754 0
      vertex 56.5706 32.6506 0
      vertex 60.6194 34.9134 0
    endloop
  endfacet
  facet normal 0 0 -1
    outer loop
      vertex 55.6506 -33.5706 0
      vertex 57.9134 -37.6194 0
      vertex 56.9754 -37.9039 0
    endloop
  endfacet
  facet normal 0 0 -1
    outer loop
      vertex 56.4135 32.9445 0
      vertex 60.6194 34.9134 0
      vertex 56.5706 32.6506 0
    endloop
  endfacet
  facet normal -0 0 -1
    outer loop
      vertex 60.6194 34.9134 0
      vertex 56.4135 32.9445 0
      vertex 60.1573 35.7778 0
    endloop
  endfacet
  facet normal 0 0 -1
    outer loop
      vertex 61 -33 0
      vertex 56.6673 -32.3317 0
      vertex 56.7 -32 0
    endloop
  endfacet
  facet normal 0 0 -1
    outer loop
      vertex 61 -33 0
      vertex 56.5706 -32.6506 0
      vertex 56.6673 -32.3317 0
    endloop
  endfacet
  facet normal 0 0 -1
    outer loop
      vertex 60.6194 -34.9134 0
      vertex 56.4135 -32.9445 0
      vertex 56.5706 -32.6506 0
    endloop
  endfacet
  facet normal 0 0 -1
    outer loop
      vertex 60.1573 -35.7778 0
      vertex 56.2021 -33.2021 0
      vertex 56.4135 -32.9445 0
    endloop
  endfacet
  facet normal 0 0 -1
    outer loop
      vertex 55.6506 -33.5706 0
      vertex 56.9754 -37.9039 0
      vertex 56 -38 0
    endloop
  endfacet
  facet normal 0 0 -1
    outer loop
      vertex 58.7778 -37.1573 0
      vertex 55.9445 -33.4135 0
      vertex 56.2021 -33.2021 0
    endloop
  endfacet
  facet normal 0 0 -1
    outer loop
      vertex 57.9134 -37.6194 0
      vertex 55.6506 -33.5706 0
      vertex 55.9445 -33.4135 0
    endloop
  endfacet
  facet normal 0 0 -1
    outer loop
      vertex 56 -38 0
      vertex 55.3317 -33.6673 0
      vertex 55.6506 -33.5706 0
    endloop
  endfacet
  facet normal 0 0 -1
    outer loop
      vertex 56 -38 0
      vertex 55 -33.7 0
      vertex 55.3317 -33.6673 0
    endloop
  endfacet
  facet normal 0 0 -1
    outer loop
      vertex 56 -38 0
      vertex 54.6683 -33.6673 0
      vertex 55 -33.7 0
    endloop
  endfacet
  facet normal 0 0 -1
    outer loop
      vertex 56 -38 0
      vertex 54.3494 -33.5706 0
      vertex 54.6683 -33.6673 0
    endloop
  endfacet
  facet normal 0 0 -1
    outer loop
      vertex 56 -38 0
      vertex 54.0555 -33.4135 0
      vertex 54.3494 -33.5706 0
    endloop
  endfacet
  facet normal 0 0 -1
    outer loop
      vertex 56 -38 0
      vertex 53.7979 -33.2021 0
      vertex 54.0555 -33.4135 0
    endloop
  endfacet
  facet normal 0 0 -1
    outer loop
      vertex 56 -38 0
      vertex 53.5865 -32.9445 0
      vertex 53.7979 -33.2021 0
    endloop
  endfacet
  facet normal 0 0 -1
    outer loop
      vertex 15.7313 -13.731 0
      vertex 53.5865 -32.9445 0
      vertex 56 -38 0
    endloop
  endfacet
  facet normal 0 0 -1
    outer loop
      vertex 51.8934 29.5358 0
      vertex 53.7979 30.7979 0
      vertex 51.9731 29.2731 0
    endloop
  endfacet
  facet normal -0 0 -1
    outer loop
      vertex 53.7979 30.7979 0
      vertex 51.7641 29.7778 0
      vertex 53.5865 31.0555 0
    endloop
  endfacet
  facet normal 0 0 -1
    outer loop
      vertex 51.7641 29.7778 0
      vertex 53.7979 30.7979 0
      vertex 51.8934 29.5358 0
    endloop
  endfacet
  facet normal -0 0 -1
    outer loop
      vertex 54.3494 30.4294 0
      vertex 52 29 0
      vertex 54.0555 30.5865 0
    endloop
  endfacet
  facet normal 0 -0 -1
    outer loop
      vertex 51.9731 28.7269 0
      vertex 54.6683 30.3327 0
      vertex 51.8934 28.4642 0
    endloop
  endfacet
  facet normal 0 -0 -1
    outer loop
      vertex 51.7641 28.2222 0
      vertex 55.3317 30.3327 0
      vertex 51.59 28.01 0
    endloop
  endfacet
  facet normal 0 0 -1
    outer loop
      vertex 55.6506 -30.4294 0
      vertex 51.1358 27.7066 0
      vertex 51.3778 27.8359 0
    endloop
  endfacet
  facet normal 0 0 -1
    outer loop
      vertex 55.3317 -30.3327 0
      vertex 50.8731 27.6269 0
      vertex 51.1358 27.7066 0
    endloop
  endfacet
  facet normal 0 0 -1
    outer loop
      vertex 55 -30.3 0
      vertex 26.9114 -0.9 0
      vertex 50.8731 27.6269 0
    endloop
  endfacet
  facet normal 0 0 -1
    outer loop
      vertex 26.9114 0.9 0
      vertex 50.8731 27.6269 0
      vertex 26.9114 -0.9 0
    endloop
  endfacet
  facet normal 0 0 -1
    outer loop
      vertex 25.6314 -13.5244 0
      vertex 53.3 -32 0
      vertex 53.3327 -32.3317 0
    endloop
  endfacet
  facet normal 0 0 -1
    outer loop
      vertex 50.8731 27.6269 0
      vertex 26.9114 0.9 0
      vertex 50.6 27.6 0
    endloop
  endfacet
  facet normal 0 0 -1
    outer loop
      vertex 26.731 2.73126 0
      vertex 50.6 27.6 0
      vertex 26.9114 0.9 0
    endloop
  endfacet
  facet normal -0 0 -1
    outer loop
      vertex 50.6 27.6 0
      vertex 26.731 2.73126 0
      vertex 45.4 27.6 0
    endloop
  endfacet
  facet normal 0 0 -1
    outer loop
      vertex 26.6183 11.6781 0
      vertex 45.4 27.6 0
      vertex 26.731 2.73126 0
    endloop
  endfacet
  facet normal -0 0 -1
    outer loop
      vertex 45.4 27.6 0
      vertex 26.65 12 0
      vertex 45.1269 27.6269 0
    endloop
  endfacet
  facet normal 0 0 -1
    outer loop
      vertex 26.6183 12.3219 0
      vertex 45.1269 27.6269 0
      vertex 26.65 12 0
    endloop
  endfacet
  facet normal 0 -0 -1
    outer loop
      vertex 35.1358 27.7066 0
      vertex 44.8642 27.7066 0
      vertex 26.6183 12.3219 0
    endloop
  endfacet
  facet normal 0 0 -1
    outer loop
      vertex 44.0269 28.7269 0
      vertex 36 29 0
      vertex 44 29 0
    endloop
  endfacet
  facet normal 0 0 -1
    outer loop
      vertex 44.8642 27.7066 0
      vertex 35.1358 27.7066 0
      vertex 44.6222 27.8359 0
    endloop
  endfacet
  facet normal 0 0 -1
    outer loop
      vertex 44.0269 28.7269 0
      vertex 35.9731 28.7269 0
      vertex 36 29 0
    endloop
  endfacet
  facet normal -0 0 -1
    outer loop
      vertex 44.0269 28.7269 0
      vertex 35.8934 28.4642 0
      vertex 35.9731 28.7269 0
    endloop
  endfacet
  facet normal 0 0 -1
    outer loop
      vertex 44.1066 28.4642 0
      vertex 35.8934 28.4642 0
      vertex 44.0269 28.7269 0
    endloop
  endfacet
  facet normal 0 -0 -1
    outer loop
      vertex 35.8934 28.4642 0
      vertex 44.1066 28.4642 0
      vertex 35.7641 28.2222 0
    endloop
  endfacet
  facet normal 0 -0 -1
    outer loop
      vertex 35.3778 27.8359 0
      vertex 44.6222 27.8359 0
      vertex 35.1358 27.7066 0
    endloop
  endfacet
  facet normal 0 0 -1
    outer loop
      vertex 44.6222 27.8359 0
      vertex 35.3778 27.8359 0
      vertex 44.41 28.01 0
    endloop
  endfacet
  facet normal 0 -0 -1
    outer loop
      vertex 35.59 28.01 0
      vertex 44.41 28.01 0
      vertex 35.3778 27.8359 0
    endloop
  endfacet
  facet normal 0 0 -1
    outer loop
      vertex 25.3219 -13.6183 0
      vertex 53.3327 -32.3317 0
      vertex 53.4294 -32.6506 0
    endloop
  endfacet
  facet normal 0 0 -1
    outer loop
      vertex 44.2359 28.2222 0
      vertex 35.7641 28.2222 0
      vertex 44.1066 28.4642 0
    endloop
  endfacet
  facet normal 0 -0 -1
    outer loop
      vertex 35.7641 28.2222 0
      vertex 44.2359 28.2222 0
      vertex 35.59 28.01 0
    endloop
  endfacet
  facet normal 0 0 -1
    outer loop
      vertex 26.5244 12.6314 0
      vertex 34.8731 27.6269 0
      vertex 26.6183 12.3219 0
    endloop
  endfacet
  facet normal 0 0 -1
    outer loop
      vertex 34.8731 27.6269 0
      vertex 26.5244 12.6314 0
      vertex 34.6 27.6 0
    endloop
  endfacet
  facet normal 0 0 -1
    outer loop
      vertex 26.3719 12.9167 0
      vertex 34.6 27.6 0
      vertex 26.5244 12.6314 0
    endloop
  endfacet
  facet normal 0 0 -1
    outer loop
      vertex 26.1667 13.1667 0
      vertex 34.6 27.6 0
      vertex 26.3719 12.9167 0
    endloop
  endfacet
  facet normal -0 0 -1
    outer loop
      vertex 34.6 27.6 0
      vertex 26.1667 13.1667 0
      vertex 29.4 27.6 0
    endloop
  endfacet
  facet normal 0 0 -1
    outer loop
      vertex 25.9167 13.3719 0
      vertex 29.4 27.6 0
      vertex 26.1667 13.1667 0
    endloop
  endfacet
  facet normal 0 0 -1
    outer loop
      vertex 25.6314 13.5244 0
      vertex 29.4 27.6 0
      vertex 25.9167 13.3719 0
    endloop
  endfacet
  facet normal 0 0 -1
    outer loop
      vertex 44.41 28.01 0
      vertex 35.59 28.01 0
      vertex 44.2359 28.2222 0
    endloop
  endfacet
  facet normal -0 0 -1
    outer loop
      vertex 45.1269 27.6269 0
      vertex 26.6183 12.3219 0
      vertex 44.8642 27.7066 0
    endloop
  endfacet
  facet normal 0 -0 -1
    outer loop
      vertex 24.6781 -13.6183 0
      vertex 53.5865 -32.9445 0
      vertex 15.7313 -13.731 0
    endloop
  endfacet
  facet normal 0 0 -1
    outer loop
      vertex 55 -30.3 0
      vertex 26.731 -2.73126 0
      vertex 26.9114 -0.9 0
    endloop
  endfacet
  facet normal 0 0 -1
    outer loop
      vertex 54.3494 -30.4294 0
      vertex 26.65 -12 0
      vertex 26.6183 -11.6781 0
    endloop
  endfacet
  facet normal 0 0 -1
    outer loop
      vertex 54.0555 -30.5865 0
      vertex 26.6183 -12.3219 0
      vertex 26.65 -12 0
    endloop
  endfacet
  facet normal 0 0 -1
    outer loop
      vertex 53.7979 -30.7979 0
      vertex 26.5244 -12.6314 0
      vertex 26.6183 -12.3219 0
    endloop
  endfacet
  facet normal 0 0 -1
    outer loop
      vertex 53.5865 -31.0555 0
      vertex 26.3719 -12.9167 0
      vertex 26.5244 -12.6314 0
    endloop
  endfacet
  facet normal 0 0 -1
    outer loop
      vertex 53.4294 -31.3494 0
      vertex 26.1667 -13.1667 0
      vertex 26.3719 -12.9167 0
    endloop
  endfacet
  facet normal 0 0 -1
    outer loop
      vertex 53.3327 -31.6683 0
      vertex 25.9167 -13.3719 0
      vertex 26.1667 -13.1667 0
    endloop
  endfacet
  facet normal 0 0 -1
    outer loop
      vertex 53.3 -32 0
      vertex 25.6314 -13.5244 0
      vertex 25.9167 -13.3719 0
    endloop
  endfacet
  facet normal 0 0 -1
    outer loop
      vertex 53.3327 -32.3317 0
      vertex 25.3219 -13.6183 0
      vertex 25.6314 -13.5244 0
    endloop
  endfacet
  facet normal 0 0 -1
    outer loop
      vertex 53.4294 -32.6506 0
      vertex 25 -13.65 0
      vertex 25.3219 -13.6183 0
    endloop
  endfacet
  facet normal 0 0 -1
    outer loop
      vertex 53.4294 -32.6506 0
      vertex 24.6781 -13.6183 0
      vertex 25 -13.65 0
    endloop
  endfacet
  facet normal 0 0 -1
    outer loop
      vertex 53.5865 -32.9445 0
      vertex 24.6781 -13.6183 0
      vertex 53.4294 -32.6506 0
    endloop
  endfacet
  facet normal -0 0 -1
    outer loop
      vertex 24.6781 -13.6183 0
      vertex 15.7313 -13.731 0
      vertex 24.3686 -13.5244 0
    endloop
  endfacet
  facet normal 0 0 -1
    outer loop
      vertex 21.9 -10.7198 0
      vertex 23.35 -12 0
      vertex 23.3817 -12.3219 0
    endloop
  endfacet
  facet normal 0 0 -1
    outer loop
      vertex 23.6281 -11.0833 0
      vertex 21.9 -10.7198 0
      vertex 22.8995 -9.89949 0
    endloop
  endfacet
  facet normal 0 0 -1
    outer loop
      vertex 20.1 -12.003 0
      vertex 23.3817 -12.3219 0
      vertex 23.4756 -12.6314 0
    endloop
  endfacet
  facet normal 0 0 -1
    outer loop
      vertex 20.1 -12.003 0
      vertex 23.4756 -12.6314 0
      vertex 23.6281 -12.9167 0
    endloop
  endfacet
  facet normal 0 0 -1
    outer loop
      vertex 20.1 -8.9 0
      vertex 21.9 -8.9 0
      vertex 21.9 -10.7198 0
    endloop
  endfacet
  facet normal 0 0 -1
    outer loop
      vertex 21.9 -8.9 0
      vertex 20.1 -8.9 0
      vertex 21.9 -7.1 0
    endloop
  endfacet
  facet normal 0 0 -1
    outer loop
      vertex 21.9 -7.1 0
      vertex 20.1 -7.1 0
      vertex 21.9 -0.9 0
    endloop
  endfacet
  facet normal 0 0 -1
    outer loop
      vertex 20.1 -0.9 0
      vertex 21.9 -0.9 0
      vertex 20.1 -7.1 0
    endloop
  endfacet
  facet normal 0 0 -1
    outer loop
      vertex 20.1 0.9 0
      vertex 21.9 0.9 0
      vertex 20.1 -0.9 0
    endloop
  endfacet
  facet normal 0 0 -1
    outer loop
      vertex 21.9 0.9 0
      vertex 20.1 0.9 0
      vertex 21.9 7.1 0
    endloop
  endfacet
  facet normal 0 0 -1
    outer loop
      vertex 20.1 -8.9 0
      vertex 21.9 -10.7198 0
      vertex 20.1 -12.003 0
    endloop
  endfacet
  facet normal 0 0 -1
    outer loop
      vertex 23.3817 -12.3219 0
      vertex 20.1 -12.003 0
      vertex 21.9 -10.7198 0
    endloop
  endfacet
  facet normal 0 0 -1
    outer loop
      vertex 23.8333 -13.1667 0
      vertex 20.1 -12.003 0
      vertex 23.6281 -12.9167 0
    endloop
  endfacet
  facet normal 0 0 -1
    outer loop
      vertex 18.3576 -12.9343 0
      vertex 23.8333 -13.1667 0
      vertex 24.0833 -13.3719 0
    endloop
  endfacet
  facet normal 0 -0 -1
    outer loop
      vertex 18.3576 -12.9343 0
      vertex 24.3686 -13.5244 0
      vertex 15.7313 -13.731 0
    endloop
  endfacet
  facet normal 0 0 -1
    outer loop
      vertex 23.8333 -13.1667 0
      vertex 18.3576 -12.9343 0
      vertex 20.1 -12.003 0
    endloop
  endfacet
  facet normal 0 0 -1
    outer loop
      vertex 24.3686 -13.5244 0
      vertex 18.3576 -12.9343 0
      vertex 24.0833 -13.3719 0
    endloop
  endfacet
  facet normal 0 0 -1
    outer loop
      vertex 56 -38 0
      vertex 13.9 -13.9114 0
      vertex 15.7313 -13.731 0
    endloop
  endfacet
  facet normal 0 0 -1
    outer loop
      vertex 12.1 -8.9 0
      vertex 13.9 -8.9 0
      vertex 13.9 -13.9114 0
    endloop
  endfacet
  facet normal 0 0 -1
    outer loop
      vertex 13.9 -8.9 0
      vertex 12.1 -8.9 0
      vertex 13.9 -7.1 0
    endloop
  endfacet
  facet normal 0 0 -1
    outer loop
      vertex 13.9 -7.1 0
      vertex 12.1 -7.1 0
      vertex 13.9 -0.9 0
    endloop
  endfacet
  facet normal 0 0 -1
    outer loop
      vertex 12.1 -0.9 0
      vertex 13.9 -0.9 0
      vertex 12.1 -7.1 0
    endloop
  endfacet
  facet normal 0 0 -1
    outer loop
      vertex 12.1 0.9 0
      vertex 13.9 0.9 0
      vertex 12.1 -0.9 0
    endloop
  endfacet
  facet normal 0 0 -1
    outer loop
      vertex 13.9 0.9 0
      vertex 12.1 0.9 0
      vertex 13.9 7.1 0
    endloop
  endfacet
  facet normal 0 0 -1
    outer loop
      vertex 12.1 -8.9 0
      vertex 13.9 -13.9114 0
      vertex 12.1 -13.9114 0
    endloop
  endfacet
  facet normal 0 0 -1
    outer loop
      vertex 56 -38 0
      vertex 12.1 -13.9114 0
      vertex 13.9 -13.9114 0
    endloop
  endfacet
  facet normal 0 0 -1
    outer loop
      vertex 56 -38 0
      vertex 10.2687 -13.731 0
      vertex 12.1 -13.9114 0
    endloop
  endfacet
  facet normal 0 0 -1
    outer loop
      vertex 1 -13.65 0
      vertex 10.2687 -13.731 0
      vertex 56 -38 0
    endloop
  endfacet
  facet normal 0 0 -1
    outer loop
      vertex 4.1 -10.7198 0
      vertex 5.9 -8.9 0
      vertex 5.9 -12.003 0
    endloop
  endfacet
  facet normal 0 0 -1
    outer loop
      vertex 5.9 -8.9 0
      vertex 4.1 -8.9 0
      vertex 5.9 -7.1 0
    endloop
  endfacet
  facet normal 0 0 -1
    outer loop
      vertex 5.9 -7.1 0
      vertex 4.1 -7.1 0
      vertex 5.9 -0.9 0
    endloop
  endfacet
  facet normal 0 0 -1
    outer loop
      vertex 4.1 -0.9 0
      vertex 5.9 -0.9 0
      vertex 4.1 -7.1 0
    endloop
  endfacet
  facet normal 0 0 -1
    outer loop
      vertex 4.1 0.9 0
      vertex 5.9 0.9 0
      vertex 4.1 -0.9 0
    endloop
  endfacet
  facet normal 0 0 -1
    outer loop
      vertex 5.9 0.9 0
      vertex 4.1 0.9 0
      vertex 5.9 7.1 0
    endloop
  endfacet
  facet normal -0 0 -1
    outer loop
      vertex 5.9 -8.9 0
      vertex 4.1 -10.7198 0
      vertex 4.1 -8.9 0
    endloop
  endfacet
  facet normal 0 0 -1
    outer loop
      vertex 2.6183 -11.6781 0
      vertex 4.1 -10.7198 0
      vertex 2.65 -12 0
    endloop
  endfacet
  facet normal 0 0 -1
    outer loop
      vertex 2.6183 -12.3219 0
      vertex 4.1 -10.7198 0
      vertex 5.9 -12.003 0
    endloop
  endfacet
  facet normal 0 0 -1
    outer loop
      vertex 2.16673 -13.1667 0
      vertex 5.9 -12.003 0
      vertex 7.64243 -12.9343 0
    endloop
  endfacet
  facet normal 0 -0 -1
    outer loop
      vertex 1.63143 -13.5244 0
      vertex 10.2687 -13.731 0
      vertex 1.3219 -13.6183 0
    endloop
  endfacet
  facet normal 0 0 -1
    outer loop
      vertex 4.1 -10.7198 0
      vertex 2.6183 -12.3219 0
      vertex 2.65 -12 0
    endloop
  endfacet
  facet normal 0 0 -1
    outer loop
      vertex 5.9 -12.003 0
      vertex 2.5244 -12.6314 0
      vertex 2.6183 -12.3219 0
    endloop
  endfacet
  facet normal 0 0 -1
    outer loop
      vertex 5.9 -12.003 0
      vertex 2.37192 -12.9167 0
      vertex 2.5244 -12.6314 0
    endloop
  endfacet
  facet normal 0 0 -1
    outer loop
      vertex 5.9 -12.003 0
      vertex 2.16673 -13.1667 0
      vertex 2.37192 -12.9167 0
    endloop
  endfacet
  facet normal 0 0 -1
    outer loop
      vertex 7.64243 -12.9343 0
      vertex 1.91669 -13.3719 0
      vertex 2.16673 -13.1667 0
    endloop
  endfacet
  facet normal 0 0 -1
    outer loop
      vertex 7.64243 -12.9343 0
      vertex 1.63143 -13.5244 0
      vertex 1.91669 -13.3719 0
    endloop
  endfacet
  facet normal 0 0 -1
    outer loop
      vertex 10.2687 -13.731 0
      vertex 1.63143 -13.5244 0
      vertex 7.64243 -12.9343 0
    endloop
  endfacet
  facet normal 0 0 -1
    outer loop
      vertex 10.2687 -13.731 0
      vertex 1 -13.65 0
      vertex 1.3219 -13.6183 0
    endloop
  endfacet
  facet normal 0 0 -1
    outer loop
      vertex -43.5555 -27.1551 0
      vertex 1 -13.65 0
      vertex 56 -38 0
    endloop
  endfacet
  facet normal -0 0 -1
    outer loop
      vertex 1 -13.65 0
      vertex -43.5555 -27.1551 0
      vertex 0.678101 -13.6183 0
    endloop
  endfacet
  facet normal 0 0 -1
    outer loop
      vertex -0.618296 -11.6781 0
      vertex -40.8 0 0
      vertex -0.730993 -2.73126 0
    endloop
  endfacet
  facet normal 0 0 -1
    outer loop
      vertex -0.730993 -2.73126 0
      vertex -40.8 0 0
      vertex -0.911358 -0.9 0
    endloop
  endfacet
  facet normal -0 0 -1
    outer loop
      vertex -0.618296 -12.3219 0
      vertex -40.9191 -20.7904 0
      vertex -0.65 -12 0
    endloop
  endfacet
  facet normal -0 0 -1
    outer loop
      vertex -0.524401 -12.6314 0
      vertex -40.9191 -20.7904 0
      vertex -0.618296 -12.3219 0
    endloop
  endfacet
  facet normal 0 0 -1
    outer loop
      vertex -40.9191 -20.7904 0
      vertex -0.524401 -12.6314 0
      vertex -40.8 -22 0
    endloop
  endfacet
  facet normal -0 0 -1
    outer loop
      vertex -0.371924 -12.9167 0
      vertex -40.8 -22 0
      vertex -0.524401 -12.6314 0
    endloop
  endfacet
  facet normal 0 0 -1
    outer loop
      vertex -40.9191 -23.2096 0
      vertex -0.371924 -12.9167 0
      vertex -0.166726 -13.1667 0
    endloop
  endfacet
  facet normal 0 0 -1
    outer loop
      vertex -41.2719 -24.3726 0
      vertex -0.166726 -13.1667 0
      vertex 0.0833082 -13.3719 0
    endloop
  endfacet
  facet normal 0 0 -1
    outer loop
      vertex -41.8449 -25.4445 0
      vertex 0.0833082 -13.3719 0
      vertex 0.368572 -13.5244 0
    endloop
  endfacet
  facet normal 0 -0 -1
    outer loop
      vertex -42.6159 -26.3841 0
      vertex 0.678101 -13.6183 0
      vertex -43.5555 -27.1551 0
    endloop
  endfacet
  facet normal 0 0 -1
    outer loop
      vertex -0.371924 -12.9167 0
      vertex -40.9191 -23.2096 0
      vertex -40.8 -22 0
    endloop
  endfacet
  facet normal 0 0 -1
    outer loop
      vertex -0.166726 -13.1667 0
      vertex -41.2719 -24.3726 0
      vertex -40.9191 -23.2096 0
    endloop
  endfacet
  facet normal 0 0 -1
    outer loop
      vertex 0.0833082 -13.3719 0
      vertex -41.8449 -25.4445 0
      vertex -41.2719 -24.3726 0
    endloop
  endfacet
  facet normal 0 0 -1
    outer loop
      vertex 0.368572 -13.5244 0
      vertex -42.6159 -26.3841 0
      vertex -41.8449 -25.4445 0
    endloop
  endfacet
  facet normal -0 0 -1
    outer loop
      vertex 0.678101 -13.6183 0
      vertex -42.6159 -26.3841 0
      vertex 0.368572 -13.5244 0
    endloop
  endfacet
  facet normal 0 0 -1
    outer loop
      vertex -56 -38 0
      vertex -43.5555 -27.1551 0
      vertex 56 -38 0
    endloop
  endfacet
  facet normal 0 0 -1
    outer loop
      vertex -43.5555 -27.1551 0
      vertex -56 -38 0
      vertex -44.6274 -27.7281 0
    endloop
  endfacet
  facet normal 0 0 -1
    outer loop
      vertex -44.6274 -27.7281 0
      vertex -56 -38 0
      vertex -45.7904 -28.0809 0
    endloop
  endfacet
  facet normal 0 0 -1
    outer loop
      vertex -54.3494 -30.4294 0
      vertex -51.3841 -26.3841 0
      vertex -54.0555 -30.5865 0
    endloop
  endfacet
  facet normal -0 0 -1
    outer loop
      vertex -50.4445 -27.1551 0
      vertex -54.0555 -30.5865 0
      vertex -51.3841 -26.3841 0
    endloop
  endfacet
  facet normal 0 0 -1
    outer loop
      vertex -54.0555 -30.5865 0
      vertex -50.4445 -27.1551 0
      vertex -53.7979 -30.7979 0
    endloop
  endfacet
  facet normal 0 0 -1
    outer loop
      vertex -53.7979 -30.7979 0
      vertex -50.4445 -27.1551 0
      vertex -53.5865 -31.0555 0
    endloop
  endfacet
  facet normal -0 0 -1
    outer loop
      vertex -49.3726 -27.7281 0
      vertex -53.5865 -31.0555 0
      vertex -50.4445 -27.1551 0
    endloop
  endfacet
  facet normal 0 0 -1
    outer loop
      vertex -53.5865 -31.0555 0
      vertex -49.3726 -27.7281 0
      vertex -53.4294 -31.3494 0
    endloop
  endfacet
  facet normal 0 0 -1
    outer loop
      vertex -53.4294 -31.3494 0
      vertex -49.3726 -27.7281 0
      vertex -53.3327 -31.6683 0
    endloop
  endfacet
  facet normal -0 0 -1
    outer loop
      vertex -48.2096 -28.0809 0
      vertex -53.3327 -31.6683 0
      vertex -49.3726 -27.7281 0
    endloop
  endfacet
  facet normal 0 0 -1
    outer loop
      vertex -53.3327 -31.6683 0
      vertex -48.2096 -28.0809 0
      vertex -53.3 -32 0
    endloop
  endfacet
  facet normal 0 0 -1
    outer loop
      vertex -53.3327 -32.3317 0
      vertex -48.2096 -28.0809 0
      vertex -47 -28.2 0
    endloop
  endfacet
  facet normal 0 -0 -1
    outer loop
      vertex -53.5865 -32.9445 0
      vertex -45.7904 -28.0809 0
      vertex -56 -38 0
    endloop
  endfacet
  facet normal 0 0 -1
    outer loop
      vertex -48.2096 -28.0809 0
      vertex -53.3327 -32.3317 0
      vertex -53.3 -32 0
    endloop
  endfacet
  facet normal 0 0 -1
    outer loop
      vertex -47 -28.2 0
      vertex -53.4294 -32.6506 0
      vertex -53.3327 -32.3317 0
    endloop
  endfacet
  facet normal 0 0 -1
    outer loop
      vertex -47 -28.2 0
      vertex -53.5865 -32.9445 0
      vertex -53.4294 -32.6506 0
    endloop
  endfacet
  facet normal 0 0 -1
    outer loop
      vertex -45.7904 -28.0809 0
      vertex -53.5865 -32.9445 0
      vertex -47 -28.2 0
    endloop
  endfacet
  facet normal 0 0 -1
    outer loop
      vertex -53.5865 -32.9445 0
      vertex -56 -38 0
      vertex -53.7979 -33.2021 0
    endloop
  endfacet
  facet normal 0 0 -1
    outer loop
      vertex -53.7979 -33.2021 0
      vertex -56 -38 0
      vertex -54.0555 -33.4135 0
    endloop
  endfacet
  facet normal 0 0 -1
    outer loop
      vertex -54.0555 -33.4135 0
      vertex -56 -38 0
      vertex -54.3494 -33.5706 0
    endloop
  endfacet
  facet normal 0 0 -1
    outer loop
      vertex -54.3494 -33.5706 0
      vertex -56 -38 0
      vertex -54.6683 -33.6673 0
    endloop
  endfacet
  facet normal 0 0 -1
    outer loop
      vertex -54.6683 -33.6673 0
      vertex -56 -38 0
      vertex -55 -33.7 0
    endloop
  endfacet
  facet normal 0 0 -1
    outer loop
      vertex -56 -38 0
      vertex -55.3317 -33.6673 0
      vertex -55 -33.7 0
    endloop
  endfacet
  facet normal 0 0 -1
    outer loop
      vertex -56 -38 0
      vertex -55.6506 -33.5706 0
      vertex -55.3317 -33.6673 0
    endloop
  endfacet
  facet normal 0 0 -1
    outer loop
      vertex -56.9754 -37.9039 0
      vertex -55.6506 -33.5706 0
      vertex -56 -38 0
    endloop
  endfacet
  facet normal 0 0 -1
    outer loop
      vertex -57.9134 -37.6194 0
      vertex -55.6506 -33.5706 0
      vertex -56.9754 -37.9039 0
    endloop
  endfacet
  facet normal -0 0 -1
    outer loop
      vertex -55.6506 -33.5706 0
      vertex -57.9134 -37.6194 0
      vertex -55.9445 -33.4135 0
    endloop
  endfacet
  facet normal 0 0 -1
    outer loop
      vertex -58.7778 -37.1573 0
      vertex -55.9445 -33.4135 0
      vertex -57.9134 -37.6194 0
    endloop
  endfacet
  facet normal -0 0 -1
    outer loop
      vertex -55.9445 -33.4135 0
      vertex -58.7778 -37.1573 0
      vertex -56.2021 -33.2021 0
    endloop
  endfacet
  facet normal -0 0 -1
    outer loop
      vertex -56.2021 -33.2021 0
      vertex -60.1573 -35.7778 0
      vertex -56.4135 -32.9445 0
    endloop
  endfacet
  facet normal 0 0 -1
    outer loop
      vertex -60.1573 -35.7778 0
      vertex -56.2021 -33.2021 0
      vertex -59.5355 -36.5355 0
    endloop
  endfacet
  facet normal 0 0 -1
    outer loop
      vertex -59.5355 -36.5355 0
      vertex -56.2021 -33.2021 0
      vertex -58.7778 -37.1573 0
    endloop
  endfacet
  facet normal 0 0 -1
    outer loop
      vertex 56.2021 33.2021 0
      vertex 60.1573 35.7778 0
      vertex 56.4135 32.9445 0
    endloop
  endfacet
  facet normal -0 0 -1
    outer loop
      vertex 60.1573 35.7778 0
      vertex 56.2021 33.2021 0
      vertex 59.5355 36.5355 0
    endloop
  endfacet
  facet normal -0 0 -1
    outer loop
      vertex 59.5355 36.5355 0
      vertex 56.2021 33.2021 0
      vertex 58.7778 37.1573 0
    endloop
  endfacet
  facet normal 0 0 -1
    outer loop
      vertex 55.9445 33.4135 0
      vertex 58.7778 37.1573 0
      vertex 56.2021 33.2021 0
    endloop
  endfacet
  facet normal -0 0 -1
    outer loop
      vertex 58.7778 37.1573 0
      vertex 55.9445 33.4135 0
      vertex 57.9134 37.6194 0
    endloop
  endfacet
  facet normal 0 0 -1
    outer loop
      vertex 55.6506 33.5706 0
      vertex 57.9134 37.6194 0
      vertex 55.9445 33.4135 0
    endloop
  endfacet
  facet normal -0 0 -1
    outer loop
      vertex 57.9134 37.6194 0
      vertex 55.6506 33.5706 0
      vertex 56.9754 37.9039 0
    endloop
  endfacet
  facet normal -0 0 -1
    outer loop
      vertex 56.9754 37.9039 0
      vertex 55.6506 33.5706 0
      vertex 56 38 0
    endloop
  endfacet
  facet normal 0 0 -1
    outer loop
      vertex 55.3317 33.6673 0
      vertex 56 38 0
      vertex 55.6506 33.5706 0
    endloop
  endfacet
  facet normal 0 0 -1
    outer loop
      vertex 55 33.7 0
      vertex 56 38 0
      vertex 55.3317 33.6673 0
    endloop
  endfacet
  facet normal 0 0 -1
    outer loop
      vertex 54.6683 33.6673 0
      vertex 56 38 0
      vertex 55 33.7 0
    endloop
  endfacet
  facet normal 0 0 -1
    outer loop
      vertex 54.3494 33.5706 0
      vertex 56 38 0
      vertex 54.6683 33.6673 0
    endloop
  endfacet
  facet normal 0 0 -1
    outer loop
      vertex 54.0555 33.4135 0
      vertex 56 38 0
      vertex 54.3494 33.5706 0
    endloop
  endfacet
  facet normal 0 0 -1
    outer loop
      vertex 53.7979 33.2021 0
      vertex 56 38 0
      vertex 54.0555 33.4135 0
    endloop
  endfacet
  facet normal 0 0 -1
    outer loop
      vertex 45.4 30.4 0
      vertex 53.7979 33.2021 0
      vertex 53.5865 32.9445 0
    endloop
  endfacet
  facet normal 0 0 -1
    outer loop
      vertex 50.6 30.4 0
      vertex 53.5865 32.9445 0
      vertex 53.4294 32.6506 0
    endloop
  endfacet
  facet normal 0 0 -1
    outer loop
      vertex 51.59 29.9899 0
      vertex 53.5865 31.0555 0
      vertex 51.7641 29.7778 0
    endloop
  endfacet
  facet normal -0 0 -1
    outer loop
      vertex 53.5865 31.0555 0
      vertex 51.59 29.9899 0
      vertex 53.4294 31.3494 0
    endloop
  endfacet
  facet normal 0 0 -1
    outer loop
      vertex 51.3778 30.1641 0
      vertex 53.4294 31.3494 0
      vertex 51.59 29.9899 0
    endloop
  endfacet
  facet normal -0 0 -1
    outer loop
      vertex 53.4294 31.3494 0
      vertex 51.3778 30.1641 0
      vertex 53.3327 31.6683 0
    endloop
  endfacet
  facet normal 0 0 -1
    outer loop
      vertex 51.1358 30.2934 0
      vertex 53.3327 31.6683 0
      vertex 51.3778 30.1641 0
    endloop
  endfacet
  facet normal -0 0 -1
    outer loop
      vertex 53.3327 31.6683 0
      vertex 51.1358 30.2934 0
      vertex 53.3 32 0
    endloop
  endfacet
  facet normal 0 0 -1
    outer loop
      vertex 50.8731 30.3731 0
      vertex 53.3 32 0
      vertex 51.1358 30.2934 0
    endloop
  endfacet
  facet normal -0 0 -1
    outer loop
      vertex 53.3 32 0
      vertex 50.8731 30.3731 0
      vertex 53.3327 32.3317 0
    endloop
  endfacet
  facet normal 0 0 -1
    outer loop
      vertex 50.6 30.4 0
      vertex 53.3327 32.3317 0
      vertex 50.8731 30.3731 0
    endloop
  endfacet
  facet normal -0 0 -1
    outer loop
      vertex 53.3327 32.3317 0
      vertex 50.6 30.4 0
      vertex 53.4294 32.6506 0
    endloop
  endfacet
  facet normal 0 0 -1
    outer loop
      vertex 53.5865 32.9445 0
      vertex 50.6 30.4 0
      vertex 45.4 30.4 0
    endloop
  endfacet
  facet normal -0 0 -1
    outer loop
      vertex 53.7979 33.2021 0
      vertex 45.4 30.4 0
      vertex 56 38 0
    endloop
  endfacet
  facet normal 0 0 -1
    outer loop
      vertex 45.1269 30.3731 0
      vertex 56 38 0
      vertex 45.4 30.4 0
    endloop
  endfacet
  facet normal 0 0 -1
    outer loop
      vertex 34.8731 30.3731 0
      vertex 45.1269 30.3731 0
      vertex 44.8642 30.2934 0
    endloop
  endfacet
  facet normal 0 0 -1
    outer loop
      vertex 35.1358 30.2934 0
      vertex 44.8642 30.2934 0
      vertex 44.6222 30.1641 0
    endloop
  endfacet
  facet normal 0 0 -1
    outer loop
      vertex 36 29 0
      vertex 44.0269 29.2731 0
      vertex 44 29 0
    endloop
  endfacet
  facet normal 0 0 -1
    outer loop
      vertex 35.9731 29.2731 0
      vertex 44.0269 29.2731 0
      vertex 36 29 0
    endloop
  endfacet
  facet normal 0 0 -1
    outer loop
      vertex 44.0269 29.2731 0
      vertex 35.9731 29.2731 0
      vertex 44.1066 29.5358 0
    endloop
  endfacet
  facet normal 0 0 -1
    outer loop
      vertex 35.8934 29.5358 0
      vertex 44.1066 29.5358 0
      vertex 35.9731 29.2731 0
    endloop
  endfacet
  facet normal 0 0 -1
    outer loop
      vertex 44.1066 29.5358 0
      vertex 35.8934 29.5358 0
      vertex 44.2359 29.7778 0
    endloop
  endfacet
  facet normal 0 0 -1
    outer loop
      vertex 35.7641 29.7778 0
      vertex 44.2359 29.7778 0
      vertex 35.8934 29.5358 0
    endloop
  endfacet
  facet normal 0 0 -1
    outer loop
      vertex 44.2359 29.7778 0
      vertex 35.7641 29.7778 0
      vertex 44.41 29.9899 0
    endloop
  endfacet
  facet normal 0 0 -1
    outer loop
      vertex 35.59 29.9899 0
      vertex 44.41 29.9899 0
      vertex 35.7641 29.7778 0
    endloop
  endfacet
  facet normal 0 0 -1
    outer loop
      vertex 44.41 29.9899 0
      vertex 35.59 29.9899 0
      vertex 44.6222 30.1641 0
    endloop
  endfacet
  facet normal 0 0 -1
    outer loop
      vertex 35.3778 30.1641 0
      vertex 44.6222 30.1641 0
      vertex 35.59 29.9899 0
    endloop
  endfacet
  facet normal 0 0 -1
    outer loop
      vertex 35.1358 30.2934 0
      vertex 44.6222 30.1641 0
      vertex 35.3778 30.1641 0
    endloop
  endfacet
  facet normal 0 0 -1
    outer loop
      vertex 44.8642 30.2934 0
      vertex 35.1358 30.2934 0
      vertex 34.8731 30.3731 0
    endloop
  endfacet
  facet normal 0 0 -1
    outer loop
      vertex 45.1269 30.3731 0
      vertex 34.8731 30.3731 0
      vertex 56 38 0
    endloop
  endfacet
  facet normal 0 0 -1
    outer loop
      vertex 34.6 30.4 0
      vertex 56 38 0
      vertex 34.8731 30.3731 0
    endloop
  endfacet
  facet normal 0 0 -1
    outer loop
      vertex 29.4 30.4 0
      vertex 56 38 0
      vertex 34.6 30.4 0
    endloop
  endfacet
  facet normal 0 0 -1
    outer loop
      vertex 29.1269 30.3731 0
      vertex 56 38 0
      vertex 29.4 30.4 0
    endloop
  endfacet
  facet normal -0 0 -1
    outer loop
      vertex 29.4 27.6 0
      vertex 25.6314 13.5244 0
      vertex 29.1269 27.6269 0
    endloop
  endfacet
  facet normal 0 0 -1
    outer loop
      vertex 35.1358 27.7066 0
      vertex 26.6183 12.3219 0
      vertex 34.8731 27.6269 0
    endloop
  endfacet
  facet normal 0 0 -1
    outer loop
      vertex 25.3219 13.6183 0
      vertex 29.1269 27.6269 0
      vertex 25.6314 13.5244 0
    endloop
  endfacet
  facet normal -0 0 -1
    outer loop
      vertex 29.1269 27.6269 0
      vertex 25.3219 13.6183 0
      vertex 28.8642 27.7066 0
    endloop
  endfacet
  facet normal 0 0 -1
    outer loop
      vertex 25 13.65 0
      vertex 28.8642 27.7066 0
      vertex 25.3219 13.6183 0
    endloop
  endfacet
  facet normal -0 0 -1
    outer loop
      vertex 28.8642 27.7066 0
      vertex 25 13.65 0
      vertex 28.6222 27.8359 0
    endloop
  endfacet
  facet normal 0 0 -1
    outer loop
      vertex 24.6781 13.6183 0
      vertex 28.6222 27.8359 0
      vertex 25 13.65 0
    endloop
  endfacet
  facet normal -0 0 -1
    outer loop
      vertex 28.6222 27.8359 0
      vertex 24.6781 13.6183 0
      vertex 28.41 28.01 0
    endloop
  endfacet
  facet normal 0 0 -1
    outer loop
      vertex 24.3686 13.5244 0
      vertex 28.41 28.01 0
      vertex 24.6781 13.6183 0
    endloop
  endfacet
  facet normal -0 0 -1
    outer loop
      vertex 28.41 28.01 0
      vertex 24.3686 13.5244 0
      vertex 28.2359 28.2222 0
    endloop
  endfacet
  facet normal 0 0 -1
    outer loop
      vertex 18.3576 12.9343 0
      vertex 28.2359 28.2222 0
      vertex 24.3686 13.5244 0
    endloop
  endfacet
  facet normal 0 0 -1
    outer loop
      vertex 15.7313 13.731 0
      vertex 28.2359 28.2222 0
      vertex 18.3576 12.9343 0
    endloop
  endfacet
  facet normal -0 0 -1
    outer loop
      vertex 28.2359 28.2222 0
      vertex 15.7313 13.731 0
      vertex 28.1066 28.4642 0
    endloop
  endfacet
  facet normal -0 0 -1
    outer loop
      vertex 28.1066 28.4642 0
      vertex 15.7313 13.731 0
      vertex 28.0269 28.7269 0
    endloop
  endfacet
  facet normal 0 0 -1
    outer loop
      vertex 18.3576 12.9343 0
      vertex 24.3686 13.5244 0
      vertex 24.0833 13.3719 0
    endloop
  endfacet
  facet normal 0 0 -1
    outer loop
      vertex 18.3576 12.9343 0
      vertex 24.0833 13.3719 0
      vertex 23.8333 13.1667 0
    endloop
  endfacet
  facet normal 0 0 -1
    outer loop
      vertex 20.1 12.003 0
      vertex 23.8333 13.1667 0
      vertex 23.6281 12.9167 0
    endloop
  endfacet
  facet normal 0 0 -1
    outer loop
      vertex 20.1 12.003 0
      vertex 23.6281 12.9167 0
      vertex 23.4756 12.6314 0
    endloop
  endfacet
  facet normal 0 0 -1
    outer loop
      vertex 20.1 12.003 0
      vertex 23.4756 12.6314 0
      vertex 23.3817 12.3219 0
    endloop
  endfacet
  facet normal -0 0 -1
    outer loop
      vertex 23.3817 11.6781 0
      vertex 21.9 10.7198 0
      vertex 23.35 12 0
    endloop
  endfacet
  facet normal -0 0 -1
    outer loop
      vertex 23.35 12 0
      vertex 21.9 10.7198 0
      vertex 23.3817 12.3219 0
    endloop
  endfacet
  facet normal 0 0 -1
    outer loop
      vertex 20.1 12.003 0
      vertex 23.3817 12.3219 0
      vertex 21.9 10.7198 0
    endloop
  endfacet
  facet normal 0 0 -1
    outer loop
      vertex 23.8333 13.1667 0
      vertex 20.1 12.003 0
      vertex 18.3576 12.9343 0
    endloop
  endfacet
  facet normal -0 0 -1
    outer loop
      vertex 21.9 -7.1 0
      vertex 20.1 -8.9 0
      vertex 20.1 -7.1 0
    endloop
  endfacet
  facet normal 0 0 -1
    outer loop
      vertex 21.9 -0.9 0
      vertex 20.1 -0.9 0
      vertex 21.9 0.9 0
    endloop
  endfacet
  facet normal 0 0 -1
    outer loop
      vertex 20.1 7.1 0
      vertex 21.9 7.1 0
      vertex 20.1 0.9 0
    endloop
  endfacet
  facet normal 0 0 -1
    outer loop
      vertex 21.9 7.1 0
      vertex 20.1 7.1 0
      vertex 21.9 8.9 0
    endloop
  endfacet
  facet normal 0 0 -1
    outer loop
      vertex 20.1 8.9 0
      vertex 21.9 8.9 0
      vertex 20.1 7.1 0
    endloop
  endfacet
  facet normal 0 0 -1
    outer loop
      vertex 21.9 8.9 0
      vertex 20.1 8.9 0
      vertex 21.9 10.7198 0
    endloop
  endfacet
  facet normal 0 0 -1
    outer loop
      vertex 20.1 12.003 0
      vertex 21.9 10.7198 0
      vertex 20.1 8.9 0
    endloop
  endfacet
  facet normal 0 0 -1
    outer loop
      vertex 13.9 13.9114 0
      vertex 28.0269 28.7269 0
      vertex 15.7313 13.731 0
    endloop
  endfacet
  facet normal -0 0 -1
    outer loop
      vertex 28.0269 28.7269 0
      vertex 13.9 13.9114 0
      vertex 28 29 0
    endloop
  endfacet
  facet normal 0 0 -1
    outer loop
      vertex 12.1 13.9114 0
      vertex 28 29 0
      vertex 13.9 13.9114 0
    endloop
  endfacet
  facet normal -0 0 -1
    outer loop
      vertex 28 29 0
      vertex 12.1 13.9114 0
      vertex 28.0269 29.2731 0
    endloop
  endfacet
  facet normal 0 0 -1
    outer loop
      vertex 10.2687 13.731 0
      vertex 28.0269 29.2731 0
      vertex 12.1 13.9114 0
    endloop
  endfacet
  facet normal -0 0 -1
    outer loop
      vertex 28.0269 29.2731 0
      vertex 10.2687 13.731 0
      vertex 28.1066 29.5358 0
    endloop
  endfacet
  facet normal -0 0 -1
    outer loop
      vertex 13.9 -7.1 0
      vertex 12.1 -8.9 0
      vertex 12.1 -7.1 0
    endloop
  endfacet
  facet normal 0 0 -1
    outer loop
      vertex 13.9 -0.9 0
      vertex 12.1 -0.9 0
      vertex 13.9 0.9 0
    endloop
  endfacet
  facet normal 0 0 -1
    outer loop
      vertex 12.1 7.1 0
      vertex 13.9 7.1 0
      vertex 12.1 0.9 0
    endloop
  endfacet
  facet normal 0 0 -1
    outer loop
      vertex 13.9 7.1 0
      vertex 12.1 7.1 0
      vertex 13.9 8.9 0
    endloop
  endfacet
  facet normal 0 0 -1
    outer loop
      vertex 12.1 8.9 0
      vertex 13.9 8.9 0
      vertex 12.1 7.1 0
    endloop
  endfacet
  facet normal 0 0 -1
    outer loop
      vertex 13.9 8.9 0
      vertex 12.1 8.9 0
      vertex 13.9 13.9114 0
    endloop
  endfacet
  facet normal 0 0 -1
    outer loop
      vertex 12.1 13.9114 0
      vertex 13.9 13.9114 0
      vertex 12.1 8.9 0
    endloop
  endfacet
  facet normal 0 0 -1
    outer loop
      vertex 1.3219 13.6183 0
      vertex 28.1066 29.5358 0
      vertex 10.2687 13.731 0
    endloop
  endfacet
  facet normal 0 0 -1
    outer loop
      vertex 1 13.65 0
      vertex 28.1066 29.5358 0
      vertex 1.3219 13.6183 0
    endloop
  endfacet
  facet normal 0 0 -1
    outer loop
      vertex 1.63143 13.5244 0
      vertex 10.2687 13.731 0
      vertex 7.64243 12.9343 0
    endloop
  endfacet
  facet normal 0 0 -1
    outer loop
      vertex 2.16673 13.1667 0
      vertex 7.64243 12.9343 0
      vertex 5.9 12.003 0
    endloop
  endfacet
  facet normal 0 0 -1
    outer loop
      vertex 10.2687 13.731 0
      vertex 1.63143 13.5244 0
      vertex 1.3219 13.6183 0
    endloop
  endfacet
  facet normal -0 0 -1
    outer loop
      vertex 5.9 -7.1 0
      vertex 4.1 -8.9 0
      vertex 4.1 -7.1 0
    endloop
  endfacet
  facet normal 0 0 -1
    outer loop
      vertex 5.9 -0.9 0
      vertex 4.1 -0.9 0
      vertex 5.9 0.9 0
    endloop
  endfacet
  facet normal 0 0 -1
    outer loop
      vertex 4.1 7.1 0
      vertex 5.9 7.1 0
      vertex 4.1 0.9 0
    endloop
  endfacet
  facet normal 0 0 -1
    outer loop
      vertex 5.9 7.1 0
      vertex 4.1 7.1 0
      vertex 5.9 8.9 0
    endloop
  endfacet
  facet normal 0 0 -1
    outer loop
      vertex 4.1 8.9 0
      vertex 5.9 8.9 0
      vertex 4.1 7.1 0
    endloop
  endfacet
  facet normal 0 0 -1
    outer loop
      vertex 4.1 10.7198 0
      vertex 5.9 8.9 0
      vertex 4.1 8.9 0
    endloop
  endfacet
  facet normal 0 0 -1
    outer loop
      vertex 5.9 8.9 0
      vertex 4.1 10.7198 0
      vertex 5.9 12.003 0
    endloop
  endfacet
  facet normal 0 0 -1
    outer loop
      vertex 2.6183 12.3219 0
      vertex 5.9 12.003 0
      vertex 4.1 10.7198 0
    endloop
  endfacet
  facet normal 0 0 -1
    outer loop
      vertex 2.37192 11.0833 0
      vertex 4.1 10.7198 0
      vertex 3.1005 9.89949 0
    endloop
  endfacet
  facet normal 0 0 -1
    outer loop
      vertex 2.6183 12.3219 0
      vertex 4.1 10.7198 0
      vertex 2.65 12 0
    endloop
  endfacet
  facet normal 0 0 -1
    outer loop
      vertex 5.9 12.003 0
      vertex 2.6183 12.3219 0
      vertex 2.5244 12.6314 0
    endloop
  endfacet
  facet normal 0 0 -1
    outer loop
      vertex 5.9 12.003 0
      vertex 2.5244 12.6314 0
      vertex 2.37192 12.9167 0
    endloop
  endfacet
  facet normal 0 0 -1
    outer loop
      vertex 2.16673 13.1667 0
      vertex 5.9 12.003 0
      vertex 2.37192 12.9167 0
    endloop
  endfacet
  facet normal 0 0 -1
    outer loop
      vertex 7.64243 12.9343 0
      vertex 2.16673 13.1667 0
      vertex 1.91669 13.3719 0
    endloop
  endfacet
  facet normal 0 0 -1
    outer loop
      vertex 7.64243 12.9343 0
      vertex 1.91669 13.3719 0
      vertex 1.63143 13.5244 0
    endloop
  endfacet
  facet normal -0 0 -1
    outer loop
      vertex 28.1066 29.5358 0
      vertex 1 13.65 0
      vertex 28.2359 29.7778 0
    endloop
  endfacet
  facet normal 0 0 -1
    outer loop
      vertex 0.678101 13.6183 0
      vertex 28.2359 29.7778 0
      vertex 1 13.65 0
    endloop
  endfacet
  facet normal -0 0 -1
    outer loop
      vertex 28.2359 29.7778 0
      vertex 0.678101 13.6183 0
      vertex 28.41 29.9899 0
    endloop
  endfacet
  facet normal 0 0 -1
    outer loop
      vertex -42.6159 26.3841 0
      vertex 28.41 29.9899 0
      vertex 0.678101 13.6183 0
    endloop
  endfacet
  facet normal 0 0 -1
    outer loop
      vertex -42.6159 26.3841 0
      vertex 0.678101 13.6183 0
      vertex 0.368572 13.5244 0
    endloop
  endfacet
  facet normal 0 0 -1
    outer loop
      vertex -41.8449 25.4445 0
      vertex 0.368572 13.5244 0
      vertex 0.0833082 13.3719 0
    endloop
  endfacet
  facet normal 0 0 -1
    outer loop
      vertex -40.9191 1.20956 0
      vertex -0.911358 0.9 0
      vertex -40.8 0 0
    endloop
  endfacet
  facet normal 0 0 -1
    outer loop
      vertex -0.911358 -0.9 0
      vertex -40.8 0 0
      vertex -0.911358 0.9 0
    endloop
  endfacet
  facet normal -0 0 -1
    outer loop
      vertex -0.730993 2.73126 0
      vertex -40.9191 1.20956 0
      vertex -0.618296 11.6781 0
    endloop
  endfacet
  facet normal 0 0 -1
    outer loop
      vertex -41.2719 2.37264 0
      vertex -0.618296 11.6781 0
      vertex -40.9191 1.20956 0
    endloop
  endfacet
  facet normal 0 0 -1
    outer loop
      vertex -0.65 12 0
      vertex -40.8 22 0
      vertex -0.618296 12.3219 0
    endloop
  endfacet
  facet normal 0 0 -1
    outer loop
      vertex -0.618296 12.3219 0
      vertex -40.8 22 0
      vertex -0.524401 12.6314 0
    endloop
  endfacet
  facet normal 0 0 -1
    outer loop
      vertex -0.524401 12.6314 0
      vertex -40.8 22 0
      vertex -0.371924 12.9167 0
    endloop
  endfacet
  facet normal 0 0 -1
    outer loop
      vertex -40.9191 23.2096 0
      vertex -0.371924 12.9167 0
      vertex -40.8 22 0
    endloop
  endfacet
  facet normal 0 0 -1
    outer loop
      vertex -0.371924 12.9167 0
      vertex -40.9191 23.2096 0
      vertex -0.166726 13.1667 0
    endloop
  endfacet
  facet normal 0 0 -1
    outer loop
      vertex -41.2719 24.3726 0
      vertex -0.166726 13.1667 0
      vertex -40.9191 23.2096 0
    endloop
  endfacet
  facet normal 0 0 -1
    outer loop
      vertex -0.166726 13.1667 0
      vertex -41.2719 24.3726 0
      vertex 0.0833082 13.3719 0
    endloop
  endfacet
  facet normal 0 0 -1
    outer loop
      vertex -41.8449 25.4445 0
      vertex 0.0833082 13.3719 0
      vertex -41.2719 24.3726 0
    endloop
  endfacet
  facet normal 0 0 -1
    outer loop
      vertex 0.368572 13.5244 0
      vertex -41.8449 25.4445 0
      vertex -42.6159 26.3841 0
    endloop
  endfacet
  facet normal 0 0 -1
    outer loop
      vertex -43.5555 27.1551 0
      vertex 28.41 29.9899 0
      vertex -42.6159 26.3841 0
    endloop
  endfacet
  facet normal -0 0 -1
    outer loop
      vertex 28.41 29.9899 0
      vertex -43.5555 27.1551 0
      vertex 28.6222 30.1641 0
    endloop
  endfacet
  facet normal 0 0 -1
    outer loop
      vertex -56 38 0
      vertex 28.6222 30.1641 0
      vertex -43.5555 27.1551 0
    endloop
  endfacet
  facet normal 0 0 -1
    outer loop
      vertex 28.6222 30.1641 0
      vertex -56 38 0
      vertex 28.8642 30.2934 0
    endloop
  endfacet
  facet normal 0 0 -1
    outer loop
      vertex 28.8642 30.2934 0
      vertex -56 38 0
      vertex 29.1269 30.3731 0
    endloop
  endfacet
  facet normal 0 0 -1
    outer loop
      vertex -56 38 0
      vertex -43.5555 27.1551 0
      vertex -44.6274 27.7281 0
    endloop
  endfacet
  facet normal 0 0 -1
    outer loop
      vertex -56 38 0
      vertex -44.6274 27.7281 0
      vertex -45.7904 28.0809 0
    endloop
  endfacet
  facet normal 0 0 -1
    outer loop
      vertex -53.5865 32.9445 0
      vertex -45.7904 28.0809 0
      vertex -47 28.2 0
    endloop
  endfacet
  facet normal 0 0 -1
    outer loop
      vertex -54.6683 -30.3327 0
      vertex -51.3841 -26.3841 0
      vertex -54.3494 -30.4294 0
    endloop
  endfacet
  facet normal 0 0 -1
    outer loop
      vertex -53.3 32 0
      vertex -53.0809 23.2096 0
      vertex -53.2 22 0
    endloop
  endfacet
  facet normal 0 0 -1
    outer loop
      vertex -53.3 32 0
      vertex -52.7281 24.3726 0
      vertex -53.0809 23.2096 0
    endloop
  endfacet
  facet normal 0 0 -1
    outer loop
      vertex -53.3 32 0
      vertex -52.1551 25.4445 0
      vertex -52.7281 24.3726 0
    endloop
  endfacet
  facet normal 0 0 -1
    outer loop
      vertex -53.3 32 0
      vertex -51.3841 26.3841 0
      vertex -52.1551 25.4445 0
    endloop
  endfacet
  facet normal 0 0 -1
    outer loop
      vertex -53.3 32 0
      vertex -50.4445 27.1551 0
      vertex -51.3841 26.3841 0
    endloop
  endfacet
  facet normal 0 0 -1
    outer loop
      vertex -53.3 32 0
      vertex -49.3726 27.7281 0
      vertex -50.4445 27.1551 0
    endloop
  endfacet
  facet normal 0 0 -1
    outer loop
      vertex -53.3 32 0
      vertex -48.2096 28.0809 0
      vertex -49.3726 27.7281 0
    endloop
  endfacet
  facet normal 0 0 -1
    outer loop
      vertex -53.3327 32.3317 0
      vertex -48.2096 28.0809 0
      vertex -53.3 32 0
    endloop
  endfacet
  facet normal 0 0 -1
    outer loop
      vertex -48.2096 28.0809 0
      vertex -53.3327 32.3317 0
      vertex -47 28.2 0
    endloop
  endfacet
  facet normal 0 0 -1
    outer loop
      vertex -53.4294 32.6506 0
      vertex -47 28.2 0
      vertex -53.3327 32.3317 0
    endloop
  endfacet
  facet normal 0 0 -1
    outer loop
      vertex -53.5865 32.9445 0
      vertex -47 28.2 0
      vertex -53.4294 32.6506 0
    endloop
  endfacet
  facet normal 0 0 -1
    outer loop
      vertex -45.7904 28.0809 0
      vertex -53.5865 32.9445 0
      vertex -56 38 0
    endloop
  endfacet
  facet normal 0 0 -1
    outer loop
      vertex -56 38 0
      vertex -53.5865 32.9445 0
      vertex -53.7979 33.2021 0
    endloop
  endfacet
  facet normal 0 0 -1
    outer loop
      vertex -56 38 0
      vertex -53.7979 33.2021 0
      vertex -54.0555 33.4135 0
    endloop
  endfacet
  facet normal 0 0 -1
    outer loop
      vertex -56 38 0
      vertex -54.0555 33.4135 0
      vertex -54.3494 33.5706 0
    endloop
  endfacet
  facet normal 0 0 -1
    outer loop
      vertex -56 38 0
      vertex -54.3494 33.5706 0
      vertex -54.6683 33.6673 0
    endloop
  endfacet
  facet normal 0 0 -1
    outer loop
      vertex -56 38 0
      vertex -54.6683 33.6673 0
      vertex -55 33.7 0
    endloop
  endfacet
  facet normal 0 0 -1
    outer loop
      vertex 29.1269 30.3731 0
      vertex -56 38 0
      vertex 56 38 0
    endloop
  endfacet
  facet normal 0 0 -1
    outer loop
      vertex -55.3317 33.6673 0
      vertex -56 38 0
      vertex -55 33.7 0
    endloop
  endfacet
  facet normal 0 0 -1
    outer loop
      vertex -55.6506 33.5706 0
      vertex -56 38 0
      vertex -55.3317 33.6673 0
    endloop
  endfacet
  facet normal 0 0 -1
    outer loop
      vertex -57.9134 37.6194 0
      vertex -55.6506 33.5706 0
      vertex -55.9445 33.4135 0
    endloop
  endfacet
  facet normal 0 0 -1
    outer loop
      vertex -58.7778 37.1573 0
      vertex -55.9445 33.4135 0
      vertex -56.2021 33.2021 0
    endloop
  endfacet
  facet normal 0 0 -1
    outer loop
      vertex -60.1573 35.7778 0
      vertex -56.2021 33.2021 0
      vertex -56.4135 32.9445 0
    endloop
  endfacet
  facet normal 0 0 -1
    outer loop
      vertex -60.6194 34.9134 0
      vertex -56.4135 32.9445 0
      vertex -56.5706 32.6506 0
    endloop
  endfacet
  facet normal 0 0 -1
    outer loop
      vertex -61 33 0
      vertex -56.5706 32.6506 0
      vertex -56.6673 32.3317 0
    endloop
  endfacet
  facet normal 0 0 -1
    outer loop
      vertex -55.6506 33.5706 0
      vertex -56.9754 37.9039 0
      vertex -56 38 0
    endloop
  endfacet
  facet normal 0 0 -1
    outer loop
      vertex -61 33 0
      vertex -56.6673 32.3317 0
      vertex -56.7 32 0
    endloop
  endfacet
  facet normal 0 0 -1
    outer loop
      vertex -56.5706 31.3494 0
      vertex -61 33 0
      vertex -56.6673 31.6683 0
    endloop
  endfacet
  facet normal 0 0 -1
    outer loop
      vertex -60.6194 -34.9134 0
      vertex -56.4135 -32.9445 0
      vertex -60.1573 -35.7778 0
    endloop
  endfacet
  facet normal 0 0 -1
    outer loop
      vertex -56.6673 31.6683 0
      vertex -61 33 0
      vertex -56.7 32 0
    endloop
  endfacet
  facet normal -0 0 -1
    outer loop
      vertex -56.4135 -32.9445 0
      vertex -60.6194 -34.9134 0
      vertex -56.5706 -32.6506 0
    endloop
  endfacet
  facet normal 0 0 -1
    outer loop
      vertex -56.5706 32.6506 0
      vertex -61 33 0
      vertex -60.9039 33.9754 0
    endloop
  endfacet
  facet normal 0 0 -1
    outer loop
      vertex -60.9039 -33.9754 0
      vertex -56.5706 -32.6506 0
      vertex -60.6194 -34.9134 0
    endloop
  endfacet
  facet normal 0 0 -1
    outer loop
      vertex -55.6506 33.5706 0
      vertex -57.9134 37.6194 0
      vertex -56.9754 37.9039 0
    endloop
  endfacet
  facet normal 0 0 -1
    outer loop
      vertex -61 -33 0
      vertex -56.5706 -32.6506 0
      vertex -60.9039 -33.9754 0
    endloop
  endfacet
  facet normal 0 0 -1
    outer loop
      vertex -55.9445 33.4135 0
      vertex -58.7778 37.1573 0
      vertex -57.9134 37.6194 0
    endloop
  endfacet
  facet normal -0 0 -1
    outer loop
      vertex -56.5706 -32.6506 0
      vertex -61 -33 0
      vertex -56.6673 -32.3317 0
    endloop
  endfacet
  facet normal 0 0 -1
    outer loop
      vertex -56.2021 33.2021 0
      vertex -59.5355 36.5355 0
      vertex -58.7778 37.1573 0
    endloop
  endfacet
  facet normal -0 0 -1
    outer loop
      vertex -56.6673 -32.3317 0
      vertex -61 -33 0
      vertex -56.7 -32 0
    endloop
  endfacet
  facet normal 0 0 -1
    outer loop
      vertex -56.2021 33.2021 0
      vertex -60.1573 35.7778 0
      vertex -59.5355 36.5355 0
    endloop
  endfacet
  facet normal 0 0 -1
    outer loop
      vertex -56.4135 32.9445 0
      vertex -60.6194 34.9134 0
      vertex -60.1573 35.7778 0
    endloop
  endfacet
  facet normal 0 0 -1
    outer loop
      vertex -56.5706 32.6506 0
      vertex -60.9039 33.9754 0
      vertex -60.6194 34.9134 0
    endloop
  endfacet
  facet normal 0 0 -1
    outer loop
      vertex 54.6683 -30.3327 0
      vertex 26.6183 -11.6781 0
      vertex 26.731 -2.73126 0
    endloop
  endfacet
  facet normal 0 0 -1
    outer loop
      vertex 26.5244 -11.3686 0
      vertex 26.731 -2.73126 0
      vertex 26.6183 -11.6781 0
    endloop
  endfacet
  facet normal 0 0 -1
    outer loop
      vertex 25.9343 -5.35757 0
      vertex 26.5244 -11.3686 0
      vertex 26.3719 -11.0833 0
    endloop
  endfacet
  facet normal 0 0 -1
    outer loop
      vertex 25.9343 -5.35757 0
      vertex 26.3719 -11.0833 0
      vertex 26.1667 -10.8333 0
    endloop
  endfacet
  facet normal 0 0 -1
    outer loop
      vertex 26.5244 -11.3686 0
      vertex 25.9343 -5.35757 0
      vertex 26.731 -2.73126 0
    endloop
  endfacet
  facet normal 0 0 -1
    outer loop
      vertex 25.003 -7.1 0
      vertex 26.1667 -10.8333 0
      vertex 25.9167 -10.6281 0
    endloop
  endfacet
  facet normal 0 0 -1
    outer loop
      vertex 25.003 -7.1 0
      vertex 25.9167 -10.6281 0
      vertex 25.6314 -10.4756 0
    endloop
  endfacet
  facet normal 0 0 -1
    outer loop
      vertex 25.003 -7.1 0
      vertex 25.6314 -10.4756 0
      vertex 25.3219 -10.3817 0
    endloop
  endfacet
  facet normal 0 0 -1
    outer loop
      vertex 26.1667 -10.8333 0
      vertex 25.003 -7.1 0
      vertex 25.9343 -5.35757 0
    endloop
  endfacet
  facet normal 0 0 -1
    outer loop
      vertex 23.7198 -8.9 0
      vertex 25.3219 -10.3817 0
      vertex 25 -10.35 0
    endloop
  endfacet
  facet normal 0 0 -1
    outer loop
      vertex 23.7198 -8.9 0
      vertex 25 -10.35 0
      vertex 24.6781 -10.3817 0
    endloop
  endfacet
  facet normal 0 0 -1
    outer loop
      vertex 23.7198 -8.9 0
      vertex 24.6781 -10.3817 0
      vertex 24.3686 -10.4756 0
    endloop
  endfacet
  facet normal 0 0 -1
    outer loop
      vertex 23.7198 -8.9 0
      vertex 24.3686 -10.4756 0
      vertex 24.0833 -10.6281 0
    endloop
  endfacet
  facet normal 0 0 -1
    outer loop
      vertex 23.7198 -8.9 0
      vertex 24.0833 -10.6281 0
      vertex 23.8333 -10.8333 0
    endloop
  endfacet
  facet normal 0 0 -1
    outer loop
      vertex 25.3219 -10.3817 0
      vertex 23.7198 -8.9 0
      vertex 25.003 -7.1 0
    endloop
  endfacet
  facet normal 0 0 -1
    outer loop
      vertex 21.9 -7.1 0
      vertex 23.7198 -8.9 0
      vertex 21.9 -8.9 0
    endloop
  endfacet
  facet normal 0 0 -1
    outer loop
      vertex 23.7198 -8.9 0
      vertex 21.9 -7.1 0
      vertex 25.003 -7.1 0
    endloop
  endfacet
  facet normal -0 0 -1
    outer loop
      vertex 24.0833 10.6281 0
      vertex 22.8995 9.89949 0
      vertex 23.8333 10.8333 0
    endloop
  endfacet
  facet normal -0 0 -1
    outer loop
      vertex 23.8333 10.8333 0
      vertex 22.8995 9.89949 0
      vertex 23.6281 11.0833 0
    endloop
  endfacet
  facet normal 0 0 -1
    outer loop
      vertex 21.9 10.7198 0
      vertex 23.6281 11.0833 0
      vertex 22.8995 9.89949 0
    endloop
  endfacet
  facet normal -0 0 -1
    outer loop
      vertex 23.4756 11.3686 0
      vertex 21.9 10.7198 0
      vertex 23.3817 11.6781 0
    endloop
  endfacet
  facet normal -0 0 -1
    outer loop
      vertex 23.6281 11.0833 0
      vertex 21.9 10.7198 0
      vertex 23.4756 11.3686 0
    endloop
  endfacet
  facet normal 0 0 1
    outer loop
      vertex -40.8 22 3
      vertex -39.5 22 3
      vertex -39.6441 23.4632 3
    endloop
  endfacet
  facet normal 0 0 1
    outer loop
      vertex -40.9191 23.2096 3
      vertex -39.6441 23.4632 3
      vertex -40.0709 24.8701 3
    endloop
  endfacet
  facet normal 0 0 1
    outer loop
      vertex -39.5 22 3
      vertex -40.8 22 3
      vertex -39.6441 20.5368 3
    endloop
  endfacet
  facet normal 0 0 1
    outer loop
      vertex -41.2719 24.3726 3
      vertex -40.0709 24.8701 3
      vertex -40.764 26.1668 3
    endloop
  endfacet
  facet normal -0 0 1
    outer loop
      vertex -40.9191 20.7904 3
      vertex -39.6441 20.5368 3
      vertex -40.8 22 3
    endloop
  endfacet
  facet normal 0 0 1
    outer loop
      vertex -39.6441 20.5368 3
      vertex -40.9191 20.7904 3
      vertex -40.0709 19.1299 3
    endloop
  endfacet
  facet normal 0 0 1
    outer loop
      vertex -39.6441 23.4632 3
      vertex -40.9191 23.2096 3
      vertex -40.8 22 3
    endloop
  endfacet
  facet normal 0 0 1
    outer loop
      vertex -40.0709 24.8701 3
      vertex -41.2719 24.3726 3
      vertex -40.9191 23.2096 3
    endloop
  endfacet
  facet normal 0 0 1
    outer loop
      vertex -41.8449 25.4445 3
      vertex -40.764 26.1668 3
      vertex -41.6967 27.3033 3
    endloop
  endfacet
  facet normal 0 0 1
    outer loop
      vertex -40.764 26.1668 3
      vertex -41.8449 25.4445 3
      vertex -41.2719 24.3726 3
    endloop
  endfacet
  facet normal 0 0 1
    outer loop
      vertex -41.6967 27.3033 3
      vertex -42.6159 26.3841 3
      vertex -41.8449 25.4445 3
    endloop
  endfacet
  facet normal 0 0 1
    outer loop
      vertex -42.8332 28.236 3
      vertex -42.6159 26.3841 3
      vertex -41.6967 27.3033 3
    endloop
  endfacet
  facet normal 0 0 1
    outer loop
      vertex -42.8332 28.236 3
      vertex -43.5555 27.1551 3
      vertex -42.6159 26.3841 3
    endloop
  endfacet
  facet normal 0 0 1
    outer loop
      vertex -44.1299 28.9291 3
      vertex -43.5555 27.1551 3
      vertex -42.8332 28.236 3
    endloop
  endfacet
  facet normal 0 0 1
    outer loop
      vertex -44.1299 28.9291 3
      vertex -44.6274 27.7281 3
      vertex -43.5555 27.1551 3
    endloop
  endfacet
  facet normal 0 0 1
    outer loop
      vertex -45.5368 29.3559 3
      vertex -44.6274 27.7281 3
      vertex -44.1299 28.9291 3
    endloop
  endfacet
  facet normal 0 0 1
    outer loop
      vertex -45.5368 29.3559 3
      vertex -45.7904 28.0809 3
      vertex -44.6274 27.7281 3
    endloop
  endfacet
  facet normal 0 0 1
    outer loop
      vertex -47 29.5 3
      vertex -45.7904 28.0809 3
      vertex -45.5368 29.3559 3
    endloop
  endfacet
  facet normal 0 0 1
    outer loop
      vertex -47 29.5 3
      vertex -47 28.2 3
      vertex -45.7904 28.0809 3
    endloop
  endfacet
  facet normal 0 0 1
    outer loop
      vertex -47 29.5 3
      vertex -48.2096 28.0809 3
      vertex -47 28.2 3
    endloop
  endfacet
  facet normal -0 0 1
    outer loop
      vertex -48.4632 29.3559 3
      vertex -48.2096 28.0809 3
      vertex -47 29.5 3
    endloop
  endfacet
  facet normal 0 0 1
    outer loop
      vertex -48.4632 29.3559 3
      vertex -49.3726 27.7281 3
      vertex -48.2096 28.0809 3
    endloop
  endfacet
  facet normal -0 0 1
    outer loop
      vertex -49.8701 28.9291 3
      vertex -49.3726 27.7281 3
      vertex -48.4632 29.3559 3
    endloop
  endfacet
  facet normal 0 0 1
    outer loop
      vertex -49.8701 28.9291 3
      vertex -50.4445 27.1551 3
      vertex -49.3726 27.7281 3
    endloop
  endfacet
  facet normal -0 0 1
    outer loop
      vertex -51.1668 28.236 3
      vertex -50.4445 27.1551 3
      vertex -49.8701 28.9291 3
    endloop
  endfacet
  facet normal 0 0 1
    outer loop
      vertex -51.1668 28.236 3
      vertex -51.3841 26.3841 3
      vertex -50.4445 27.1551 3
    endloop
  endfacet
  facet normal -0 0 1
    outer loop
      vertex -52.3033 27.3033 3
      vertex -51.3841 26.3841 3
      vertex -51.1668 28.236 3
    endloop
  endfacet
  facet normal 0 0 1
    outer loop
      vertex -51.3841 26.3841 3
      vertex -52.3033 27.3033 3
      vertex -52.1551 25.4445 3
    endloop
  endfacet
  facet normal -0 0 1
    outer loop
      vertex -53.236 26.1668 3
      vertex -52.1551 25.4445 3
      vertex -52.3033 27.3033 3
    endloop
  endfacet
  facet normal 0 0 1
    outer loop
      vertex -52.1551 25.4445 3
      vertex -53.236 26.1668 3
      vertex -52.7281 24.3726 3
    endloop
  endfacet
  facet normal 0 0 1
    outer loop
      vertex -52.7281 24.3726 3
      vertex -53.9291 24.8701 3
      vertex -53.0809 23.2096 3
    endloop
  endfacet
  facet normal -0 0 1
    outer loop
      vertex -53.9291 24.8701 3
      vertex -52.7281 24.3726 3
      vertex -53.236 26.1668 3
    endloop
  endfacet
  facet normal -0 0 1
    outer loop
      vertex -41.2719 19.6274 3
      vertex -40.0709 19.1299 3
      vertex -40.9191 20.7904 3
    endloop
  endfacet
  facet normal 0 0 1
    outer loop
      vertex -40.0709 19.1299 3
      vertex -41.2719 19.6274 3
      vertex -40.764 17.8332 3
    endloop
  endfacet
  facet normal -0 0 1
    outer loop
      vertex -41.8449 18.5555 3
      vertex -40.764 17.8332 3
      vertex -41.2719 19.6274 3
    endloop
  endfacet
  facet normal 0 0 1
    outer loop
      vertex -40.764 17.8332 3
      vertex -41.8449 18.5555 3
      vertex -41.6967 16.6967 3
    endloop
  endfacet
  facet normal -0 0 1
    outer loop
      vertex -42.6159 17.6159 3
      vertex -41.6967 16.6967 3
      vertex -41.8449 18.5555 3
    endloop
  endfacet
  facet normal 0 0 1
    outer loop
      vertex -42.6159 17.6159 3
      vertex -42.8332 15.764 3
      vertex -41.6967 16.6967 3
    endloop
  endfacet
  facet normal -0 0 1
    outer loop
      vertex -43.5555 16.8449 3
      vertex -42.8332 15.764 3
      vertex -42.6159 17.6159 3
    endloop
  endfacet
  facet normal 0 0 1
    outer loop
      vertex -43.5555 16.8449 3
      vertex -44.1299 15.0709 3
      vertex -42.8332 15.764 3
    endloop
  endfacet
  facet normal -0 0 1
    outer loop
      vertex -44.6274 16.2719 3
      vertex -44.1299 15.0709 3
      vertex -43.5555 16.8449 3
    endloop
  endfacet
  facet normal 0 0 1
    outer loop
      vertex -44.6274 16.2719 3
      vertex -45.5368 14.6441 3
      vertex -44.1299 15.0709 3
    endloop
  endfacet
  facet normal -0 0 1
    outer loop
      vertex -45.7904 15.9191 3
      vertex -45.5368 14.6441 3
      vertex -44.6274 16.2719 3
    endloop
  endfacet
  facet normal -0 0 1
    outer loop
      vertex -47 15.8 3
      vertex -45.5368 14.6441 3
      vertex -45.7904 15.9191 3
    endloop
  endfacet
  facet normal 0 0 1
    outer loop
      vertex -47 15.8 3
      vertex -47 14.5 3
      vertex -45.5368 14.6441 3
    endloop
  endfacet
  facet normal 0 0 1
    outer loop
      vertex -48.2096 15.9191 3
      vertex -47 14.5 3
      vertex -47 15.8 3
    endloop
  endfacet
  facet normal 0 0 1
    outer loop
      vertex -48.2096 15.9191 3
      vertex -48.4632 14.6441 3
      vertex -47 14.5 3
    endloop
  endfacet
  facet normal 0 0 1
    outer loop
      vertex -49.3726 16.2719 3
      vertex -48.4632 14.6441 3
      vertex -48.2096 15.9191 3
    endloop
  endfacet
  facet normal 0 0 1
    outer loop
      vertex -49.3726 16.2719 3
      vertex -49.8701 15.0709 3
      vertex -48.4632 14.6441 3
    endloop
  endfacet
  facet normal 0 0 1
    outer loop
      vertex -50.4445 16.8449 3
      vertex -49.8701 15.0709 3
      vertex -49.3726 16.2719 3
    endloop
  endfacet
  facet normal 0 0 1
    outer loop
      vertex -50.4445 16.8449 3
      vertex -51.1668 15.764 3
      vertex -49.8701 15.0709 3
    endloop
  endfacet
  facet normal 0 0 1
    outer loop
      vertex -51.3841 17.6159 3
      vertex -51.1668 15.764 3
      vertex -50.4445 16.8449 3
    endloop
  endfacet
  facet normal 0 0 1
    outer loop
      vertex -52.3033 16.6967 3
      vertex -51.3841 17.6159 3
      vertex -52.1551 18.5555 3
    endloop
  endfacet
  facet normal 0 0 1
    outer loop
      vertex -51.3841 17.6159 3
      vertex -52.3033 16.6967 3
      vertex -51.1668 15.764 3
    endloop
  endfacet
  facet normal 0 0 1
    outer loop
      vertex -53.236 17.8332 3
      vertex -52.1551 18.5555 3
      vertex -52.7281 19.6274 3
    endloop
  endfacet
  facet normal 0 0 1
    outer loop
      vertex -53.9291 19.1299 3
      vertex -52.7281 19.6274 3
      vertex -53.0809 20.7904 3
    endloop
  endfacet
  facet normal 0 0 1
    outer loop
      vertex -52.1551 18.5555 3
      vertex -53.236 17.8332 3
      vertex -52.3033 16.6967 3
    endloop
  endfacet
  facet normal 0 0 1
    outer loop
      vertex -54.3559 20.5368 3
      vertex -53.0809 20.7904 3
      vertex -53.2 22 3
    endloop
  endfacet
  facet normal -0 0 1
    outer loop
      vertex -54.3559 23.4632 3
      vertex -53.0809 23.2096 3
      vertex -53.9291 24.8701 3
    endloop
  endfacet
  facet normal 0 0 1
    outer loop
      vertex -53.0809 23.2096 3
      vertex -54.3559 23.4632 3
      vertex -53.2 22 3
    endloop
  endfacet
  facet normal 0 0 1
    outer loop
      vertex -52.7281 19.6274 3
      vertex -53.9291 19.1299 3
      vertex -53.236 17.8332 3
    endloop
  endfacet
  facet normal 0 0 1
    outer loop
      vertex -54.5 22 3
      vertex -53.2 22 3
      vertex -54.3559 23.4632 3
    endloop
  endfacet
  facet normal 0 0 1
    outer loop
      vertex -53.0809 20.7904 3
      vertex -54.3559 20.5368 3
      vertex -53.9291 19.1299 3
    endloop
  endfacet
  facet normal 0 0 1
    outer loop
      vertex -53.2 22 3
      vertex -54.5 22 3
      vertex -54.3559 20.5368 3
    endloop
  endfacet
  facet normal 0 0 1
    outer loop
      vertex -40.8 -22 3
      vertex -39.5 -22 3
      vertex -39.6441 -20.5368 3
    endloop
  endfacet
  facet normal 0 0 1
    outer loop
      vertex -40.9191 -20.7904 3
      vertex -39.6441 -20.5368 3
      vertex -40.0709 -19.1299 3
    endloop
  endfacet
  facet normal 0 0 1
    outer loop
      vertex -39.5 -22 3
      vertex -40.8 -22 3
      vertex -39.6441 -23.4632 3
    endloop
  endfacet
  facet normal 0 0 1
    outer loop
      vertex -41.2719 -19.6274 3
      vertex -40.0709 -19.1299 3
      vertex -40.764 -17.8332 3
    endloop
  endfacet
  facet normal -0 0 1
    outer loop
      vertex -40.9191 -23.2096 3
      vertex -39.6441 -23.4632 3
      vertex -40.8 -22 3
    endloop
  endfacet
  facet normal 0 0 1
    outer loop
      vertex -39.6441 -23.4632 3
      vertex -40.9191 -23.2096 3
      vertex -40.0709 -24.8701 3
    endloop
  endfacet
  facet normal 0 0 1
    outer loop
      vertex -39.6441 -20.5368 3
      vertex -40.9191 -20.7904 3
      vertex -40.8 -22 3
    endloop
  endfacet
  facet normal 0 0 1
    outer loop
      vertex -40.0709 -19.1299 3
      vertex -41.2719 -19.6274 3
      vertex -40.9191 -20.7904 3
    endloop
  endfacet
  facet normal 0 0 1
    outer loop
      vertex -41.8449 -18.5555 3
      vertex -40.764 -17.8332 3
      vertex -41.6967 -16.6967 3
    endloop
  endfacet
  facet normal 0 0 1
    outer loop
      vertex -40.764 -17.8332 3
      vertex -41.8449 -18.5555 3
      vertex -41.2719 -19.6274 3
    endloop
  endfacet
  facet normal 0 0 1
    outer loop
      vertex -41.6967 -16.6967 3
      vertex -42.6159 -17.6159 3
      vertex -41.8449 -18.5555 3
    endloop
  endfacet
  facet normal 0 0 1
    outer loop
      vertex -42.8332 -15.764 3
      vertex -42.6159 -17.6159 3
      vertex -41.6967 -16.6967 3
    endloop
  endfacet
  facet normal 0 0 1
    outer loop
      vertex -42.8332 -15.764 3
      vertex -43.5555 -16.8449 3
      vertex -42.6159 -17.6159 3
    endloop
  endfacet
  facet normal 0 0 1
    outer loop
      vertex -44.1299 -15.0709 3
      vertex -43.5555 -16.8449 3
      vertex -42.8332 -15.764 3
    endloop
  endfacet
  facet normal 0 0 1
    outer loop
      vertex -44.1299 -15.0709 3
      vertex -44.6274 -16.2719 3
      vertex -43.5555 -16.8449 3
    endloop
  endfacet
  facet normal 0 0 1
    outer loop
      vertex -45.5368 -14.6441 3
      vertex -44.6274 -16.2719 3
      vertex -44.1299 -15.0709 3
    endloop
  endfacet
  facet normal 0 0 1
    outer loop
      vertex -45.5368 -14.6441 3
      vertex -45.7904 -15.9191 3
      vertex -44.6274 -16.2719 3
    endloop
  endfacet
  facet normal 0 0 1
    outer loop
      vertex -47 -14.5 3
      vertex -45.7904 -15.9191 3
      vertex -45.5368 -14.6441 3
    endloop
  endfacet
  facet normal 0 0 1
    outer loop
      vertex -47 -14.5 3
      vertex -47 -15.8 3
      vertex -45.7904 -15.9191 3
    endloop
  endfacet
  facet normal 0 0 1
    outer loop
      vertex -47 -14.5 3
      vertex -48.2096 -15.9191 3
      vertex -47 -15.8 3
    endloop
  endfacet
  facet normal -0 0 1
    outer loop
      vertex -48.4632 -14.6441 3
      vertex -48.2096 -15.9191 3
      vertex -47 -14.5 3
    endloop
  endfacet
  facet normal 0 0 1
    outer loop
      vertex -48.4632 -14.6441 3
      vertex -49.3726 -16.2719 3
      vertex -48.2096 -15.9191 3
    endloop
  endfacet
  facet normal -0 0 1
    outer loop
      vertex -49.8701 -15.0709 3
      vertex -49.3726 -16.2719 3
      vertex -48.4632 -14.6441 3
    endloop
  endfacet
  facet normal 0 0 1
    outer loop
      vertex -49.8701 -15.0709 3
      vertex -50.4445 -16.8449 3
      vertex -49.3726 -16.2719 3
    endloop
  endfacet
  facet normal -0 0 1
    outer loop
      vertex -51.1668 -15.764 3
      vertex -50.4445 -16.8449 3
      vertex -49.8701 -15.0709 3
    endloop
  endfacet
  facet normal 0 0 1
    outer loop
      vertex -51.1668 -15.764 3
      vertex -51.3841 -17.6159 3
      vertex -50.4445 -16.8449 3
    endloop
  endfacet
  facet normal -0 0 1
    outer loop
      vertex -52.3033 -16.6967 3
      vertex -51.3841 -17.6159 3
      vertex -51.1668 -15.764 3
    endloop
  endfacet
  facet normal 0 0 1
    outer loop
      vertex -51.3841 -17.6159 3
      vertex -52.3033 -16.6967 3
      vertex -52.1551 -18.5555 3
    endloop
  endfacet
  facet normal -0 0 1
    outer loop
      vertex -53.236 -17.8332 3
      vertex -52.1551 -18.5555 3
      vertex -52.3033 -16.6967 3
    endloop
  endfacet
  facet normal 0 0 1
    outer loop
      vertex -52.1551 -18.5555 3
      vertex -53.236 -17.8332 3
      vertex -52.7281 -19.6274 3
    endloop
  endfacet
  facet normal 0 0 1
    outer loop
      vertex -52.7281 -19.6274 3
      vertex -53.9291 -19.1299 3
      vertex -53.0809 -20.7904 3
    endloop
  endfacet
  facet normal -0 0 1
    outer loop
      vertex -53.9291 -19.1299 3
      vertex -52.7281 -19.6274 3
      vertex -53.236 -17.8332 3
    endloop
  endfacet
  facet normal -0 0 1
    outer loop
      vertex -41.2719 -24.3726 3
      vertex -40.0709 -24.8701 3
      vertex -40.9191 -23.2096 3
    endloop
  endfacet
  facet normal 0 0 1
    outer loop
      vertex -40.0709 -24.8701 3
      vertex -41.2719 -24.3726 3
      vertex -40.764 -26.1668 3
    endloop
  endfacet
  facet normal -0 0 1
    outer loop
      vertex -41.8449 -25.4445 3
      vertex -40.764 -26.1668 3
      vertex -41.2719 -24.3726 3
    endloop
  endfacet
  facet normal 0 0 1
    outer loop
      vertex -40.764 -26.1668 3
      vertex -41.8449 -25.4445 3
      vertex -41.6967 -27.3033 3
    endloop
  endfacet
  facet normal -0 0 1
    outer loop
      vertex -42.6159 -26.3841 3
      vertex -41.6967 -27.3033 3
      vertex -41.8449 -25.4445 3
    endloop
  endfacet
  facet normal 0 0 1
    outer loop
      vertex -42.6159 -26.3841 3
      vertex -42.8332 -28.236 3
      vertex -41.6967 -27.3033 3
    endloop
  endfacet
  facet normal -0 0 1
    outer loop
      vertex -43.5555 -27.1551 3
      vertex -42.8332 -28.236 3
      vertex -42.6159 -26.3841 3
    endloop
  endfacet
  facet normal 0 0 1
    outer loop
      vertex -43.5555 -27.1551 3
      vertex -44.1299 -28.9291 3
      vertex -42.8332 -28.236 3
    endloop
  endfacet
  facet normal -0 0 1
    outer loop
      vertex -44.6274 -27.7281 3
      vertex -44.1299 -28.9291 3
      vertex -43.5555 -27.1551 3
    endloop
  endfacet
  facet normal 0 0 1
    outer loop
      vertex -44.6274 -27.7281 3
      vertex -45.5368 -29.3559 3
      vertex -44.1299 -28.9291 3
    endloop
  endfacet
  facet normal -0 0 1
    outer loop
      vertex -45.7904 -28.0809 3
      vertex -45.5368 -29.3559 3
      vertex -44.6274 -27.7281 3
    endloop
  endfacet
  facet normal -0 0 1
    outer loop
      vertex -47 -28.2 3
      vertex -45.5368 -29.3559 3
      vertex -45.7904 -28.0809 3
    endloop
  endfacet
  facet normal 0 0 1
    outer loop
      vertex -47 -28.2 3
      vertex -47 -29.5 3
      vertex -45.5368 -29.3559 3
    endloop
  endfacet
  facet normal 0 0 1
    outer loop
      vertex -48.2096 -28.0809 3
      vertex -47 -29.5 3
      vertex -47 -28.2 3
    endloop
  endfacet
  facet normal 0 0 1
    outer loop
      vertex -48.2096 -28.0809 3
      vertex -48.4632 -29.3559 3
      vertex -47 -29.5 3
    endloop
  endfacet
  facet normal 0 0 1
    outer loop
      vertex -49.3726 -27.7281 3
      vertex -48.4632 -29.3559 3
      vertex -48.2096 -28.0809 3
    endloop
  endfacet
  facet normal 0 0 1
    outer loop
      vertex -49.3726 -27.7281 3
      vertex -49.8701 -28.9291 3
      vertex -48.4632 -29.3559 3
    endloop
  endfacet
  facet normal 0 0 1
    outer loop
      vertex -50.4445 -27.1551 3
      vertex -49.8701 -28.9291 3
      vertex -49.3726 -27.7281 3
    endloop
  endfacet
  facet normal 0 0 1
    outer loop
      vertex -50.4445 -27.1551 3
      vertex -51.1668 -28.236 3
      vertex -49.8701 -28.9291 3
    endloop
  endfacet
  facet normal 0 0 1
    outer loop
      vertex -51.3841 -26.3841 3
      vertex -51.1668 -28.236 3
      vertex -50.4445 -27.1551 3
    endloop
  endfacet
  facet normal 0 0 1
    outer loop
      vertex -52.3033 -27.3033 3
      vertex -51.3841 -26.3841 3
      vertex -52.1551 -25.4445 3
    endloop
  endfacet
  facet normal 0 0 1
    outer loop
      vertex -51.3841 -26.3841 3
      vertex -52.3033 -27.3033 3
      vertex -51.1668 -28.236 3
    endloop
  endfacet
  facet normal 0 0 1
    outer loop
      vertex -53.236 -26.1668 3
      vertex -52.1551 -25.4445 3
      vertex -52.7281 -24.3726 3
    endloop
  endfacet
  facet normal 0 0 1
    outer loop
      vertex -53.9291 -24.8701 3
      vertex -52.7281 -24.3726 3
      vertex -53.0809 -23.2096 3
    endloop
  endfacet
  facet normal 0 0 1
    outer loop
      vertex -52.1551 -25.4445 3
      vertex -53.236 -26.1668 3
      vertex -52.3033 -27.3033 3
    endloop
  endfacet
  facet normal 0 0 1
    outer loop
      vertex -54.3559 -23.4632 3
      vertex -53.0809 -23.2096 3
      vertex -53.2 -22 3
    endloop
  endfacet
  facet normal -0 0 1
    outer loop
      vertex -54.3559 -20.5368 3
      vertex -53.0809 -20.7904 3
      vertex -53.9291 -19.1299 3
    endloop
  endfacet
  facet normal 0 0 1
    outer loop
      vertex -53.0809 -20.7904 3
      vertex -54.3559 -20.5368 3
      vertex -53.2 -22 3
    endloop
  endfacet
  facet normal 0 0 1
    outer loop
      vertex -52.7281 -24.3726 3
      vertex -53.9291 -24.8701 3
      vertex -53.236 -26.1668 3
    endloop
  endfacet
  facet normal 0 0 1
    outer loop
      vertex -54.5 -22 3
      vertex -53.2 -22 3
      vertex -54.3559 -20.5368 3
    endloop
  endfacet
  facet normal 0 0 1
    outer loop
      vertex -53.0809 -23.2096 3
      vertex -54.3559 -23.4632 3
      vertex -53.9291 -24.8701 3
    endloop
  endfacet
  facet normal 0 0 1
    outer loop
      vertex -53.2 -22 3
      vertex -54.5 -22 3
      vertex -54.3559 -23.4632 3
    endloop
  endfacet
  facet normal 0 0 1
    outer loop
      vertex -40.8 0 3
      vertex -39.5 0 3
      vertex -39.6441 1.46318 3
    endloop
  endfacet
  facet normal 0 0 1
    outer loop
      vertex -40.9191 1.20956 3
      vertex -39.6441 1.46318 3
      vertex -40.0709 2.87012 3
    endloop
  endfacet
  facet normal 0 0 1
    outer loop
      vertex -39.5 0 3
      vertex -40.8 0 3
      vertex -39.6441 -1.46318 3
    endloop
  endfacet
  facet normal 0 0 1
    outer loop
      vertex -41.2719 2.37264 3
      vertex -40.0709 2.87012 3
      vertex -40.764 4.16678 3
    endloop
  endfacet
  facet normal -0 0 1
    outer loop
      vertex -40.9191 -1.20956 3
      vertex -39.6441 -1.46318 3
      vertex -40.8 0 3
    endloop
  endfacet
  facet normal 0 0 1
    outer loop
      vertex -39.6441 -1.46318 3
      vertex -40.9191 -1.20956 3
      vertex -40.0709 -2.87012 3
    endloop
  endfacet
  facet normal 0 0 1
    outer loop
      vertex -39.6441 1.46318 3
      vertex -40.9191 1.20956 3
      vertex -40.8 0 3
    endloop
  endfacet
  facet normal 0 0 1
    outer loop
      vertex -40.0709 2.87012 3
      vertex -41.2719 2.37264 3
      vertex -40.9191 1.20956 3
    endloop
  endfacet
  facet normal 0 0 1
    outer loop
      vertex -41.8449 3.44454 3
      vertex -40.764 4.16678 3
      vertex -41.6967 5.3033 3
    endloop
  endfacet
  facet normal 0 0 1
    outer loop
      vertex -40.764 4.16678 3
      vertex -41.8449 3.44454 3
      vertex -41.2719 2.37264 3
    endloop
  endfacet
  facet normal 0 0 1
    outer loop
      vertex -41.6967 5.3033 3
      vertex -42.6159 4.38406 3
      vertex -41.8449 3.44454 3
    endloop
  endfacet
  facet normal 0 0 1
    outer loop
      vertex -42.8332 6.23602 3
      vertex -42.6159 4.38406 3
      vertex -41.6967 5.3033 3
    endloop
  endfacet
  facet normal 0 0 1
    outer loop
      vertex -42.8332 6.23602 3
      vertex -43.5555 5.15511 3
      vertex -42.6159 4.38406 3
    endloop
  endfacet
  facet normal 0 0 1
    outer loop
      vertex -44.1299 6.9291 3
      vertex -43.5555 5.15511 3
      vertex -42.8332 6.23602 3
    endloop
  endfacet
  facet normal 0 0 1
    outer loop
      vertex -44.1299 6.9291 3
      vertex -44.6274 5.72805 3
      vertex -43.5555 5.15511 3
    endloop
  endfacet
  facet normal 0 0 1
    outer loop
      vertex -45.5368 7.35589 3
      vertex -44.6274 5.72805 3
      vertex -44.1299 6.9291 3
    endloop
  endfacet
  facet normal 0 0 1
    outer loop
      vertex -45.5368 7.35589 3
      vertex -45.7904 6.08087 3
      vertex -44.6274 5.72805 3
    endloop
  endfacet
  facet normal 0 0 1
    outer loop
      vertex -47 7.5 3
      vertex -45.7904 6.08087 3
      vertex -45.5368 7.35589 3
    endloop
  endfacet
  facet normal 0 0 1
    outer loop
      vertex -47 7.5 3
      vertex -47 6.2 3
      vertex -45.7904 6.08087 3
    endloop
  endfacet
  facet normal 0 0 1
    outer loop
      vertex -47 7.5 3
      vertex -48.2096 6.08087 3
      vertex -47 6.2 3
    endloop
  endfacet
  facet normal -0 0 1
    outer loop
      vertex -48.4632 7.35589 3
      vertex -48.2096 6.08087 3
      vertex -47 7.5 3
    endloop
  endfacet
  facet normal 0 0 1
    outer loop
      vertex -48.4632 7.35589 3
      vertex -49.3726 5.72805 3
      vertex -48.2096 6.08087 3
    endloop
  endfacet
  facet normal -0 0 1
    outer loop
      vertex -49.8701 6.9291 3
      vertex -49.3726 5.72805 3
      vertex -48.4632 7.35589 3
    endloop
  endfacet
  facet normal 0 0 1
    outer loop
      vertex -49.8701 6.9291 3
      vertex -50.4445 5.15511 3
      vertex -49.3726 5.72805 3
    endloop
  endfacet
  facet normal -0 0 1
    outer loop
      vertex -51.1668 6.23602 3
      vertex -50.4445 5.15511 3
      vertex -49.8701 6.9291 3
    endloop
  endfacet
  facet normal 0 0 1
    outer loop
      vertex -51.1668 6.23602 3
      vertex -51.3841 4.38406 3
      vertex -50.4445 5.15511 3
    endloop
  endfacet
  facet normal -0 0 1
    outer loop
      vertex -52.3033 5.3033 3
      vertex -51.3841 4.38406 3
      vertex -51.1668 6.23602 3
    endloop
  endfacet
  facet normal 0 0 1
    outer loop
      vertex -51.3841 4.38406 3
      vertex -52.3033 5.3033 3
      vertex -52.1551 3.44454 3
    endloop
  endfacet
  facet normal -0 0 1
    outer loop
      vertex -53.236 4.16678 3
      vertex -52.1551 3.44454 3
      vertex -52.3033 5.3033 3
    endloop
  endfacet
  facet normal 0 0 1
    outer loop
      vertex -52.1551 3.44454 3
      vertex -53.236 4.16678 3
      vertex -52.7281 2.37264 3
    endloop
  endfacet
  facet normal 0 0 1
    outer loop
      vertex -52.7281 2.37264 3
      vertex -53.9291 2.87012 3
      vertex -53.0809 1.20956 3
    endloop
  endfacet
  facet normal -0 0 1
    outer loop
      vertex -53.9291 2.87012 3
      vertex -52.7281 2.37264 3
      vertex -53.236 4.16678 3
    endloop
  endfacet
  facet normal -0 0 1
    outer loop
      vertex -41.2719 -2.37264 3
      vertex -40.0709 -2.87012 3
      vertex -40.9191 -1.20956 3
    endloop
  endfacet
  facet normal 0 0 1
    outer loop
      vertex -40.0709 -2.87012 3
      vertex -41.2719 -2.37264 3
      vertex -40.764 -4.16678 3
    endloop
  endfacet
  facet normal -0 0 1
    outer loop
      vertex -41.8449 -3.44454 3
      vertex -40.764 -4.16678 3
      vertex -41.2719 -2.37264 3
    endloop
  endfacet
  facet normal 0 0 1
    outer loop
      vertex -40.764 -4.16678 3
      vertex -41.8449 -3.44454 3
      vertex -41.6967 -5.3033 3
    endloop
  endfacet
  facet normal -0 0 1
    outer loop
      vertex -42.6159 -4.38406 3
      vertex -41.6967 -5.3033 3
      vertex -41.8449 -3.44454 3
    endloop
  endfacet
  facet normal 0 0 1
    outer loop
      vertex -42.6159 -4.38406 3
      vertex -42.8332 -6.23602 3
      vertex -41.6967 -5.3033 3
    endloop
  endfacet
  facet normal -0 0 1
    outer loop
      vertex -43.5555 -5.15511 3
      vertex -42.8332 -6.23602 3
      vertex -42.6159 -4.38406 3
    endloop
  endfacet
  facet normal 0 0 1
    outer loop
      vertex -43.5555 -5.15511 3
      vertex -44.1299 -6.9291 3
      vertex -42.8332 -6.23602 3
    endloop
  endfacet
  facet normal -0 0 1
    outer loop
      vertex -44.6274 -5.72805 3
      vertex -44.1299 -6.9291 3
      vertex -43.5555 -5.15511 3
    endloop
  endfacet
  facet normal 0 0 1
    outer loop
      vertex -44.6274 -5.72805 3
      vertex -45.5368 -7.35589 3
      vertex -44.1299 -6.9291 3
    endloop
  endfacet
  facet normal -0 0 1
    outer loop
      vertex -45.7904 -6.08087 3
      vertex -45.5368 -7.35589 3
      vertex -44.6274 -5.72805 3
    endloop
  endfacet
  facet normal -0 0 1
    outer loop
      vertex -47 -6.2 3
      vertex -45.5368 -7.35589 3
      vertex -45.7904 -6.08087 3
    endloop
  endfacet
  facet normal 0 0 1
    outer loop
      vertex -47 -6.2 3
      vertex -47 -7.5 3
      vertex -45.5368 -7.35589 3
    endloop
  endfacet
  facet normal 0 0 1
    outer loop
      vertex -48.2096 -6.08087 3
      vertex -47 -7.5 3
      vertex -47 -6.2 3
    endloop
  endfacet
  facet normal 0 0 1
    outer loop
      vertex -48.2096 -6.08087 3
      vertex -48.4632 -7.35589 3
      vertex -47 -7.5 3
    endloop
  endfacet
  facet normal 0 0 1
    outer loop
      vertex -49.3726 -5.72805 3
      vertex -48.4632 -7.35589 3
      vertex -48.2096 -6.08087 3
    endloop
  endfacet
  facet normal 0 0 1
    outer loop
      vertex -49.3726 -5.72805 3
      vertex -49.8701 -6.9291 3
      vertex -48.4632 -7.35589 3
    endloop
  endfacet
  facet normal 0 0 1
    outer loop
      vertex -50.4445 -5.15511 3
      vertex -49.8701 -6.9291 3
      vertex -49.3726 -5.72805 3
    endloop
  endfacet
  facet normal 0 0 1
    outer loop
      vertex -50.4445 -5.15511 3
      vertex -51.1668 -6.23602 3
      vertex -49.8701 -6.9291 3
    endloop
  endfacet
  facet normal 0 0 1
    outer loop
      vertex -51.3841 -4.38406 3
      vertex -51.1668 -6.23602 3
      vertex -50.4445 -5.15511 3
    endloop
  endfacet
  facet normal 0 0 1
    outer loop
      vertex -52.3033 -5.3033 3
      vertex -51.3841 -4.38406 3
      vertex -52.1551 -3.44454 3
    endloop
  endfacet
  facet normal 0 0 1
    outer loop
      vertex -51.3841 -4.38406 3
      vertex -52.3033 -5.3033 3
      vertex -51.1668 -6.23602 3
    endloop
  endfacet
  facet normal 0 0 1
    outer loop
      vertex -53.236 -4.16678 3
      vertex -52.1551 -3.44454 3
      vertex -52.7281 -2.37264 3
    endloop
  endfacet
  facet normal 0 0 1
    outer loop
      vertex -53.9291 -2.87012 3
      vertex -52.7281 -2.37264 3
      vertex -53.0809 -1.20956 3
    endloop
  endfacet
  facet normal 0 0 1
    outer loop
      vertex -52.1551 -3.44454 3
      vertex -53.236 -4.16678 3
      vertex -52.3033 -5.3033 3
    endloop
  endfacet
  facet normal 0 0 1
    outer loop
      vertex -54.3559 -1.46318 3
      vertex -53.0809 -1.20956 3
      vertex -53.2 0 3
    endloop
  endfacet
  facet normal -0 0 1
    outer loop
      vertex -54.3559 1.46318 3
      vertex -53.0809 1.20956 3
      vertex -53.9291 2.87012 3
    endloop
  endfacet
  facet normal 0 0 1
    outer loop
      vertex -53.0809 1.20956 3
      vertex -54.3559 1.46318 3
      vertex -53.2 0 3
    endloop
  endfacet
  facet normal 0 0 1
    outer loop
      vertex -52.7281 -2.37264 3
      vertex -53.9291 -2.87012 3
      vertex -53.236 -4.16678 3
    endloop
  endfacet
  facet normal 0 0 1
    outer loop
      vertex -54.5 0 3
      vertex -53.2 0 3
      vertex -54.3559 1.46318 3
    endloop
  endfacet
  facet normal 0 0 1
    outer loop
      vertex -53.0809 -1.20956 3
      vertex -54.3559 -1.46318 3
      vertex -53.9291 -2.87012 3
    endloop
  endfacet
  facet normal 0 0 1
    outer loop
      vertex -53.2 0 3
      vertex -54.5 0 3
      vertex -54.3559 -1.46318 3
    endloop
  endfacet
  facet normal 0 0 1
    outer loop
      vertex -50.6355 -30.7769 3
      vertex -53.3327 -31.6683 3
      vertex -53.3 -32 3
    endloop
  endfacet
  facet normal 0 0 1
    outer loop
      vertex -52.2779 -29.899 3
      vertex -53.4294 -31.3494 3
      vertex -53.3327 -31.6683 3
    endloop
  endfacet
  facet normal 0 0 1
    outer loop
      vertex -52.2779 -29.899 3
      vertex -53.5865 -31.0555 3
      vertex -53.4294 -31.3494 3
    endloop
  endfacet
  facet normal 0 0 1
    outer loop
      vertex -54.0555 -30.5865 3
      vertex -52.2779 -29.899 3
      vertex -53.7175 -28.7175 3
    endloop
  endfacet
  facet normal 0 0 1
    outer loop
      vertex -52.2779 -29.899 3
      vertex -53.7979 -30.7979 3
      vertex -53.5865 -31.0555 3
    endloop
  endfacet
  facet normal 0 0 1
    outer loop
      vertex -52.2779 -29.899 3
      vertex -54.0555 -30.5865 3
      vertex -53.7979 -30.7979 3
    endloop
  endfacet
  facet normal 0 0 1
    outer loop
      vertex -53.7175 -28.7175 3
      vertex -54.3494 -30.4294 3
      vertex -54.0555 -30.5865 3
    endloop
  endfacet
  facet normal 0 0 1
    outer loop
      vertex -53.7175 -28.7175 3
      vertex -54.6683 -30.3327 3
      vertex -54.3494 -30.4294 3
    endloop
  endfacet
  facet normal 0 0 1
    outer loop
      vertex -55 -30.3 3
      vertex -53.7175 -28.7175 3
      vertex -54.899 -27.2779 3
    endloop
  endfacet
  facet normal 0 0 1
    outer loop
      vertex -53.7175 -28.7175 3
      vertex -55 -30.3 3
      vertex -54.6683 -30.3327 3
    endloop
  endfacet
  facet normal 0 0 1
    outer loop
      vertex -54.899 -27.2779 3
      vertex -55.3317 -30.3327 3
      vertex -55 -30.3 3
    endloop
  endfacet
  facet normal 0 0 1
    outer loop
      vertex -54.899 -27.2779 3
      vertex -55.6506 -30.4294 3
      vertex -55.3317 -30.3327 3
    endloop
  endfacet
  facet normal 0 0 1
    outer loop
      vertex -55.9445 -30.5865 3
      vertex -54.899 -27.2779 3
      vertex -55.7769 -25.6355 3
    endloop
  endfacet
  facet normal 0 0 1
    outer loop
      vertex -54.899 -27.2779 3
      vertex -55.9445 -30.5865 3
      vertex -55.6506 -30.4294 3
    endloop
  endfacet
  facet normal 0 0 1
    outer loop
      vertex -55.7769 -25.6355 3
      vertex -56.2021 -30.7979 3
      vertex -55.9445 -30.5865 3
    endloop
  endfacet
  facet normal 0 0 1
    outer loop
      vertex -61 -33 3
      vertex -55.7769 -25.6355 3
      vertex -56.3175 -23.8534 3
    endloop
  endfacet
  facet normal 0 0 1
    outer loop
      vertex -55.7769 -25.6355 3
      vertex -56.4135 -31.0555 3
      vertex -56.2021 -30.7979 3
    endloop
  endfacet
  facet normal 0 0 1
    outer loop
      vertex -61 -33 3
      vertex -56.3175 -23.8534 3
      vertex -56.5 -22 3
    endloop
  endfacet
  facet normal 0 0 1
    outer loop
      vertex -55.7769 -25.6355 3
      vertex -61 -33 3
      vertex -56.4135 -31.0555 3
    endloop
  endfacet
  facet normal 0 0 1
    outer loop
      vertex -61 -33 3
      vertex -56.5 0 3
      vertex -61 33 3
    endloop
  endfacet
  facet normal 0 0 1
    outer loop
      vertex -61 33 3
      vertex -56.5706 31.3494 3
      vertex -56.6673 31.6683 3
    endloop
  endfacet
  facet normal 0 0 1
    outer loop
      vertex -56.5 0 3
      vertex -61 -33 3
      vertex -56.5 -22 3
    endloop
  endfacet
  facet normal 0 0 1
    outer loop
      vertex -61 33 3
      vertex -56.6673 31.6683 3
      vertex -56.7 32 3
    endloop
  endfacet
  facet normal 0 0 1
    outer loop
      vertex -56.4135 -31.0555 3
      vertex -61 -33 3
      vertex -56.5706 -31.3494 3
    endloop
  endfacet
  facet normal 0 0 1
    outer loop
      vertex -0.618296 -11.6781 3
      vertex -38.2231 -3.63549 3
      vertex -0.65 -12 3
    endloop
  endfacet
  facet normal 0 0 1
    outer loop
      vertex -0.65 -12 3
      vertex -37.6825 -20.1466 3
      vertex -37.5 -22 3
    endloop
  endfacet
  facet normal 0 0 1
    outer loop
      vertex -38.2231 -18.3645 3
      vertex -0.65 -12 3
      vertex -38.2231 -3.63549 3
    endloop
  endfacet
  facet normal 0 0 1
    outer loop
      vertex -0.65 -12 3
      vertex -38.2231 -18.3645 3
      vertex -37.6825 -20.1466 3
    endloop
  endfacet
  facet normal -0 0 1
    outer loop
      vertex -39.101 -5.27792 3
      vertex -38.2231 -18.3645 3
      vertex -38.2231 -3.63549 3
    endloop
  endfacet
  facet normal 0 0 1
    outer loop
      vertex -39.101 -5.27792 3
      vertex -39.101 -16.7221 3
      vertex -38.2231 -18.3645 3
    endloop
  endfacet
  facet normal -0 0 1
    outer loop
      vertex -40.2825 -6.71751 3
      vertex -39.101 -16.7221 3
      vertex -39.101 -5.27792 3
    endloop
  endfacet
  facet normal 0 0 1
    outer loop
      vertex -40.2825 -6.71751 3
      vertex -40.2825 -15.2825 3
      vertex -39.101 -16.7221 3
    endloop
  endfacet
  facet normal -0 0 1
    outer loop
      vertex -41.7221 -7.89896 3
      vertex -40.2825 -15.2825 3
      vertex -40.2825 -6.71751 3
    endloop
  endfacet
  facet normal 0 0 1
    outer loop
      vertex -41.7221 -7.89896 3
      vertex -41.7221 -14.101 3
      vertex -40.2825 -15.2825 3
    endloop
  endfacet
  facet normal -0 0 1
    outer loop
      vertex -43.3645 -8.77686 3
      vertex -41.7221 -14.101 3
      vertex -41.7221 -7.89896 3
    endloop
  endfacet
  facet normal 0 0 1
    outer loop
      vertex -43.3645 -8.77686 3
      vertex -43.3645 -13.2231 3
      vertex -41.7221 -14.101 3
    endloop
  endfacet
  facet normal -0 0 1
    outer loop
      vertex -45.1466 -9.31746 3
      vertex -43.3645 -13.2231 3
      vertex -43.3645 -8.77686 3
    endloop
  endfacet
  facet normal 0 0 1
    outer loop
      vertex -45.1466 -9.31746 3
      vertex -45.1466 -12.6825 3
      vertex -43.3645 -13.2231 3
    endloop
  endfacet
  facet normal -0 0 1
    outer loop
      vertex -47 -9.5 3
      vertex -45.1466 -12.6825 3
      vertex -45.1466 -9.31746 3
    endloop
  endfacet
  facet normal 0 0 1
    outer loop
      vertex -47 -9.5 3
      vertex -47 -12.5 3
      vertex -45.1466 -12.6825 3
    endloop
  endfacet
  facet normal 0 0 1
    outer loop
      vertex -48.8534 -9.31746 3
      vertex -47 -12.5 3
      vertex -47 -9.5 3
    endloop
  endfacet
  facet normal 0 0 1
    outer loop
      vertex -48.8534 -9.31746 3
      vertex -48.8534 -12.6825 3
      vertex -47 -12.5 3
    endloop
  endfacet
  facet normal 0 0 1
    outer loop
      vertex -50.6355 -8.77686 3
      vertex -48.8534 -12.6825 3
      vertex -48.8534 -9.31746 3
    endloop
  endfacet
  facet normal 0 0 1
    outer loop
      vertex -50.6355 -8.77686 3
      vertex -50.6355 -13.2231 3
      vertex -48.8534 -12.6825 3
    endloop
  endfacet
  facet normal 0 0 1
    outer loop
      vertex -52.2779 -7.89896 3
      vertex -50.6355 -13.2231 3
      vertex -50.6355 -8.77686 3
    endloop
  endfacet
  facet normal 0 0 1
    outer loop
      vertex -52.2779 -7.89896 3
      vertex -52.2779 -14.101 3
      vertex -50.6355 -13.2231 3
    endloop
  endfacet
  facet normal 0 0 1
    outer loop
      vertex -53.7175 -6.71751 3
      vertex -52.2779 -14.101 3
      vertex -52.2779 -7.89896 3
    endloop
  endfacet
  facet normal 0 0 1
    outer loop
      vertex -53.7175 -6.71751 3
      vertex -53.7175 -15.2825 3
      vertex -52.2779 -14.101 3
    endloop
  endfacet
  facet normal 0 0 1
    outer loop
      vertex -54.899 -5.27792 3
      vertex -53.7175 -15.2825 3
      vertex -53.7175 -6.71751 3
    endloop
  endfacet
  facet normal 0 0 1
    outer loop
      vertex -54.899 -5.27792 3
      vertex -54.899 -16.7221 3
      vertex -53.7175 -15.2825 3
    endloop
  endfacet
  facet normal 0 0 1
    outer loop
      vertex -55.7769 -3.63549 3
      vertex -54.899 -16.7221 3
      vertex -54.899 -5.27792 3
    endloop
  endfacet
  facet normal 0 0 1
    outer loop
      vertex -55.7769 -3.63549 3
      vertex -55.7769 -18.3645 3
      vertex -54.899 -16.7221 3
    endloop
  endfacet
  facet normal 0 0 1
    outer loop
      vertex -56.3175 -1.85336 3
      vertex -55.7769 -18.3645 3
      vertex -55.7769 -3.63549 3
    endloop
  endfacet
  facet normal 0 0 1
    outer loop
      vertex -56.3175 -1.85336 3
      vertex -56.3175 -20.1466 3
      vertex -55.7769 -18.3645 3
    endloop
  endfacet
  facet normal 0 0 1
    outer loop
      vertex -56.5 0 3
      vertex -56.3175 -20.1466 3
      vertex -56.3175 -1.85336 3
    endloop
  endfacet
  facet normal 0 0 1
    outer loop
      vertex -56.3175 -20.1466 3
      vertex -56.5 0 3
      vertex -56.5 -22 3
    endloop
  endfacet
  facet normal -0 0 1
    outer loop
      vertex -38.2231 18.3645 3
      vertex -0.65 12 3
      vertex -37.6825 20.1466 3
    endloop
  endfacet
  facet normal 0 0 1
    outer loop
      vertex -0.65 12 3
      vertex -37.6825 1.85336 3
      vertex -37.5 0 3
    endloop
  endfacet
  facet normal 0 0 1
    outer loop
      vertex -38.2231 3.63549 3
      vertex -0.65 12 3
      vertex -38.2231 18.3645 3
    endloop
  endfacet
  facet normal 0 0 1
    outer loop
      vertex -0.65 12 3
      vertex -38.2231 3.63549 3
      vertex -37.6825 1.85336 3
    endloop
  endfacet
  facet normal -0 0 1
    outer loop
      vertex -39.101 16.7221 3
      vertex -38.2231 3.63549 3
      vertex -38.2231 18.3645 3
    endloop
  endfacet
  facet normal 0 0 1
    outer loop
      vertex -39.101 16.7221 3
      vertex -39.101 5.27792 3
      vertex -38.2231 3.63549 3
    endloop
  endfacet
  facet normal -0 0 1
    outer loop
      vertex -40.2825 15.2825 3
      vertex -39.101 5.27792 3
      vertex -39.101 16.7221 3
    endloop
  endfacet
  facet normal 0 0 1
    outer loop
      vertex -40.2825 15.2825 3
      vertex -40.2825 6.71751 3
      vertex -39.101 5.27792 3
    endloop
  endfacet
  facet normal -0 0 1
    outer loop
      vertex -41.7221 14.101 3
      vertex -40.2825 6.71751 3
      vertex -40.2825 15.2825 3
    endloop
  endfacet
  facet normal 0 0 1
    outer loop
      vertex -41.7221 14.101 3
      vertex -41.7221 7.89896 3
      vertex -40.2825 6.71751 3
    endloop
  endfacet
  facet normal -0 0 1
    outer loop
      vertex -43.3645 13.2231 3
      vertex -41.7221 7.89896 3
      vertex -41.7221 14.101 3
    endloop
  endfacet
  facet normal 0 0 1
    outer loop
      vertex -43.3645 13.2231 3
      vertex -43.3645 8.77686 3
      vertex -41.7221 7.89896 3
    endloop
  endfacet
  facet normal -0 0 1
    outer loop
      vertex -45.1466 12.6825 3
      vertex -43.3645 8.77686 3
      vertex -43.3645 13.2231 3
    endloop
  endfacet
  facet normal 0 0 1
    outer loop
      vertex -45.1466 12.6825 3
      vertex -45.1466 9.31746 3
      vertex -43.3645 8.77686 3
    endloop
  endfacet
  facet normal -0 0 1
    outer loop
      vertex -47 12.5 3
      vertex -45.1466 9.31746 3
      vertex -45.1466 12.6825 3
    endloop
  endfacet
  facet normal 0 0 1
    outer loop
      vertex -47 12.5 3
      vertex -47 9.5 3
      vertex -45.1466 9.31746 3
    endloop
  endfacet
  facet normal 0 0 1
    outer loop
      vertex -48.8534 12.6825 3
      vertex -47 9.5 3
      vertex -47 12.5 3
    endloop
  endfacet
  facet normal 0 0 1
    outer loop
      vertex -48.8534 12.6825 3
      vertex -48.8534 9.31746 3
      vertex -47 9.5 3
    endloop
  endfacet
  facet normal 0 0 1
    outer loop
      vertex -50.6355 13.2231 3
      vertex -48.8534 9.31746 3
      vertex -48.8534 12.6825 3
    endloop
  endfacet
  facet normal 0 0 1
    outer loop
      vertex -50.6355 13.2231 3
      vertex -50.6355 8.77686 3
      vertex -48.8534 9.31746 3
    endloop
  endfacet
  facet normal 0 0 1
    outer loop
      vertex -52.2779 14.101 3
      vertex -50.6355 8.77686 3
      vertex -50.6355 13.2231 3
    endloop
  endfacet
  facet normal 0 0 1
    outer loop
      vertex -52.2779 14.101 3
      vertex -52.2779 7.89896 3
      vertex -50.6355 8.77686 3
    endloop
  endfacet
  facet normal 0 0 1
    outer loop
      vertex -53.7175 15.2825 3
      vertex -52.2779 7.89896 3
      vertex -52.2779 14.101 3
    endloop
  endfacet
  facet normal 0 0 1
    outer loop
      vertex -53.7175 15.2825 3
      vertex -53.7175 6.71751 3
      vertex -52.2779 7.89896 3
    endloop
  endfacet
  facet normal 0 0 1
    outer loop
      vertex -54.899 16.7221 3
      vertex -53.7175 6.71751 3
      vertex -53.7175 15.2825 3
    endloop
  endfacet
  facet normal 0 0 1
    outer loop
      vertex -54.899 16.7221 3
      vertex -54.899 5.27792 3
      vertex -53.7175 6.71751 3
    endloop
  endfacet
  facet normal 0 0 1
    outer loop
      vertex -55.7769 18.3645 3
      vertex -54.899 5.27792 3
      vertex -54.899 16.7221 3
    endloop
  endfacet
  facet normal 0 0 1
    outer loop
      vertex -55.7769 18.3645 3
      vertex -55.7769 3.63549 3
      vertex -54.899 5.27792 3
    endloop
  endfacet
  facet normal 0 0 1
    outer loop
      vertex -56.3175 20.1466 3
      vertex -55.7769 3.63549 3
      vertex -55.7769 18.3645 3
    endloop
  endfacet
  facet normal 0 0 1
    outer loop
      vertex -56.3175 20.1466 3
      vertex -56.3175 1.85336 3
      vertex -55.7769 3.63549 3
    endloop
  endfacet
  facet normal 0 0 1
    outer loop
      vertex -61 33 3
      vertex -56.3175 20.1466 3
      vertex -56.5 22 3
    endloop
  endfacet
  facet normal 0 0 1
    outer loop
      vertex -56.3175 20.1466 3
      vertex -61 33 3
      vertex -56.3175 1.85336 3
    endloop
  endfacet
  facet normal 0 0 1
    outer loop
      vertex -50.6355 30.7769 3
      vertex -53.3327 31.6683 3
      vertex -52.2779 29.899 3
    endloop
  endfacet
  facet normal -0 0 1
    outer loop
      vertex -53.4294 31.3494 3
      vertex -52.2779 29.899 3
      vertex -53.3327 31.6683 3
    endloop
  endfacet
  facet normal -0 0 1
    outer loop
      vertex -53.5865 31.0555 3
      vertex -52.2779 29.899 3
      vertex -53.4294 31.3494 3
    endloop
  endfacet
  facet normal -0 0 1
    outer loop
      vertex -53.7979 30.7979 3
      vertex -52.2779 29.899 3
      vertex -53.5865 31.0555 3
    endloop
  endfacet
  facet normal -0 0 1
    outer loop
      vertex -54.0555 30.5865 3
      vertex -52.2779 29.899 3
      vertex -53.7979 30.7979 3
    endloop
  endfacet
  facet normal 0 0 1
    outer loop
      vertex -52.2779 29.899 3
      vertex -54.0555 30.5865 3
      vertex -53.7175 28.7175 3
    endloop
  endfacet
  facet normal -0 0 1
    outer loop
      vertex -54.3494 30.4294 3
      vertex -53.7175 28.7175 3
      vertex -54.0555 30.5865 3
    endloop
  endfacet
  facet normal -0 0 1
    outer loop
      vertex -54.6683 30.3327 3
      vertex -53.7175 28.7175 3
      vertex -54.3494 30.4294 3
    endloop
  endfacet
  facet normal -0 0 1
    outer loop
      vertex -55 30.3 3
      vertex -53.7175 28.7175 3
      vertex -54.6683 30.3327 3
    endloop
  endfacet
  facet normal 0 0 1
    outer loop
      vertex -53.7175 28.7175 3
      vertex -55 30.3 3
      vertex -54.899 27.2779 3
    endloop
  endfacet
  facet normal 0 0 1
    outer loop
      vertex -55.3317 30.3327 3
      vertex -54.899 27.2779 3
      vertex -55 30.3 3
    endloop
  endfacet
  facet normal 0 0 1
    outer loop
      vertex -55.6506 30.4294 3
      vertex -54.899 27.2779 3
      vertex -55.3317 30.3327 3
    endloop
  endfacet
  facet normal 0 0 1
    outer loop
      vertex -55.9445 30.5865 3
      vertex -54.899 27.2779 3
      vertex -55.6506 30.4294 3
    endloop
  endfacet
  facet normal 0 0 1
    outer loop
      vertex -54.899 27.2779 3
      vertex -55.9445 30.5865 3
      vertex -55.7769 25.6355 3
    endloop
  endfacet
  facet normal 0 0 1
    outer loop
      vertex -56.2021 30.7979 3
      vertex -55.7769 25.6355 3
      vertex -55.9445 30.5865 3
    endloop
  endfacet
  facet normal 0 0 1
    outer loop
      vertex -56.4135 31.0555 3
      vertex -55.7769 25.6355 3
      vertex -56.2021 30.7979 3
    endloop
  endfacet
  facet normal 0 0 1
    outer loop
      vertex -61 33 3
      vertex -56.4135 31.0555 3
      vertex -56.5706 31.3494 3
    endloop
  endfacet
  facet normal 0 0 1
    outer loop
      vertex -56.4135 31.0555 3
      vertex -61 33 3
      vertex -55.7769 25.6355 3
    endloop
  endfacet
  facet normal 0 0 1
    outer loop
      vertex -56.3175 1.85336 3
      vertex -61 33 3
      vertex -56.5 0 3
    endloop
  endfacet
  facet normal 0 0 1
    outer loop
      vertex -56.3175 23.8534 3
      vertex -61 33 3
      vertex -56.5 22 3
    endloop
  endfacet
  facet normal 0 0 1
    outer loop
      vertex -55.7769 25.6355 3
      vertex -61 33 3
      vertex -56.3175 23.8534 3
    endloop
  endfacet
  facet normal 0 0 1
    outer loop
      vertex 4.1 -10.7198 3
      vertex 2.6183 -11.6781 3
      vertex 2.65 -12 3
    endloop
  endfacet
  facet normal 0 0 1
    outer loop
      vertex 4.1 -10.7198 3
      vertex 2.5244 -11.3686 3
      vertex 2.6183 -11.6781 3
    endloop
  endfacet
  facet normal 0 0 1
    outer loop
      vertex 4.1 -10.7198 3
      vertex 2.37192 -11.0833 3
      vertex 2.5244 -11.3686 3
    endloop
  endfacet
  facet normal 0 0 1
    outer loop
      vertex 1.91669 -10.6281 3
      vertex 3.1005 -9.89949 3
      vertex 2.28024 -8.9 3
    endloop
  endfacet
  facet normal 0 0 1
    outer loop
      vertex 3.1005 -9.89949 3
      vertex 2.16673 -10.8333 3
      vertex 2.37192 -11.0833 3
    endloop
  endfacet
  facet normal 0 0 1
    outer loop
      vertex 4.1 -7.1 3
      vertex 2.28024 -8.9 3
      vertex 4.1 -8.9 3
    endloop
  endfacet
  facet normal 0 0 1
    outer loop
      vertex 3.1005 -9.89949 3
      vertex 1.91669 -10.6281 3
      vertex 2.16673 -10.8333 3
    endloop
  endfacet
  facet normal 0 0 1
    outer loop
      vertex 2.28024 -8.9 3
      vertex 1.63143 -10.4756 3
      vertex 1.91669 -10.6281 3
    endloop
  endfacet
  facet normal 0 0 1
    outer loop
      vertex 2.28024 -8.9 3
      vertex 1.3219 -10.3817 3
      vertex 1.63143 -10.4756 3
    endloop
  endfacet
  facet normal 0 0 1
    outer loop
      vertex 2.28024 -8.9 3
      vertex 1 -10.35 3
      vertex 1.3219 -10.3817 3
    endloop
  endfacet
  facet normal -0 0 1
    outer loop
      vertex 0.997035 -7.1 3
      vertex 2.28024 -8.9 3
      vertex 4.1 -7.1 3
    endloop
  endfacet
  facet normal 0 0 1
    outer loop
      vertex 0.678101 -10.3817 3
      vertex 2.28024 -8.9 3
      vertex 0.997035 -7.1 3
    endloop
  endfacet
  facet normal 0 0 1
    outer loop
      vertex 2.28024 -8.9 3
      vertex 0.678101 -10.3817 3
      vertex 1 -10.35 3
    endloop
  endfacet
  facet normal 0 0 1
    outer loop
      vertex 0.997035 -7.1 3
      vertex 0.368572 -10.4756 3
      vertex 0.678101 -10.3817 3
    endloop
  endfacet
  facet normal 0 0 1
    outer loop
      vertex 0.997035 -7.1 3
      vertex 0.0833082 -10.6281 3
      vertex 0.368572 -10.4756 3
    endloop
  endfacet
  facet normal 0 0 1
    outer loop
      vertex -0.166726 -10.8333 3
      vertex 0.997035 -7.1 3
      vertex 0.0656862 -5.35757 3
    endloop
  endfacet
  facet normal 0 0 1
    outer loop
      vertex 0.997035 -7.1 3
      vertex -0.166726 -10.8333 3
      vertex 0.0833082 -10.6281 3
    endloop
  endfacet
  facet normal 0 0 1
    outer loop
      vertex 0.0656862 -5.35757 3
      vertex -0.371924 -11.0833 3
      vertex -0.166726 -10.8333 3
    endloop
  endfacet
  facet normal 0 0 1
    outer loop
      vertex 0.0656862 -5.35757 3
      vertex -0.524401 -11.3686 3
      vertex -0.371924 -11.0833 3
    endloop
  endfacet
  facet normal 0 0 1
    outer loop
      vertex -0.730993 -2.73126 3
      vertex -0.524401 -11.3686 3
      vertex 0.0656862 -5.35757 3
    endloop
  endfacet
  facet normal 0 0 1
    outer loop
      vertex -0.911358 -0.9 3
      vertex -37.6825 -1.85336 3
      vertex -0.730993 -2.73126 3
    endloop
  endfacet
  facet normal 0 0 1
    outer loop
      vertex -0.524401 -11.3686 3
      vertex -0.730993 -2.73126 3
      vertex -0.618296 -11.6781 3
    endloop
  endfacet
  facet normal -0 0 1
    outer loop
      vertex -0.911358 0.9 3
      vertex 4.1 -0.9 3
      vertex 4.1 0.9 3
    endloop
  endfacet
  facet normal 0 0 1
    outer loop
      vertex 4.1 -0.9 3
      vertex -0.911358 0.9 3
      vertex -0.911358 -0.9 3
    endloop
  endfacet
  facet normal -0 0 1
    outer loop
      vertex 2.28024 8.9 3
      vertex 4.1 7.1 3
      vertex 4.1 8.9 3
    endloop
  endfacet
  facet normal 0 0 1
    outer loop
      vertex 3.1005 9.89949 3
      vertex 1.91669 10.6281 3
      vertex 2.28024 8.9 3
    endloop
  endfacet
  facet normal -0 0 1
    outer loop
      vertex 1.63143 10.4756 3
      vertex 2.28024 8.9 3
      vertex 1.91669 10.6281 3
    endloop
  endfacet
  facet normal -0 0 1
    outer loop
      vertex 1.3219 10.3817 3
      vertex 2.28024 8.9 3
      vertex 1.63143 10.4756 3
    endloop
  endfacet
  facet normal -0 0 1
    outer loop
      vertex 1 10.35 3
      vertex 2.28024 8.9 3
      vertex 1.3219 10.3817 3
    endloop
  endfacet
  facet normal 0 0 1
    outer loop
      vertex 2.28024 8.9 3
      vertex 0.997035 7.1 3
      vertex 4.1 7.1 3
    endloop
  endfacet
  facet normal 0 0 1
    outer loop
      vertex 0.678101 10.3817 3
      vertex 2.28024 8.9 3
      vertex 1 10.35 3
    endloop
  endfacet
  facet normal 0 0 1
    outer loop
      vertex 2.28024 8.9 3
      vertex 0.678101 10.3817 3
      vertex 0.997035 7.1 3
    endloop
  endfacet
  facet normal 0 0 1
    outer loop
      vertex 0.368572 10.4756 3
      vertex 0.997035 7.1 3
      vertex 0.678101 10.3817 3
    endloop
  endfacet
  facet normal 0 0 1
    outer loop
      vertex 0.0833082 10.6281 3
      vertex 0.997035 7.1 3
      vertex 0.368572 10.4756 3
    endloop
  endfacet
  facet normal 0 0 1
    outer loop
      vertex -0.166726 10.8333 3
      vertex 0.997035 7.1 3
      vertex 0.0833082 10.6281 3
    endloop
  endfacet
  facet normal 0 0 1
    outer loop
      vertex 0.997035 7.1 3
      vertex -0.166726 10.8333 3
      vertex 0.0656862 5.35757 3
    endloop
  endfacet
  facet normal 0 0 1
    outer loop
      vertex -0.371924 11.0833 3
      vertex 0.0656862 5.35757 3
      vertex -0.166726 10.8333 3
    endloop
  endfacet
  facet normal 0 0 1
    outer loop
      vertex -0.524401 11.3686 3
      vertex 0.0656862 5.35757 3
      vertex -0.371924 11.0833 3
    endloop
  endfacet
  facet normal 0 0 1
    outer loop
      vertex -0.730993 2.73126 3
      vertex -0.524401 11.3686 3
      vertex -0.618296 11.6781 3
    endloop
  endfacet
  facet normal 0 0 1
    outer loop
      vertex -0.524401 11.3686 3
      vertex -0.730993 2.73126 3
      vertex 0.0656862 5.35757 3
    endloop
  endfacet
  facet normal 0 0 1
    outer loop
      vertex -37.5 0 3
      vertex -0.618296 11.6781 3
      vertex -0.65 12 3
    endloop
  endfacet
  facet normal -0 0 1
    outer loop
      vertex 5.9 -7.1 3
      vertex 12.1 -8.9 3
      vertex 12.1 -7.1 3
    endloop
  endfacet
  facet normal 0 0 1
    outer loop
      vertex 12.1 -8.9 3
      vertex 5.9 -7.1 3
      vertex 5.9 -8.9 3
    endloop
  endfacet
  facet normal -0 0 1
    outer loop
      vertex 5.9 0.9 3
      vertex 12.1 -0.9 3
      vertex 12.1 0.9 3
    endloop
  endfacet
  facet normal 0 0 1
    outer loop
      vertex 12.1 -0.9 3
      vertex 5.9 0.9 3
      vertex 5.9 -0.9 3
    endloop
  endfacet
  facet normal -0 0 1
    outer loop
      vertex 5.9 8.9 3
      vertex 12.1 7.1 3
      vertex 12.1 8.9 3
    endloop
  endfacet
  facet normal 0 0 1
    outer loop
      vertex 12.1 7.1 3
      vertex 5.9 8.9 3
      vertex 5.9 7.1 3
    endloop
  endfacet
  facet normal -0 0 1
    outer loop
      vertex 13.9 -7.1 3
      vertex 20.1 -8.9 3
      vertex 20.1 -7.1 3
    endloop
  endfacet
  facet normal 0 0 1
    outer loop
      vertex 20.1 -8.9 3
      vertex 13.9 -7.1 3
      vertex 13.9 -8.9 3
    endloop
  endfacet
  facet normal -0 0 1
    outer loop
      vertex 13.9 0.9 3
      vertex 20.1 -0.9 3
      vertex 20.1 0.9 3
    endloop
  endfacet
  facet normal 0 0 1
    outer loop
      vertex 20.1 -0.9 3
      vertex 13.9 0.9 3
      vertex 13.9 -0.9 3
    endloop
  endfacet
  facet normal -0 0 1
    outer loop
      vertex 13.9 8.9 3
      vertex 20.1 7.1 3
      vertex 20.1 8.9 3
    endloop
  endfacet
  facet normal 0 0 1
    outer loop
      vertex 20.1 7.1 3
      vertex 13.9 8.9 3
      vertex 13.9 7.1 3
    endloop
  endfacet
  facet normal -0 0 1
    outer loop
      vertex 2.5244 11.3686 3
      vertex 4.1 10.7198 3
      vertex 2.6183 11.6781 3
    endloop
  endfacet
  facet normal -0 0 1
    outer loop
      vertex 2.37192 11.0833 3
      vertex 4.1 10.7198 3
      vertex 2.5244 11.3686 3
    endloop
  endfacet
  facet normal 0 0 1
    outer loop
      vertex 4.1 10.7198 3
      vertex 2.37192 11.0833 3
      vertex 3.1005 9.89949 3
    endloop
  endfacet
  facet normal -0 0 1
    outer loop
      vertex 2.16673 10.8333 3
      vertex 3.1005 9.89949 3
      vertex 2.37192 11.0833 3
    endloop
  endfacet
  facet normal -0 0 1
    outer loop
      vertex 1.91669 10.6281 3
      vertex 3.1005 9.89949 3
      vertex 2.16673 10.8333 3
    endloop
  endfacet
  facet normal 0 0 1
    outer loop
      vertex 22.8995 9.89949 3
      vertex 23.8333 10.8333 3
      vertex 23.6281 11.0833 3
    endloop
  endfacet
  facet normal 0 0 1
    outer loop
      vertex 21.9 10.7198 3
      vertex 23.6281 11.0833 3
      vertex 23.4756 11.3686 3
    endloop
  endfacet
  facet normal 0 0 1
    outer loop
      vertex 21.9 10.7198 3
      vertex 23.4756 11.3686 3
      vertex 23.3817 11.6781 3
    endloop
  endfacet
  facet normal 0 0 1
    outer loop
      vertex 23.8333 10.8333 3
      vertex 22.8995 9.89949 3
      vertex 23.7198 8.9 3
    endloop
  endfacet
  facet normal 0 0 1
    outer loop
      vertex 21.9 10.7198 3
      vertex 23.3817 11.6781 3
      vertex 23.35 12 3
    endloop
  endfacet
  facet normal 0 0 1
    outer loop
      vertex 54.6683 -30.3327 3
      vertex 26.6183 -11.6781 3
      vertex 26.65 -12 3
    endloop
  endfacet
  facet normal 0 0 1
    outer loop
      vertex 26.731 -2.73126 3
      vertex 26.5244 -11.3686 3
      vertex 26.6183 -11.6781 3
    endloop
  endfacet
  facet normal -0 0 1
    outer loop
      vertex 25.9343 -5.35757 3
      vertex 26.5244 -11.3686 3
      vertex 26.731 -2.73126 3
    endloop
  endfacet
  facet normal 0 0 1
    outer loop
      vertex 26.5244 -11.3686 3
      vertex 25.9343 -5.35757 3
      vertex 26.3719 -11.0833 3
    endloop
  endfacet
  facet normal 0 0 1
    outer loop
      vertex 26.3719 -11.0833 3
      vertex 25.9343 -5.35757 3
      vertex 26.1667 -10.8333 3
    endloop
  endfacet
  facet normal -0 0 1
    outer loop
      vertex 25.003 -7.1 3
      vertex 26.1667 -10.8333 3
      vertex 25.9343 -5.35757 3
    endloop
  endfacet
  facet normal 0 0 1
    outer loop
      vertex 26.1667 -10.8333 3
      vertex 25.003 -7.1 3
      vertex 25.9167 -10.6281 3
    endloop
  endfacet
  facet normal 0 0 1
    outer loop
      vertex 25.9167 -10.6281 3
      vertex 25.003 -7.1 3
      vertex 25.6314 -10.4756 3
    endloop
  endfacet
  facet normal 0 0 1
    outer loop
      vertex 25.6314 -10.4756 3
      vertex 25.003 -7.1 3
      vertex 25.3219 -10.3817 3
    endloop
  endfacet
  facet normal -0 0 1
    outer loop
      vertex 23.7198 -8.9 3
      vertex 25.3219 -10.3817 3
      vertex 25.003 -7.1 3
    endloop
  endfacet
  facet normal 0 0 1
    outer loop
      vertex 25.3219 -10.3817 3
      vertex 23.7198 -8.9 3
      vertex 25 -10.35 3
    endloop
  endfacet
  facet normal 0 0 1
    outer loop
      vertex 25 -10.35 3
      vertex 23.7198 -8.9 3
      vertex 24.6781 -10.3817 3
    endloop
  endfacet
  facet normal 0 0 1
    outer loop
      vertex 24.6781 -10.3817 3
      vertex 23.7198 -8.9 3
      vertex 24.3686 -10.4756 3
    endloop
  endfacet
  facet normal 0 0 1
    outer loop
      vertex 24.3686 -10.4756 3
      vertex 23.7198 -8.9 3
      vertex 24.0833 -10.6281 3
    endloop
  endfacet
  facet normal -0 0 1
    outer loop
      vertex 22.8995 -9.89949 3
      vertex 24.0833 -10.6281 3
      vertex 23.7198 -8.9 3
    endloop
  endfacet
  facet normal -0 0 1
    outer loop
      vertex 21.9 -7.1 3
      vertex 23.7198 -8.9 3
      vertex 25.003 -7.1 3
    endloop
  endfacet
  facet normal 0 0 1
    outer loop
      vertex 23.7198 -8.9 3
      vertex 21.9 -7.1 3
      vertex 21.9 -8.9 3
    endloop
  endfacet
  facet normal -0 0 1
    outer loop
      vertex 21.9 0.9 3
      vertex 26.9114 -0.9 3
      vertex 26.9114 0.9 3
    endloop
  endfacet
  facet normal 0 0 1
    outer loop
      vertex 26.9114 -0.9 3
      vertex 21.9 0.9 3
      vertex 21.9 -0.9 3
    endloop
  endfacet
  facet normal 0 0 1
    outer loop
      vertex 56.4135 31.0555 3
      vertex 61 33 3
      vertex 56.5706 31.3494 3
    endloop
  endfacet
  facet normal 0 0 1
    outer loop
      vertex 61 -33 3
      vertex 56.6673 -31.6683 3
      vertex 56.7 -32 3
    endloop
  endfacet
  facet normal 0 0 1
    outer loop
      vertex 56.2021 30.7979 3
      vertex 61 33 3
      vertex 56.4135 31.0555 3
    endloop
  endfacet
  facet normal 0 0 1
    outer loop
      vertex 61 -33 3
      vertex 56.5706 -31.3494 3
      vertex 56.6673 -31.6683 3
    endloop
  endfacet
  facet normal 0 0 1
    outer loop
      vertex 55.9445 30.5865 3
      vertex 61 33 3
      vertex 56.2021 30.7979 3
    endloop
  endfacet
  facet normal 0 0 1
    outer loop
      vertex 61 -33 3
      vertex 56.4135 -31.0555 3
      vertex 56.5706 -31.3494 3
    endloop
  endfacet
  facet normal 0 0 1
    outer loop
      vertex 61 33 3
      vertex 55.9445 30.5865 3
      vertex 61 -33 3
    endloop
  endfacet
  facet normal 0 0 1
    outer loop
      vertex 61 -33 3
      vertex 56.2021 -30.7979 3
      vertex 56.4135 -31.0555 3
    endloop
  endfacet
  facet normal -0 0 1
    outer loop
      vertex 55.9445 -30.5865 3
      vertex 61 -33 3
      vertex 55.9445 30.5865 3
    endloop
  endfacet
  facet normal 0 0 1
    outer loop
      vertex 61 -33 3
      vertex 55.9445 -30.5865 3
      vertex 56.2021 -30.7979 3
    endloop
  endfacet
  facet normal -0 0 1
    outer loop
      vertex 55.6506 30.4294 3
      vertex 55.9445 -30.5865 3
      vertex 55.9445 30.5865 3
    endloop
  endfacet
  facet normal 0 0 1
    outer loop
      vertex 55.6506 30.4294 3
      vertex 55.6506 -30.4294 3
      vertex 55.9445 -30.5865 3
    endloop
  endfacet
  facet normal 0 0 1
    outer loop
      vertex 51.59 28.01 3
      vertex 55.6506 30.4294 3
      vertex 55.3317 30.3327 3
    endloop
  endfacet
  facet normal 0 0 1
    outer loop
      vertex 55.6506 30.4294 3
      vertex 51.3778 27.8359 3
      vertex 55.6506 -30.4294 3
    endloop
  endfacet
  facet normal 0 0 1
    outer loop
      vertex 51.7641 28.2222 3
      vertex 55.3317 30.3327 3
      vertex 55 30.3 3
    endloop
  endfacet
  facet normal -0 0 1
    outer loop
      vertex 51.1358 27.7066 3
      vertex 55.6506 -30.4294 3
      vertex 51.3778 27.8359 3
    endloop
  endfacet
  facet normal 0 0 1
    outer loop
      vertex 51.8934 28.4642 3
      vertex 55 30.3 3
      vertex 54.6683 30.3327 3
    endloop
  endfacet
  facet normal 0 0 1
    outer loop
      vertex 55.6506 30.4294 3
      vertex 51.59 28.01 3
      vertex 51.3778 27.8359 3
    endloop
  endfacet
  facet normal 0 0 1
    outer loop
      vertex 51.9731 28.7269 3
      vertex 54.6683 30.3327 3
      vertex 54.3494 30.4294 3
    endloop
  endfacet
  facet normal 0 0 1
    outer loop
      vertex 55.6506 -30.4294 3
      vertex 51.1358 27.7066 3
      vertex 55.3317 -30.3327 3
    endloop
  endfacet
  facet normal 0 0 1
    outer loop
      vertex 52 29 3
      vertex 54.3494 30.4294 3
      vertex 54.0555 30.5865 3
    endloop
  endfacet
  facet normal -0 0 1
    outer loop
      vertex 50.8731 27.6269 3
      vertex 55.3317 -30.3327 3
      vertex 51.1358 27.7066 3
    endloop
  endfacet
  facet normal 0 0 1
    outer loop
      vertex 51.9731 29.2731 3
      vertex 54.0555 30.5865 3
      vertex 53.7979 30.7979 3
    endloop
  endfacet
  facet normal 0 0 1
    outer loop
      vertex 55.3317 30.3327 3
      vertex 51.7641 28.2222 3
      vertex 51.59 28.01 3
    endloop
  endfacet
  facet normal 0 0 1
    outer loop
      vertex 51.7641 29.7778 3
      vertex 53.7979 30.7979 3
      vertex 53.5865 31.0555 3
    endloop
  endfacet
  facet normal 0 0 1
    outer loop
      vertex 55.3317 -30.3327 3
      vertex 50.8731 27.6269 3
      vertex 55 -30.3 3
    endloop
  endfacet
  facet normal 0 0 1
    outer loop
      vertex 51.59 29.9899 3
      vertex 53.5865 31.0555 3
      vertex 53.4294 31.3494 3
    endloop
  endfacet
  facet normal 0 0 1
    outer loop
      vertex 55 30.3 3
      vertex 51.8934 28.4642 3
      vertex 51.7641 28.2222 3
    endloop
  endfacet
  facet normal 0 0 1
    outer loop
      vertex 51.3778 30.1641 3
      vertex 53.4294 31.3494 3
      vertex 53.3327 31.6683 3
    endloop
  endfacet
  facet normal -0 0 1
    outer loop
      vertex 26.9114 -0.9 3
      vertex 55 -30.3 3
      vertex 50.8731 27.6269 3
    endloop
  endfacet
  facet normal 0 0 1
    outer loop
      vertex 51.1358 30.2934 3
      vertex 53.3327 31.6683 3
      vertex 53.3 32 3
    endloop
  endfacet
  facet normal -0 0 1
    outer loop
      vertex 26.731 -2.73126 3
      vertex 55 -30.3 3
      vertex 26.9114 -0.9 3
    endloop
  endfacet
  facet normal 0 0 1
    outer loop
      vertex 56.5706 32.6506 3
      vertex 61 33 3
      vertex 60.9039 33.9754 3
    endloop
  endfacet
  facet normal 0 0 1
    outer loop
      vertex 56.6673 31.6683 3
      vertex 61 33 3
      vertex 56.7 32 3
    endloop
  endfacet
  facet normal 0 0 1
    outer loop
      vertex 56.5706 32.6506 3
      vertex 60.9039 33.9754 3
      vertex 60.6194 34.9134 3
    endloop
  endfacet
  facet normal 0 0 1
    outer loop
      vertex 56.5706 31.3494 3
      vertex 61 33 3
      vertex 56.6673 31.6683 3
    endloop
  endfacet
  facet normal 0 0 1
    outer loop
      vertex 56.4135 32.9445 3
      vertex 60.6194 34.9134 3
      vertex 60.1573 35.7778 3
    endloop
  endfacet
  facet normal -0 0 1
    outer loop
      vertex 56.6673 -32.3317 3
      vertex 61 -33 3
      vertex 56.7 -32 3
    endloop
  endfacet
  facet normal 0 0 1
    outer loop
      vertex 56.2021 33.2021 3
      vertex 60.1573 35.7778 3
      vertex 59.5355 36.5355 3
    endloop
  endfacet
  facet normal -0 0 1
    outer loop
      vertex 56.5706 -32.6506 3
      vertex 61 -33 3
      vertex 56.6673 -32.3317 3
    endloop
  endfacet
  facet normal 0 0 1
    outer loop
      vertex 56.2021 33.2021 3
      vertex 59.5355 36.5355 3
      vertex 58.7778 37.1573 3
    endloop
  endfacet
  facet normal 0 0 1
    outer loop
      vertex 61 -33 3
      vertex 56.5706 -32.6506 3
      vertex 60.9039 -33.9754 3
    endloop
  endfacet
  facet normal 0 0 1
    outer loop
      vertex 55.9445 33.4135 3
      vertex 58.7778 37.1573 3
      vertex 57.9134 37.6194 3
    endloop
  endfacet
  facet normal 0 0 1
    outer loop
      vertex 60.9039 -33.9754 3
      vertex 56.5706 -32.6506 3
      vertex 60.6194 -34.9134 3
    endloop
  endfacet
  facet normal 0 0 1
    outer loop
      vertex 55.6506 33.5706 3
      vertex 57.9134 37.6194 3
      vertex 56.9754 37.9039 3
    endloop
  endfacet
  facet normal -0 0 1
    outer loop
      vertex 56.4135 -32.9445 3
      vertex 60.6194 -34.9134 3
      vertex 56.5706 -32.6506 3
    endloop
  endfacet
  facet normal 0 0 1
    outer loop
      vertex 60.6194 -34.9134 3
      vertex 56.4135 -32.9445 3
      vertex 60.1573 -35.7778 3
    endloop
  endfacet
  facet normal 0 0 1
    outer loop
      vertex 61 33 3
      vertex 56.6673 32.3317 3
      vertex 56.7 32 3
    endloop
  endfacet
  facet normal 0 0 1
    outer loop
      vertex 61 33 3
      vertex 56.5706 32.6506 3
      vertex 56.6673 32.3317 3
    endloop
  endfacet
  facet normal 0 0 1
    outer loop
      vertex 60.6194 34.9134 3
      vertex 56.4135 32.9445 3
      vertex 56.5706 32.6506 3
    endloop
  endfacet
  facet normal 0 0 1
    outer loop
      vertex 60.1573 35.7778 3
      vertex 56.2021 33.2021 3
      vertex 56.4135 32.9445 3
    endloop
  endfacet
  facet normal 0 0 1
    outer loop
      vertex 55.6506 33.5706 3
      vertex 56.9754 37.9039 3
      vertex 56 38 3
    endloop
  endfacet
  facet normal 0 0 1
    outer loop
      vertex 58.7778 37.1573 3
      vertex 55.9445 33.4135 3
      vertex 56.2021 33.2021 3
    endloop
  endfacet
  facet normal 0 0 1
    outer loop
      vertex 57.9134 37.6194 3
      vertex 55.6506 33.5706 3
      vertex 55.9445 33.4135 3
    endloop
  endfacet
  facet normal 0 0 1
    outer loop
      vertex 56 38 3
      vertex 55.3317 33.6673 3
      vertex 55.6506 33.5706 3
    endloop
  endfacet
  facet normal 0 0 1
    outer loop
      vertex 56 38 3
      vertex 55 33.7 3
      vertex 55.3317 33.6673 3
    endloop
  endfacet
  facet normal 0 0 1
    outer loop
      vertex 56 38 3
      vertex 54.6683 33.6673 3
      vertex 55 33.7 3
    endloop
  endfacet
  facet normal 0 0 1
    outer loop
      vertex 56 38 3
      vertex 54.3494 33.5706 3
      vertex 54.6683 33.6673 3
    endloop
  endfacet
  facet normal 0 0 1
    outer loop
      vertex 56 38 3
      vertex 54.0555 33.4135 3
      vertex 54.3494 33.5706 3
    endloop
  endfacet
  facet normal 0 0 1
    outer loop
      vertex 56 38 3
      vertex 53.7979 33.2021 3
      vertex 54.0555 33.4135 3
    endloop
  endfacet
  facet normal 0 0 1
    outer loop
      vertex 45.4 30.4 3
      vertex 53.7979 33.2021 3
      vertex 56 38 3
    endloop
  endfacet
  facet normal 0 0 1
    outer loop
      vertex 53.7979 33.2021 3
      vertex 45.4 30.4 3
      vertex 53.5865 32.9445 3
    endloop
  endfacet
  facet normal 0 0 1
    outer loop
      vertex 54.3494 30.4294 3
      vertex 52 29 3
      vertex 51.9731 28.7269 3
    endloop
  endfacet
  facet normal 0 0 1
    outer loop
      vertex 50.8731 30.3731 3
      vertex 53.3 32 3
      vertex 53.3327 32.3317 3
    endloop
  endfacet
  facet normal 0 0 1
    outer loop
      vertex 50.6 30.4 3
      vertex 53.3327 32.3317 3
      vertex 53.4294 32.6506 3
    endloop
  endfacet
  facet normal 0 0 1
    outer loop
      vertex 54.0555 30.5865 3
      vertex 51.9731 29.2731 3
      vertex 52 29 3
    endloop
  endfacet
  facet normal 0 0 1
    outer loop
      vertex 53.7979 30.7979 3
      vertex 51.8934 29.5358 3
      vertex 51.9731 29.2731 3
    endloop
  endfacet
  facet normal 0 -0 1
    outer loop
      vertex 50.6 30.4 3
      vertex 53.5865 32.9445 3
      vertex 45.4 30.4 3
    endloop
  endfacet
  facet normal 0 0 1
    outer loop
      vertex 53.7979 30.7979 3
      vertex 51.7641 29.7778 3
      vertex 51.8934 29.5358 3
    endloop
  endfacet
  facet normal 0 0 1
    outer loop
      vertex 53.5865 31.0555 3
      vertex 51.59 29.9899 3
      vertex 51.7641 29.7778 3
    endloop
  endfacet
  facet normal 0 0 1
    outer loop
      vertex 53.4294 31.3494 3
      vertex 51.3778 30.1641 3
      vertex 51.59 29.9899 3
    endloop
  endfacet
  facet normal 0 0 1
    outer loop
      vertex 53.3327 31.6683 3
      vertex 51.1358 30.2934 3
      vertex 51.3778 30.1641 3
    endloop
  endfacet
  facet normal 0 0 1
    outer loop
      vertex 53.3 32 3
      vertex 50.8731 30.3731 3
      vertex 51.1358 30.2934 3
    endloop
  endfacet
  facet normal 0 0 1
    outer loop
      vertex 53.3327 32.3317 3
      vertex 50.6 30.4 3
      vertex 50.8731 30.3731 3
    endloop
  endfacet
  facet normal 0 0 1
    outer loop
      vertex 53.5865 32.9445 3
      vertex 50.6 30.4 3
      vertex 53.4294 32.6506 3
    endloop
  endfacet
  facet normal 0 0 1
    outer loop
      vertex 56 38 3
      vertex 45.1269 30.3731 3
      vertex 45.4 30.4 3
    endloop
  endfacet
  facet normal 0 0 1
    outer loop
      vertex 34.8731 30.3731 3
      vertex 45.1269 30.3731 3
      vertex 56 38 3
    endloop
  endfacet
  facet normal 0 0 1
    outer loop
      vertex 45.1269 30.3731 3
      vertex 34.8731 30.3731 3
      vertex 44.8642 30.2934 3
    endloop
  endfacet
  facet normal 0 0 1
    outer loop
      vertex 44.0269 29.2731 3
      vertex 36 29 3
      vertex 44 29 3
    endloop
  endfacet
  facet normal 0 0 1
    outer loop
      vertex 35.9731 29.2731 3
      vertex 44.0269 29.2731 3
      vertex 44.1066 29.5358 3
    endloop
  endfacet
  facet normal 0 0 1
    outer loop
      vertex 35.8934 29.5358 3
      vertex 44.1066 29.5358 3
      vertex 44.2359 29.7778 3
    endloop
  endfacet
  facet normal 0 0 1
    outer loop
      vertex 35.7641 29.7778 3
      vertex 44.2359 29.7778 3
      vertex 44.41 29.9899 3
    endloop
  endfacet
  facet normal 0 0 1
    outer loop
      vertex 35.59 29.9899 3
      vertex 44.41 29.9899 3
      vertex 44.6222 30.1641 3
    endloop
  endfacet
  facet normal 0 -0 1
    outer loop
      vertex 35.1358 30.2934 3
      vertex 44.8642 30.2934 3
      vertex 34.8731 30.3731 3
    endloop
  endfacet
  facet normal 0 0 1
    outer loop
      vertex 44.0269 29.2731 3
      vertex 35.9731 29.2731 3
      vertex 36 29 3
    endloop
  endfacet
  facet normal 0 0 1
    outer loop
      vertex 44.1066 29.5358 3
      vertex 35.8934 29.5358 3
      vertex 35.9731 29.2731 3
    endloop
  endfacet
  facet normal 0 0 1
    outer loop
      vertex 44.2359 29.7778 3
      vertex 35.7641 29.7778 3
      vertex 35.8934 29.5358 3
    endloop
  endfacet
  facet normal 0 0 1
    outer loop
      vertex 44.41 29.9899 3
      vertex 35.59 29.9899 3
      vertex 35.7641 29.7778 3
    endloop
  endfacet
  facet normal 0 0 1
    outer loop
      vertex 44.6222 30.1641 3
      vertex 35.3778 30.1641 3
      vertex 35.59 29.9899 3
    endloop
  endfacet
  facet normal 0 0 1
    outer loop
      vertex 44.6222 30.1641 3
      vertex 35.1358 30.2934 3
      vertex 35.3778 30.1641 3
    endloop
  endfacet
  facet normal 0 0 1
    outer loop
      vertex 44.8642 30.2934 3
      vertex 35.1358 30.2934 3
      vertex 44.6222 30.1641 3
    endloop
  endfacet
  facet normal 0 0 1
    outer loop
      vertex 56 38 3
      vertex 34.6 30.4 3
      vertex 34.8731 30.3731 3
    endloop
  endfacet
  facet normal 0 0 1
    outer loop
      vertex 56 38 3
      vertex 29.4 30.4 3
      vertex 34.6 30.4 3
    endloop
  endfacet
  facet normal 0 0 1
    outer loop
      vertex 56 38 3
      vertex 29.1269 30.3731 3
      vertex 29.4 30.4 3
    endloop
  endfacet
  facet normal 0 0 1
    outer loop
      vertex 50.6 27.6 3
      vertex 26.731 2.73126 3
      vertex 26.9114 0.9 3
    endloop
  endfacet
  facet normal 0 0 1
    outer loop
      vertex 28.0269 28.7269 3
      vertex 26.65 12 3
      vertex 26.731 2.73126 3
    endloop
  endfacet
  facet normal 0 0 1
    outer loop
      vertex 28.0269 28.7269 3
      vertex 26.6183 12.3219 3
      vertex 26.65 12 3
    endloop
  endfacet
  facet normal 0 0 1
    outer loop
      vertex 28.0269 28.7269 3
      vertex 26.5244 12.6314 3
      vertex 26.6183 12.3219 3
    endloop
  endfacet
  facet normal 0 0 1
    outer loop
      vertex 28.0269 28.7269 3
      vertex 26.3719 12.9167 3
      vertex 26.5244 12.6314 3
    endloop
  endfacet
  facet normal 0 0 1
    outer loop
      vertex 12.1 13.9114 3
      vertex 28 29 3
      vertex 28.0269 29.2731 3
    endloop
  endfacet
  facet normal 0 0 1
    outer loop
      vertex 28.0269 28.7269 3
      vertex 26.1667 13.1667 3
      vertex 26.3719 12.9167 3
    endloop
  endfacet
  facet normal 0 0 1
    outer loop
      vertex 28.0269 28.7269 3
      vertex 25.9167 13.3719 3
      vertex 26.1667 13.1667 3
    endloop
  endfacet
  facet normal 0 0 1
    outer loop
      vertex 28.0269 28.7269 3
      vertex 25.6314 13.5244 3
      vertex 25.9167 13.3719 3
    endloop
  endfacet
  facet normal 0 0 1
    outer loop
      vertex 28.0269 28.7269 3
      vertex 25.3219 13.6183 3
      vertex 25.6314 13.5244 3
    endloop
  endfacet
  facet normal 0 0 1
    outer loop
      vertex 28.0269 28.7269 3
      vertex 25 13.65 3
      vertex 25.3219 13.6183 3
    endloop
  endfacet
  facet normal 0 0 1
    outer loop
      vertex 28.0269 28.7269 3
      vertex 24.6781 13.6183 3
      vertex 25 13.65 3
    endloop
  endfacet
  facet normal 0 0 1
    outer loop
      vertex 28.0269 28.7269 3
      vertex 24.3686 13.5244 3
      vertex 24.6781 13.6183 3
    endloop
  endfacet
  facet normal 0 0 1
    outer loop
      vertex 28.0269 28.7269 3
      vertex 18.3576 12.9343 3
      vertex 24.3686 13.5244 3
    endloop
  endfacet
  facet normal 0 0 1
    outer loop
      vertex 24.3686 13.5244 3
      vertex 18.3576 12.9343 3
      vertex 24.0833 13.3719 3
    endloop
  endfacet
  facet normal 0 0 1
    outer loop
      vertex 24.0833 13.3719 3
      vertex 18.3576 12.9343 3
      vertex 23.8333 13.1667 3
    endloop
  endfacet
  facet normal 0 -0 1
    outer loop
      vertex 20.1 12.003 3
      vertex 23.8333 13.1667 3
      vertex 18.3576 12.9343 3
    endloop
  endfacet
  facet normal 0 0 1
    outer loop
      vertex 23.8333 13.1667 3
      vertex 20.1 12.003 3
      vertex 23.6281 12.9167 3
    endloop
  endfacet
  facet normal 0 0 1
    outer loop
      vertex 21.9 10.7198 3
      vertex 23.35 12 3
      vertex 23.3817 12.3219 3
    endloop
  endfacet
  facet normal 0 0 1
    outer loop
      vertex 23.6281 11.0833 3
      vertex 21.9 10.7198 3
      vertex 22.8995 9.89949 3
    endloop
  endfacet
  facet normal 0 0 1
    outer loop
      vertex 23.6281 12.9167 3
      vertex 20.1 12.003 3
      vertex 23.4756 12.6314 3
    endloop
  endfacet
  facet normal 0 0 1
    outer loop
      vertex 10.2687 13.731 3
      vertex 28.0269 29.2731 3
      vertex 28.1066 29.5358 3
    endloop
  endfacet
  facet normal 0 0 1
    outer loop
      vertex 20.1 8.9 3
      vertex 21.9 8.9 3
      vertex 21.9 10.7198 3
    endloop
  endfacet
  facet normal 0 0 1
    outer loop
      vertex 21.9 8.9 3
      vertex 20.1 8.9 3
      vertex 21.9 7.1 3
    endloop
  endfacet
  facet normal 0 0 1
    outer loop
      vertex 21.9 7.1 3
      vertex 20.1 7.1 3
      vertex 21.9 0.9 3
    endloop
  endfacet
  facet normal 0 0 1
    outer loop
      vertex 20.1 0.9 3
      vertex 21.9 0.9 3
      vertex 20.1 7.1 3
    endloop
  endfacet
  facet normal 0 0 1
    outer loop
      vertex 20.1 -0.9 3
      vertex 21.9 -0.9 3
      vertex 20.1 0.9 3
    endloop
  endfacet
  facet normal 0 0 1
    outer loop
      vertex 21.9 -0.9 3
      vertex 20.1 -0.9 3
      vertex 21.9 -7.1 3
    endloop
  endfacet
  facet normal 0 0 1
    outer loop
      vertex 20.1 8.9 3
      vertex 21.9 10.7198 3
      vertex 20.1 12.003 3
    endloop
  endfacet
  facet normal 0 0 1
    outer loop
      vertex 23.3817 12.3219 3
      vertex 20.1 12.003 3
      vertex 21.9 10.7198 3
    endloop
  endfacet
  facet normal 0 0 1
    outer loop
      vertex 23.4756 12.6314 3
      vertex 20.1 12.003 3
      vertex 23.3817 12.3219 3
    endloop
  endfacet
  facet normal 0 0 1
    outer loop
      vertex 1 13.65 3
      vertex 28.1066 29.5358 3
      vertex 28.2359 29.7778 3
    endloop
  endfacet
  facet normal 0 0 1
    outer loop
      vertex 28.0269 28.7269 3
      vertex 15.7313 13.731 3
      vertex 18.3576 12.9343 3
    endloop
  endfacet
  facet normal 0 0 1
    outer loop
      vertex 28.0269 28.7269 3
      vertex 13.9 13.9114 3
      vertex 15.7313 13.731 3
    endloop
  endfacet
  facet normal 0 0 1
    outer loop
      vertex -40.2825 28.7175 3
      vertex 28.2359 29.7778 3
      vertex 28.41 29.9899 3
    endloop
  endfacet
  facet normal 0 0 1
    outer loop
      vertex 12.1 8.9 3
      vertex 13.9 8.9 3
      vertex 13.9 13.9114 3
    endloop
  endfacet
  facet normal 0 0 1
    outer loop
      vertex 13.9 8.9 3
      vertex 12.1 8.9 3
      vertex 13.9 7.1 3
    endloop
  endfacet
  facet normal 0 0 1
    outer loop
      vertex 13.9 7.1 3
      vertex 12.1 7.1 3
      vertex 13.9 0.9 3
    endloop
  endfacet
  facet normal 0 0 1
    outer loop
      vertex 12.1 0.9 3
      vertex 13.9 0.9 3
      vertex 12.1 7.1 3
    endloop
  endfacet
  facet normal 0 0 1
    outer loop
      vertex 12.1 -0.9 3
      vertex 13.9 -0.9 3
      vertex 12.1 0.9 3
    endloop
  endfacet
  facet normal 0 0 1
    outer loop
      vertex 13.9 -0.9 3
      vertex 12.1 -0.9 3
      vertex 13.9 -7.1 3
    endloop
  endfacet
  facet normal 0 0 1
    outer loop
      vertex 12.1 8.9 3
      vertex 13.9 13.9114 3
      vertex 12.1 13.9114 3
    endloop
  endfacet
  facet normal 0 0 1
    outer loop
      vertex 28 29 3
      vertex 12.1 13.9114 3
      vertex 13.9 13.9114 3
    endloop
  endfacet
  facet normal 0 0 1
    outer loop
      vertex 28.0269 29.2731 3
      vertex 10.2687 13.731 3
      vertex 12.1 13.9114 3
    endloop
  endfacet
  facet normal 0 0 1
    outer loop
      vertex 28.1066 29.5358 3
      vertex 1.3219 13.6183 3
      vertex 10.2687 13.731 3
    endloop
  endfacet
  facet normal 0 -0 1
    outer loop
      vertex 1.63143 13.5244 3
      vertex 10.2687 13.731 3
      vertex 1.3219 13.6183 3
    endloop
  endfacet
  facet normal 0 0 1
    outer loop
      vertex -41.7221 29.899 3
      vertex 28.41 29.9899 3
      vertex 28.6222 30.1641 3
    endloop
  endfacet
  facet normal -0 0 1
    outer loop
      vertex 4.1 10.7198 3
      vertex 5.9 8.9 3
      vertex 5.9 12.003 3
    endloop
  endfacet
  facet normal 0 0 1
    outer loop
      vertex 5.9 8.9 3
      vertex 4.1 8.9 3
      vertex 5.9 7.1 3
    endloop
  endfacet
  facet normal 0 0 1
    outer loop
      vertex 5.9 7.1 3
      vertex 4.1 7.1 3
      vertex 5.9 0.9 3
    endloop
  endfacet
  facet normal 0 0 1
    outer loop
      vertex 4.1 0.9 3
      vertex 5.9 0.9 3
      vertex 4.1 7.1 3
    endloop
  endfacet
  facet normal 0 0 1
    outer loop
      vertex 4.1 -0.9 3
      vertex 5.9 -0.9 3
      vertex 4.1 0.9 3
    endloop
  endfacet
  facet normal 0 0 1
    outer loop
      vertex 5.9 -0.9 3
      vertex 4.1 -0.9 3
      vertex 5.9 -7.1 3
    endloop
  endfacet
  facet normal 0 0 1
    outer loop
      vertex 5.9 8.9 3
      vertex 4.1 10.7198 3
      vertex 4.1 8.9 3
    endloop
  endfacet
  facet normal -0 -0 1
    outer loop
      vertex 1.91669 13.3719 3
      vertex 7.64243 12.9343 3
      vertex 1.63143 13.5244 3
    endloop
  endfacet
  facet normal -0 0 1
    outer loop
      vertex 2.6183 11.6781 3
      vertex 4.1 10.7198 3
      vertex 2.65 12 3
    endloop
  endfacet
  facet normal -0 -0 1
    outer loop
      vertex 2.5244 12.6314 3
      vertex 5.9 12.003 3
      vertex 2.37192 12.9167 3
    endloop
  endfacet
  facet normal 0 0 1
    outer loop
      vertex 4.1 10.7198 3
      vertex 2.6183 12.3219 3
      vertex 2.65 12 3
    endloop
  endfacet
  facet normal 0 0 1
    outer loop
      vertex 5.9 12.003 3
      vertex 2.6183 12.3219 3
      vertex 4.1 10.7198 3
    endloop
  endfacet
  facet normal -0 -0 1
    outer loop
      vertex 2.6183 12.3219 3
      vertex 5.9 12.003 3
      vertex 2.5244 12.6314 3
    endloop
  endfacet
  facet normal 0 0 1
    outer loop
      vertex 5.9 12.003 3
      vertex 2.16673 13.1667 3
      vertex 2.37192 12.9167 3
    endloop
  endfacet
  facet normal 0 0 1
    outer loop
      vertex 7.64243 12.9343 3
      vertex 2.16673 13.1667 3
      vertex 5.9 12.003 3
    endloop
  endfacet
  facet normal -0 -0 1
    outer loop
      vertex 2.16673 13.1667 3
      vertex 7.64243 12.9343 3
      vertex 1.91669 13.3719 3
    endloop
  endfacet
  facet normal 0 0 1
    outer loop
      vertex 10.2687 13.731 3
      vertex 1.63143 13.5244 3
      vertex 7.64243 12.9343 3
    endloop
  endfacet
  facet normal 0 0 1
    outer loop
      vertex 28.1066 29.5358 3
      vertex 1 13.65 3
      vertex 1.3219 13.6183 3
    endloop
  endfacet
  facet normal 0 0 1
    outer loop
      vertex 28.2359 29.7778 3
      vertex 0.678101 13.6183 3
      vertex 1 13.65 3
    endloop
  endfacet
  facet normal 0 0 1
    outer loop
      vertex 28.2359 29.7778 3
      vertex -40.2825 28.7175 3
      vertex 0.678101 13.6183 3
    endloop
  endfacet
  facet normal -0 -0 1
    outer loop
      vertex -39.101 27.2779 3
      vertex 0.678101 13.6183 3
      vertex -40.2825 28.7175 3
    endloop
  endfacet
  facet normal 0 0 1
    outer loop
      vertex -0.618296 11.6781 3
      vertex -37.5 0 3
      vertex -0.730993 2.73126 3
    endloop
  endfacet
  facet normal 0 0 1
    outer loop
      vertex -0.730993 2.73126 3
      vertex -37.5 0 3
      vertex -0.911358 0.9 3
    endloop
  endfacet
  facet normal 0 0 1
    outer loop
      vertex -0.618296 12.3219 3
      vertex -37.6825 20.1466 3
      vertex -0.65 12 3
    endloop
  endfacet
  facet normal 0 0 1
    outer loop
      vertex -0.524401 12.6314 3
      vertex -37.6825 20.1466 3
      vertex -0.618296 12.3219 3
    endloop
  endfacet
  facet normal -0 0 1
    outer loop
      vertex -37.6825 20.1466 3
      vertex -0.524401 12.6314 3
      vertex -37.5 22 3
    endloop
  endfacet
  facet normal 0 0 1
    outer loop
      vertex -0.371924 12.9167 3
      vertex -37.5 22 3
      vertex -0.524401 12.6314 3
    endloop
  endfacet
  facet normal 0 0 1
    outer loop
      vertex -37.6825 23.8534 3
      vertex -0.371924 12.9167 3
      vertex -0.166726 13.1667 3
    endloop
  endfacet
  facet normal 0 0 1
    outer loop
      vertex -37.6825 23.8534 3
      vertex -0.166726 13.1667 3
      vertex 0.0833082 13.3719 3
    endloop
  endfacet
  facet normal 0 0 1
    outer loop
      vertex 0.678101 13.6183 3
      vertex -39.101 27.2779 3
      vertex 0.368572 13.5244 3
    endloop
  endfacet
  facet normal 0 0 1
    outer loop
      vertex -41.7221 29.899 3
      vertex 28.6222 30.1641 3
      vertex 28.8642 30.2934 3
    endloop
  endfacet
  facet normal 0 0 1
    outer loop
      vertex -56 38 3
      vertex 28.8642 30.2934 3
      vertex 29.1269 30.3731 3
    endloop
  endfacet
  facet normal -0 0 1
    outer loop
      vertex -56 38 3
      vertex 29.1269 30.3731 3
      vertex 56 38 3
    endloop
  endfacet
  facet normal 0 0 1
    outer loop
      vertex -0.371924 12.9167 3
      vertex -37.6825 23.8534 3
      vertex -37.5 22 3
    endloop
  endfacet
  facet normal 0 0 1
    outer loop
      vertex 0.0833082 13.3719 3
      vertex -38.2231 25.6355 3
      vertex -37.6825 23.8534 3
    endloop
  endfacet
  facet normal 0 0 1
    outer loop
      vertex 0.368572 13.5244 3
      vertex -38.2231 25.6355 3
      vertex 0.0833082 13.3719 3
    endloop
  endfacet
  facet normal -0 -0 1
    outer loop
      vertex -38.2231 25.6355 3
      vertex 0.368572 13.5244 3
      vertex -39.101 27.2779 3
    endloop
  endfacet
  facet normal 0 0 1
    outer loop
      vertex 28.41 29.9899 3
      vertex -41.7221 29.899 3
      vertex -40.2825 28.7175 3
    endloop
  endfacet
  facet normal 0 0 1
    outer loop
      vertex 28.8642 30.2934 3
      vertex -43.3645 30.7769 3
      vertex -41.7221 29.899 3
    endloop
  endfacet
  facet normal 0 0 1
    outer loop
      vertex 28.8642 30.2934 3
      vertex -56 38 3
      vertex -43.3645 30.7769 3
    endloop
  endfacet
  facet normal 0 0 1
    outer loop
      vertex -43.3645 30.7769 3
      vertex -56 38 3
      vertex -45.1466 31.3175 3
    endloop
  endfacet
  facet normal -0 0 1
    outer loop
      vertex -53.3327 31.6683 3
      vertex -50.6355 30.7769 3
      vertex -53.3 32 3
    endloop
  endfacet
  facet normal 0 0 1
    outer loop
      vertex -53.4294 32.6506 3
      vertex -50.6355 30.7769 3
      vertex -48.8534 31.3175 3
    endloop
  endfacet
  facet normal 0 0 1
    outer loop
      vertex -56 38 3
      vertex -48.8534 31.3175 3
      vertex -47 31.5 3
    endloop
  endfacet
  facet normal 0 0 1
    outer loop
      vertex -45.1466 31.3175 3
      vertex -56 38 3
      vertex -47 31.5 3
    endloop
  endfacet
  facet normal 0 0 1
    outer loop
      vertex -50.6355 30.7769 3
      vertex -53.3327 32.3317 3
      vertex -53.3 32 3
    endloop
  endfacet
  facet normal 0 0 1
    outer loop
      vertex -50.6355 30.7769 3
      vertex -53.4294 32.6506 3
      vertex -53.3327 32.3317 3
    endloop
  endfacet
  facet normal 0 0 1
    outer loop
      vertex -48.8534 31.3175 3
      vertex -53.5865 32.9445 3
      vertex -53.4294 32.6506 3
    endloop
  endfacet
  facet normal 0 0 1
    outer loop
      vertex -48.8534 31.3175 3
      vertex -56 38 3
      vertex -53.7979 33.2021 3
    endloop
  endfacet
  facet normal 0 0 1
    outer loop
      vertex -48.8534 31.3175 3
      vertex -53.7979 33.2021 3
      vertex -53.5865 32.9445 3
    endloop
  endfacet
  facet normal 0 0 1
    outer loop
      vertex -53.7979 33.2021 3
      vertex -56 38 3
      vertex -54.0555 33.4135 3
    endloop
  endfacet
  facet normal 0 0 1
    outer loop
      vertex -54.0555 33.4135 3
      vertex -56 38 3
      vertex -54.3494 33.5706 3
    endloop
  endfacet
  facet normal 0 0 1
    outer loop
      vertex -54.3494 33.5706 3
      vertex -56 38 3
      vertex -54.6683 33.6673 3
    endloop
  endfacet
  facet normal 0 0 1
    outer loop
      vertex -54.6683 33.6673 3
      vertex -56 38 3
      vertex -55 33.7 3
    endloop
  endfacet
  facet normal 0 0 1
    outer loop
      vertex -56 38 3
      vertex -55.3317 33.6673 3
      vertex -55 33.7 3
    endloop
  endfacet
  facet normal 0 0 1
    outer loop
      vertex -56 38 3
      vertex -55.6506 33.5706 3
      vertex -55.3317 33.6673 3
    endloop
  endfacet
  facet normal -0 0 1
    outer loop
      vertex -56.9754 37.9039 3
      vertex -55.6506 33.5706 3
      vertex -56 38 3
    endloop
  endfacet
  facet normal -0 0 1
    outer loop
      vertex -57.9134 37.6194 3
      vertex -55.6506 33.5706 3
      vertex -56.9754 37.9039 3
    endloop
  endfacet
  facet normal 0 0 1
    outer loop
      vertex -55.6506 33.5706 3
      vertex -57.9134 37.6194 3
      vertex -55.9445 33.4135 3
    endloop
  endfacet
  facet normal -0 0 1
    outer loop
      vertex -58.7778 37.1573 3
      vertex -55.9445 33.4135 3
      vertex -57.9134 37.6194 3
    endloop
  endfacet
  facet normal 0 0 1
    outer loop
      vertex -55.9445 33.4135 3
      vertex -58.7778 37.1573 3
      vertex -56.2021 33.2021 3
    endloop
  endfacet
  facet normal 0 0 1
    outer loop
      vertex -56.2021 33.2021 3
      vertex -60.1573 35.7778 3
      vertex -56.4135 32.9445 3
    endloop
  endfacet
  facet normal -0 0 1
    outer loop
      vertex -60.1573 35.7778 3
      vertex -56.2021 33.2021 3
      vertex -59.5355 36.5355 3
    endloop
  endfacet
  facet normal -0 0 1
    outer loop
      vertex -59.5355 36.5355 3
      vertex -56.2021 33.2021 3
      vertex -58.7778 37.1573 3
    endloop
  endfacet
  facet normal -0 0 1
    outer loop
      vertex 56.2021 -33.2021 3
      vertex 60.1573 -35.7778 3
      vertex 56.4135 -32.9445 3
    endloop
  endfacet
  facet normal 0 0 1
    outer loop
      vertex 60.1573 -35.7778 3
      vertex 56.2021 -33.2021 3
      vertex 59.5355 -36.5355 3
    endloop
  endfacet
  facet normal 0 0 1
    outer loop
      vertex 59.5355 -36.5355 3
      vertex 56.2021 -33.2021 3
      vertex 58.7778 -37.1573 3
    endloop
  endfacet
  facet normal -0 0 1
    outer loop
      vertex 55.9445 -33.4135 3
      vertex 58.7778 -37.1573 3
      vertex 56.2021 -33.2021 3
    endloop
  endfacet
  facet normal 0 0 1
    outer loop
      vertex 58.7778 -37.1573 3
      vertex 55.9445 -33.4135 3
      vertex 57.9134 -37.6194 3
    endloop
  endfacet
  facet normal -0 0 1
    outer loop
      vertex 55.6506 -33.5706 3
      vertex 57.9134 -37.6194 3
      vertex 55.9445 -33.4135 3
    endloop
  endfacet
  facet normal 0 0 1
    outer loop
      vertex 57.9134 -37.6194 3
      vertex 55.6506 -33.5706 3
      vertex 56.9754 -37.9039 3
    endloop
  endfacet
  facet normal 0 0 1
    outer loop
      vertex 56.9754 -37.9039 3
      vertex 55.6506 -33.5706 3
      vertex 56 -38 3
    endloop
  endfacet
  facet normal -0 0 1
    outer loop
      vertex 55.3317 -33.6673 3
      vertex 56 -38 3
      vertex 55.6506 -33.5706 3
    endloop
  endfacet
  facet normal -0 0 1
    outer loop
      vertex 55 -33.7 3
      vertex 56 -38 3
      vertex 55.3317 -33.6673 3
    endloop
  endfacet
  facet normal 0 0 1
    outer loop
      vertex 54.6683 -33.6673 3
      vertex 56 -38 3
      vertex 55 -33.7 3
    endloop
  endfacet
  facet normal 0 0 1
    outer loop
      vertex 54.3494 -33.5706 3
      vertex 56 -38 3
      vertex 54.6683 -33.6673 3
    endloop
  endfacet
  facet normal 0 0 1
    outer loop
      vertex 54.0555 -33.4135 3
      vertex 56 -38 3
      vertex 54.3494 -33.5706 3
    endloop
  endfacet
  facet normal 0 0 1
    outer loop
      vertex 53.7979 -33.2021 3
      vertex 56 -38 3
      vertex 54.0555 -33.4135 3
    endloop
  endfacet
  facet normal 0 0 1
    outer loop
      vertex 53.5865 -32.9445 3
      vertex 56 -38 3
      vertex 53.7979 -33.2021 3
    endloop
  endfacet
  facet normal 0 0 1
    outer loop
      vertex 24.6781 -13.6183 3
      vertex 53.5865 -32.9445 3
      vertex 53.4294 -32.6506 3
    endloop
  endfacet
  facet normal 0 0 1
    outer loop
      vertex 54.6683 30.3327 3
      vertex 51.9731 28.7269 3
      vertex 51.8934 28.4642 3
    endloop
  endfacet
  facet normal 0 0 1
    outer loop
      vertex 55 -30.3 3
      vertex 26.731 -2.73126 3
      vertex 54.6683 -30.3327 3
    endloop
  endfacet
  facet normal -0 0 1
    outer loop
      vertex 26.6183 -11.6781 3
      vertex 54.6683 -30.3327 3
      vertex 26.731 -2.73126 3
    endloop
  endfacet
  facet normal 0 0 1
    outer loop
      vertex 54.6683 -30.3327 3
      vertex 26.65 -12 3
      vertex 54.3494 -30.4294 3
    endloop
  endfacet
  facet normal 0 0 1
    outer loop
      vertex 54.3494 -30.4294 3
      vertex 26.65 -12 3
      vertex 54.0555 -30.5865 3
    endloop
  endfacet
  facet normal -0 0 1
    outer loop
      vertex 26.6183 -12.3219 3
      vertex 54.0555 -30.5865 3
      vertex 26.65 -12 3
    endloop
  endfacet
  facet normal 0 0 1
    outer loop
      vertex 54.0555 -30.5865 3
      vertex 26.6183 -12.3219 3
      vertex 53.7979 -30.7979 3
    endloop
  endfacet
  facet normal 0 0 1
    outer loop
      vertex 26.9114 0.9 3
      vertex 50.8731 27.6269 3
      vertex 50.6 27.6 3
    endloop
  endfacet
  facet normal 0 0 1
    outer loop
      vertex 26.731 2.73126 3
      vertex 50.6 27.6 3
      vertex 45.4 27.6 3
    endloop
  endfacet
  facet normal -0 0 1
    outer loop
      vertex 26.5244 -12.6314 3
      vertex 53.7979 -30.7979 3
      vertex 26.6183 -12.3219 3
    endloop
  endfacet
  facet normal 0 0 1
    outer loop
      vertex 26.731 2.73126 3
      vertex 45.4 27.6 3
      vertex 45.1269 27.6269 3
    endloop
  endfacet
  facet normal 0 0 1
    outer loop
      vertex 26.731 2.73126 3
      vertex 45.1269 27.6269 3
      vertex 44.8642 27.7066 3
    endloop
  endfacet
  facet normal 0 0 1
    outer loop
      vertex 35.1358 27.7066 3
      vertex 44.8642 27.7066 3
      vertex 44.6222 27.8359 3
    endloop
  endfacet
  facet normal 0 0 1
    outer loop
      vertex 35.3778 27.8359 3
      vertex 44.6222 27.8359 3
      vertex 44.41 28.01 3
    endloop
  endfacet
  facet normal 0 0 1
    outer loop
      vertex 35.59 28.01 3
      vertex 44.41 28.01 3
      vertex 44.2359 28.2222 3
    endloop
  endfacet
  facet normal 0 0 1
    outer loop
      vertex 35.7641 28.2222 3
      vertex 44.2359 28.2222 3
      vertex 44.1066 28.4642 3
    endloop
  endfacet
  facet normal 0 0 1
    outer loop
      vertex 35.8934 28.4642 3
      vertex 44.1066 28.4642 3
      vertex 44.0269 28.7269 3
    endloop
  endfacet
  facet normal -0 0 1
    outer loop
      vertex 36 29 3
      vertex 44.0269 28.7269 3
      vertex 44 29 3
    endloop
  endfacet
  facet normal 0 0 1
    outer loop
      vertex 35.9731 28.7269 3
      vertex 44.0269 28.7269 3
      vertex 36 29 3
    endloop
  endfacet
  facet normal 0 0 1
    outer loop
      vertex 35.8934 28.4642 3
      vertex 44.0269 28.7269 3
      vertex 35.9731 28.7269 3
    endloop
  endfacet
  facet normal 0 0 1
    outer loop
      vertex 44.1066 28.4642 3
      vertex 35.8934 28.4642 3
      vertex 35.7641 28.2222 3
    endloop
  endfacet
  facet normal 0 0 1
    outer loop
      vertex 44.2359 28.2222 3
      vertex 35.7641 28.2222 3
      vertex 35.59 28.01 3
    endloop
  endfacet
  facet normal 0 0 1
    outer loop
      vertex 44.41 28.01 3
      vertex 35.59 28.01 3
      vertex 35.3778 27.8359 3
    endloop
  endfacet
  facet normal 0 0 1
    outer loop
      vertex 44.6222 27.8359 3
      vertex 35.3778 27.8359 3
      vertex 35.1358 27.7066 3
    endloop
  endfacet
  facet normal 0 0 1
    outer loop
      vertex 26.731 2.73126 3
      vertex 44.8642 27.7066 3
      vertex 35.1358 27.7066 3
    endloop
  endfacet
  facet normal 0 0 1
    outer loop
      vertex 26.731 2.73126 3
      vertex 35.1358 27.7066 3
      vertex 34.8731 27.6269 3
    endloop
  endfacet
  facet normal 0 0 1
    outer loop
      vertex 50.8731 27.6269 3
      vertex 26.9114 0.9 3
      vertex 26.9114 -0.9 3
    endloop
  endfacet
  facet normal 0 0 1
    outer loop
      vertex 26.731 2.73126 3
      vertex 34.8731 27.6269 3
      vertex 34.6 27.6 3
    endloop
  endfacet
  facet normal 0 0 1
    outer loop
      vertex 26.731 2.73126 3
      vertex 34.6 27.6 3
      vertex 29.4 27.6 3
    endloop
  endfacet
  facet normal 0 0 1
    outer loop
      vertex 26.731 2.73126 3
      vertex 29.4 27.6 3
      vertex 29.1269 27.6269 3
    endloop
  endfacet
  facet normal 0 0 1
    outer loop
      vertex 26.731 2.73126 3
      vertex 29.1269 27.6269 3
      vertex 28.8642 27.7066 3
    endloop
  endfacet
  facet normal 0 0 1
    outer loop
      vertex 26.731 2.73126 3
      vertex 28.8642 27.7066 3
      vertex 28.6222 27.8359 3
    endloop
  endfacet
  facet normal 0 0 1
    outer loop
      vertex 26.731 2.73126 3
      vertex 28.6222 27.8359 3
      vertex 28.41 28.01 3
    endloop
  endfacet
  facet normal 0 0 1
    outer loop
      vertex 26.731 2.73126 3
      vertex 28.41 28.01 3
      vertex 28.2359 28.2222 3
    endloop
  endfacet
  facet normal 0 0 1
    outer loop
      vertex 26.731 2.73126 3
      vertex 28.2359 28.2222 3
      vertex 28.1066 28.4642 3
    endloop
  endfacet
  facet normal 0 0 1
    outer loop
      vertex 13.9 13.9114 3
      vertex 28.0269 28.7269 3
      vertex 28 29 3
    endloop
  endfacet
  facet normal 0 0 1
    outer loop
      vertex 26.731 2.73126 3
      vertex 28.1066 28.4642 3
      vertex 28.0269 28.7269 3
    endloop
  endfacet
  facet normal 0 0 1
    outer loop
      vertex 53.7979 -30.7979 3
      vertex 26.5244 -12.6314 3
      vertex 53.5865 -31.0555 3
    endloop
  endfacet
  facet normal -0 0 1
    outer loop
      vertex 26.3719 -12.9167 3
      vertex 53.5865 -31.0555 3
      vertex 26.5244 -12.6314 3
    endloop
  endfacet
  facet normal 0 0 1
    outer loop
      vertex 53.5865 -31.0555 3
      vertex 26.3719 -12.9167 3
      vertex 53.4294 -31.3494 3
    endloop
  endfacet
  facet normal -0 0 1
    outer loop
      vertex 26.1667 -13.1667 3
      vertex 53.4294 -31.3494 3
      vertex 26.3719 -12.9167 3
    endloop
  endfacet
  facet normal 0 0 1
    outer loop
      vertex 53.4294 -31.3494 3
      vertex 26.1667 -13.1667 3
      vertex 53.3327 -31.6683 3
    endloop
  endfacet
  facet normal -0 0 1
    outer loop
      vertex 25.9167 -13.3719 3
      vertex 53.3327 -31.6683 3
      vertex 26.1667 -13.1667 3
    endloop
  endfacet
  facet normal 0 0 1
    outer loop
      vertex 53.3327 -31.6683 3
      vertex 25.9167 -13.3719 3
      vertex 53.3 -32 3
    endloop
  endfacet
  facet normal -0 0 1
    outer loop
      vertex 25.6314 -13.5244 3
      vertex 53.3 -32 3
      vertex 25.9167 -13.3719 3
    endloop
  endfacet
  facet normal 0 0 1
    outer loop
      vertex 53.3 -32 3
      vertex 25.6314 -13.5244 3
      vertex 53.3327 -32.3317 3
    endloop
  endfacet
  facet normal -0 0 1
    outer loop
      vertex 25.3219 -13.6183 3
      vertex 53.3327 -32.3317 3
      vertex 25.6314 -13.5244 3
    endloop
  endfacet
  facet normal 0 0 1
    outer loop
      vertex 53.3327 -32.3317 3
      vertex 25.3219 -13.6183 3
      vertex 53.4294 -32.6506 3
    endloop
  endfacet
  facet normal -0 0 1
    outer loop
      vertex 25 -13.65 3
      vertex 53.4294 -32.6506 3
      vertex 25.3219 -13.6183 3
    endloop
  endfacet
  facet normal 0 0 1
    outer loop
      vertex 24.6781 -13.6183 3
      vertex 53.4294 -32.6506 3
      vertex 25 -13.65 3
    endloop
  endfacet
  facet normal 0 0 1
    outer loop
      vertex 53.5865 -32.9445 3
      vertex 24.6781 -13.6183 3
      vertex 15.7313 -13.731 3
    endloop
  endfacet
  facet normal 0 0 1
    outer loop
      vertex 15.7313 -13.731 3
      vertex 24.6781 -13.6183 3
      vertex 24.3686 -13.5244 3
    endloop
  endfacet
  facet normal 0 0 1
    outer loop
      vertex 18.3576 -12.9343 3
      vertex 24.3686 -13.5244 3
      vertex 24.0833 -13.3719 3
    endloop
  endfacet
  facet normal 0 0 1
    outer loop
      vertex 23.3817 -11.6781 3
      vertex 21.9 -10.7198 3
      vertex 23.35 -12 3
    endloop
  endfacet
  facet normal 0 0 1
    outer loop
      vertex 23.35 -12 3
      vertex 21.9 -10.7198 3
      vertex 23.3817 -12.3219 3
    endloop
  endfacet
  facet normal -0 0 1
    outer loop
      vertex 20.1 -12.003 3
      vertex 23.3817 -12.3219 3
      vertex 21.9 -10.7198 3
    endloop
  endfacet
  facet normal 0 0 1
    outer loop
      vertex 23.3817 -12.3219 3
      vertex 20.1 -12.003 3
      vertex 23.4756 -12.6314 3
    endloop
  endfacet
  facet normal 0 0 1
    outer loop
      vertex 21.9 7.1 3
      vertex 20.1 8.9 3
      vertex 20.1 7.1 3
    endloop
  endfacet
  facet normal 0 0 1
    outer loop
      vertex 21.9 0.9 3
      vertex 20.1 0.9 3
      vertex 21.9 -0.9 3
    endloop
  endfacet
  facet normal 0 0 1
    outer loop
      vertex 20.1 -7.1 3
      vertex 21.9 -7.1 3
      vertex 20.1 -0.9 3
    endloop
  endfacet
  facet normal 0 0 1
    outer loop
      vertex 21.9 -7.1 3
      vertex 20.1 -7.1 3
      vertex 21.9 -8.9 3
    endloop
  endfacet
  facet normal 0 0 1
    outer loop
      vertex 20.1 -8.9 3
      vertex 21.9 -8.9 3
      vertex 20.1 -7.1 3
    endloop
  endfacet
  facet normal 0 0 1
    outer loop
      vertex 21.9 -8.9 3
      vertex 20.1 -8.9 3
      vertex 21.9 -10.7198 3
    endloop
  endfacet
  facet normal 0 0 1
    outer loop
      vertex 20.1 -12.003 3
      vertex 21.9 -10.7198 3
      vertex 20.1 -8.9 3
    endloop
  endfacet
  facet normal 0 0 1
    outer loop
      vertex 23.4756 -12.6314 3
      vertex 20.1 -12.003 3
      vertex 23.6281 -12.9167 3
    endloop
  endfacet
  facet normal 0 0 1
    outer loop
      vertex 23.6281 -12.9167 3
      vertex 20.1 -12.003 3
      vertex 23.8333 -13.1667 3
    endloop
  endfacet
  facet normal -0 0 1
    outer loop
      vertex 18.3576 -12.9343 3
      vertex 23.8333 -13.1667 3
      vertex 20.1 -12.003 3
    endloop
  endfacet
  facet normal 0 0 1
    outer loop
      vertex 23.8333 -13.1667 3
      vertex 18.3576 -12.9343 3
      vertex 24.0833 -13.3719 3
    endloop
  endfacet
  facet normal 0 0 1
    outer loop
      vertex 24.3686 -13.5244 3
      vertex 18.3576 -12.9343 3
      vertex 15.7313 -13.731 3
    endloop
  endfacet
  facet normal 0 0 1
    outer loop
      vertex 53.5865 -32.9445 3
      vertex 15.7313 -13.731 3
      vertex 56 -38 3
    endloop
  endfacet
  facet normal -0 0 1
    outer loop
      vertex 13.9 -13.9114 3
      vertex 56 -38 3
      vertex 15.7313 -13.731 3
    endloop
  endfacet
  facet normal 0 0 1
    outer loop
      vertex 13.9 7.1 3
      vertex 12.1 8.9 3
      vertex 12.1 7.1 3
    endloop
  endfacet
  facet normal 0 0 1
    outer loop
      vertex 13.9 0.9 3
      vertex 12.1 0.9 3
      vertex 13.9 -0.9 3
    endloop
  endfacet
  facet normal 0 0 1
    outer loop
      vertex 12.1 -7.1 3
      vertex 13.9 -7.1 3
      vertex 12.1 -0.9 3
    endloop
  endfacet
  facet normal 0 0 1
    outer loop
      vertex 13.9 -7.1 3
      vertex 12.1 -7.1 3
      vertex 13.9 -8.9 3
    endloop
  endfacet
  facet normal 0 0 1
    outer loop
      vertex 12.1 -8.9 3
      vertex 13.9 -8.9 3
      vertex 12.1 -7.1 3
    endloop
  endfacet
  facet normal 0 0 1
    outer loop
      vertex 13.9 -8.9 3
      vertex 12.1 -8.9 3
      vertex 13.9 -13.9114 3
    endloop
  endfacet
  facet normal 0 0 1
    outer loop
      vertex 12.1 -13.9114 3
      vertex 13.9 -13.9114 3
      vertex 12.1 -8.9 3
    endloop
  endfacet
  facet normal -0 0 1
    outer loop
      vertex 12.1 -13.9114 3
      vertex 56 -38 3
      vertex 13.9 -13.9114 3
    endloop
  endfacet
  facet normal 0 0 1
    outer loop
      vertex 10.2687 -13.731 3
      vertex 56 -38 3
      vertex 12.1 -13.9114 3
    endloop
  endfacet
  facet normal -0 0 1
    outer loop
      vertex 1.63143 -13.5244 3
      vertex 10.2687 -13.731 3
      vertex 7.64243 -12.9343 3
    endloop
  endfacet
  facet normal 0 0 1
    outer loop
      vertex 5.9 7.1 3
      vertex 4.1 8.9 3
      vertex 4.1 7.1 3
    endloop
  endfacet
  facet normal 0 0 1
    outer loop
      vertex 5.9 0.9 3
      vertex 4.1 0.9 3
      vertex 5.9 -0.9 3
    endloop
  endfacet
  facet normal 0 0 1
    outer loop
      vertex 4.1 -7.1 3
      vertex 5.9 -7.1 3
      vertex 4.1 -0.9 3
    endloop
  endfacet
  facet normal 0 0 1
    outer loop
      vertex 5.9 -7.1 3
      vertex 4.1 -7.1 3
      vertex 5.9 -8.9 3
    endloop
  endfacet
  facet normal 0 0 1
    outer loop
      vertex 4.1 -8.9 3
      vertex 5.9 -8.9 3
      vertex 4.1 -7.1 3
    endloop
  endfacet
  facet normal 0 0 1
    outer loop
      vertex 4.1 -10.7198 3
      vertex 5.9 -8.9 3
      vertex 4.1 -8.9 3
    endloop
  endfacet
  facet normal 0 0 1
    outer loop
      vertex 5.9 -8.9 3
      vertex 4.1 -10.7198 3
      vertex 5.9 -12.003 3
    endloop
  endfacet
  facet normal 0 0 1
    outer loop
      vertex 2.37192 -11.0833 3
      vertex 4.1 -10.7198 3
      vertex 3.1005 -9.89949 3
    endloop
  endfacet
  facet normal 0 0 1
    outer loop
      vertex 2.6183 -12.3219 3
      vertex 4.1 -10.7198 3
      vertex 2.65 -12 3
    endloop
  endfacet
  facet normal 0 0 1
    outer loop
      vertex 4.1 -10.7198 3
      vertex 2.6183 -12.3219 3
      vertex 5.9 -12.003 3
    endloop
  endfacet
  facet normal 0 0 1
    outer loop
      vertex 2.5244 -12.6314 3
      vertex 5.9 -12.003 3
      vertex 2.6183 -12.3219 3
    endloop
  endfacet
  facet normal 0 0 1
    outer loop
      vertex 2.37192 -12.9167 3
      vertex 5.9 -12.003 3
      vertex 2.5244 -12.6314 3
    endloop
  endfacet
  facet normal 0 0 1
    outer loop
      vertex 2.16673 -13.1667 3
      vertex 5.9 -12.003 3
      vertex 2.37192 -12.9167 3
    endloop
  endfacet
  facet normal 0 0 1
    outer loop
      vertex 5.9 -12.003 3
      vertex 2.16673 -13.1667 3
      vertex 7.64243 -12.9343 3
    endloop
  endfacet
  facet normal 0 0 1
    outer loop
      vertex 1.91669 -13.3719 3
      vertex 7.64243 -12.9343 3
      vertex 2.16673 -13.1667 3
    endloop
  endfacet
  facet normal 0 0 1
    outer loop
      vertex 1.63143 -13.5244 3
      vertex 7.64243 -12.9343 3
      vertex 1.91669 -13.3719 3
    endloop
  endfacet
  facet normal 0 0 1
    outer loop
      vertex 10.2687 -13.731 3
      vertex 1.63143 -13.5244 3
      vertex 1.3219 -13.6183 3
    endloop
  endfacet
  facet normal -0 0 1
    outer loop
      vertex 1 -13.65 3
      vertex 10.2687 -13.731 3
      vertex 1.3219 -13.6183 3
    endloop
  endfacet
  facet normal 0 0 1
    outer loop
      vertex 10.2687 -13.731 3
      vertex 1 -13.65 3
      vertex 56 -38 3
    endloop
  endfacet
  facet normal 0 0 1
    outer loop
      vertex -40.2825 -28.7175 3
      vertex 1 -13.65 3
      vertex 0.678101 -13.6183 3
    endloop
  endfacet
  facet normal 0 0 1
    outer loop
      vertex -39.101 -27.2779 3
      vertex 0.678101 -13.6183 3
      vertex 0.368572 -13.5244 3
    endloop
  endfacet
  facet normal 0 0 1
    outer loop
      vertex -37.6825 -1.85336 3
      vertex -0.911358 -0.9 3
      vertex -37.5 0 3
    endloop
  endfacet
  facet normal 0 0 1
    outer loop
      vertex -0.911358 0.9 3
      vertex -37.5 0 3
      vertex -0.911358 -0.9 3
    endloop
  endfacet
  facet normal 0 0 1
    outer loop
      vertex -0.730993 -2.73126 3
      vertex -37.6825 -1.85336 3
      vertex -0.618296 -11.6781 3
    endloop
  endfacet
  facet normal -0 0 1
    outer loop
      vertex -38.2231 -3.63549 3
      vertex -0.618296 -11.6781 3
      vertex -37.6825 -1.85336 3
    endloop
  endfacet
  facet normal 0 0 1
    outer loop
      vertex -0.65 -12 3
      vertex -37.5 -22 3
      vertex -0.618296 -12.3219 3
    endloop
  endfacet
  facet normal 0 0 1
    outer loop
      vertex -0.618296 -12.3219 3
      vertex -37.5 -22 3
      vertex -0.524401 -12.6314 3
    endloop
  endfacet
  facet normal 0 0 1
    outer loop
      vertex -0.524401 -12.6314 3
      vertex -37.5 -22 3
      vertex -0.371924 -12.9167 3
    endloop
  endfacet
  facet normal 0 0 1
    outer loop
      vertex -37.6825 -23.8534 3
      vertex -0.371924 -12.9167 3
      vertex -37.5 -22 3
    endloop
  endfacet
  facet normal 0 0 1
    outer loop
      vertex -0.371924 -12.9167 3
      vertex -37.6825 -23.8534 3
      vertex -0.166726 -13.1667 3
    endloop
  endfacet
  facet normal 0 0 1
    outer loop
      vertex -0.166726 -13.1667 3
      vertex -37.6825 -23.8534 3
      vertex 0.0833082 -13.3719 3
    endloop
  endfacet
  facet normal 0 0 1
    outer loop
      vertex -38.2231 -25.6355 3
      vertex 0.0833082 -13.3719 3
      vertex -37.6825 -23.8534 3
    endloop
  endfacet
  facet normal 0 0 1
    outer loop
      vertex 0.0833082 -13.3719 3
      vertex -38.2231 -25.6355 3
      vertex 0.368572 -13.5244 3
    endloop
  endfacet
  facet normal 0 0 1
    outer loop
      vertex -39.101 -27.2779 3
      vertex 0.368572 -13.5244 3
      vertex -38.2231 -25.6355 3
    endloop
  endfacet
  facet normal 0 0 1
    outer loop
      vertex 0.678101 -13.6183 3
      vertex -39.101 -27.2779 3
      vertex -40.2825 -28.7175 3
    endloop
  endfacet
  facet normal 0 0 1
    outer loop
      vertex 1 -13.65 3
      vertex -40.2825 -28.7175 3
      vertex 56 -38 3
    endloop
  endfacet
  facet normal -0 0 1
    outer loop
      vertex -41.7221 -29.899 3
      vertex 56 -38 3
      vertex -40.2825 -28.7175 3
    endloop
  endfacet
  facet normal -0 0 1
    outer loop
      vertex -43.3645 -30.7769 3
      vertex 56 -38 3
      vertex -41.7221 -29.899 3
    endloop
  endfacet
  facet normal 0 0 1
    outer loop
      vertex -56 -38 3
      vertex -43.3645 -30.7769 3
      vertex -45.1466 -31.3175 3
    endloop
  endfacet
  facet normal 0 0 1
    outer loop
      vertex -56 -38 3
      vertex -45.1466 -31.3175 3
      vertex -47 -31.5 3
    endloop
  endfacet
  facet normal 0 0 1
    outer loop
      vertex -53.3327 -31.6683 3
      vertex -50.6355 -30.7769 3
      vertex -52.2779 -29.899 3
    endloop
  endfacet
  facet normal 0 0 1
    outer loop
      vertex -53.3327 -32.3317 3
      vertex -50.6355 -30.7769 3
      vertex -53.3 -32 3
    endloop
  endfacet
  facet normal 0 0 1
    outer loop
      vertex -53.4294 -32.6506 3
      vertex -50.6355 -30.7769 3
      vertex -53.3327 -32.3317 3
    endloop
  endfacet
  facet normal 0 0 1
    outer loop
      vertex -50.6355 -30.7769 3
      vertex -53.4294 -32.6506 3
      vertex -48.8534 -31.3175 3
    endloop
  endfacet
  facet normal 0 0 1
    outer loop
      vertex -53.5865 -32.9445 3
      vertex -48.8534 -31.3175 3
      vertex -53.4294 -32.6506 3
    endloop
  endfacet
  facet normal 0 0 1
    outer loop
      vertex -53.7979 -33.2021 3
      vertex -48.8534 -31.3175 3
      vertex -53.5865 -32.9445 3
    endloop
  endfacet
  facet normal 0 0 1
    outer loop
      vertex -56 -38 3
      vertex -48.8534 -31.3175 3
      vertex -53.7979 -33.2021 3
    endloop
  endfacet
  facet normal 0 0 1
    outer loop
      vertex -48.8534 -31.3175 3
      vertex -56 -38 3
      vertex -47 -31.5 3
    endloop
  endfacet
  facet normal 0 0 1
    outer loop
      vertex -56 -38 3
      vertex -53.7979 -33.2021 3
      vertex -54.0555 -33.4135 3
    endloop
  endfacet
  facet normal 0 0 1
    outer loop
      vertex -56 -38 3
      vertex -54.0555 -33.4135 3
      vertex -54.3494 -33.5706 3
    endloop
  endfacet
  facet normal 0 0 1
    outer loop
      vertex -56 -38 3
      vertex -54.3494 -33.5706 3
      vertex -54.6683 -33.6673 3
    endloop
  endfacet
  facet normal 0 0 1
    outer loop
      vertex -56 -38 3
      vertex -54.6683 -33.6673 3
      vertex -55 -33.7 3
    endloop
  endfacet
  facet normal 0 0 1
    outer loop
      vertex -43.3645 -30.7769 3
      vertex -56 -38 3
      vertex 56 -38 3
    endloop
  endfacet
  facet normal 0 0 1
    outer loop
      vertex -55.3317 -33.6673 3
      vertex -56 -38 3
      vertex -55 -33.7 3
    endloop
  endfacet
  facet normal 0 0 1
    outer loop
      vertex -55.6506 -33.5706 3
      vertex -56 -38 3
      vertex -55.3317 -33.6673 3
    endloop
  endfacet
  facet normal 0 0 1
    outer loop
      vertex -57.9134 -37.6194 3
      vertex -55.6506 -33.5706 3
      vertex -55.9445 -33.4135 3
    endloop
  endfacet
  facet normal 0 0 1
    outer loop
      vertex -58.7778 -37.1573 3
      vertex -55.9445 -33.4135 3
      vertex -56.2021 -33.2021 3
    endloop
  endfacet
  facet normal 0 0 1
    outer loop
      vertex -60.1573 -35.7778 3
      vertex -56.2021 -33.2021 3
      vertex -56.4135 -32.9445 3
    endloop
  endfacet
  facet normal 0 0 1
    outer loop
      vertex -60.6194 -34.9134 3
      vertex -56.4135 -32.9445 3
      vertex -56.5706 -32.6506 3
    endloop
  endfacet
  facet normal 0 0 1
    outer loop
      vertex -61 -33 3
      vertex -56.5706 -32.6506 3
      vertex -56.6673 -32.3317 3
    endloop
  endfacet
  facet normal 0 0 1
    outer loop
      vertex -55.6506 -33.5706 3
      vertex -56.9754 -37.9039 3
      vertex -56 -38 3
    endloop
  endfacet
  facet normal 0 0 1
    outer loop
      vertex -61 -33 3
      vertex -56.6673 -32.3317 3
      vertex -56.7 -32 3
    endloop
  endfacet
  facet normal 0 0 1
    outer loop
      vertex -56.5706 -31.3494 3
      vertex -61 -33 3
      vertex -56.6673 -31.6683 3
    endloop
  endfacet
  facet normal -0 0 1
    outer loop
      vertex -60.6194 34.9134 3
      vertex -56.4135 32.9445 3
      vertex -60.1573 35.7778 3
    endloop
  endfacet
  facet normal 0 0 1
    outer loop
      vertex -56.6673 -31.6683 3
      vertex -61 -33 3
      vertex -56.7 -32 3
    endloop
  endfacet
  facet normal 0 0 1
    outer loop
      vertex -56.4135 32.9445 3
      vertex -60.6194 34.9134 3
      vertex -56.5706 32.6506 3
    endloop
  endfacet
  facet normal 0 0 1
    outer loop
      vertex -56.5706 -32.6506 3
      vertex -61 -33 3
      vertex -60.9039 -33.9754 3
    endloop
  endfacet
  facet normal -0 0 1
    outer loop
      vertex -60.9039 33.9754 3
      vertex -56.5706 32.6506 3
      vertex -60.6194 34.9134 3
    endloop
  endfacet
  facet normal 0 0 1
    outer loop
      vertex -55.6506 -33.5706 3
      vertex -57.9134 -37.6194 3
      vertex -56.9754 -37.9039 3
    endloop
  endfacet
  facet normal -0 0 1
    outer loop
      vertex -61 33 3
      vertex -56.5706 32.6506 3
      vertex -60.9039 33.9754 3
    endloop
  endfacet
  facet normal 0 0 1
    outer loop
      vertex -55.9445 -33.4135 3
      vertex -58.7778 -37.1573 3
      vertex -57.9134 -37.6194 3
    endloop
  endfacet
  facet normal 0 0 1
    outer loop
      vertex -56.5706 32.6506 3
      vertex -61 33 3
      vertex -56.6673 32.3317 3
    endloop
  endfacet
  facet normal 0 0 1
    outer loop
      vertex -56.2021 -33.2021 3
      vertex -59.5355 -36.5355 3
      vertex -58.7778 -37.1573 3
    endloop
  endfacet
  facet normal 0 0 1
    outer loop
      vertex -56.6673 32.3317 3
      vertex -61 33 3
      vertex -56.7 32 3
    endloop
  endfacet
  facet normal 0 0 1
    outer loop
      vertex -56.2021 -33.2021 3
      vertex -60.1573 -35.7778 3
      vertex -59.5355 -36.5355 3
    endloop
  endfacet
  facet normal 0 0 1
    outer loop
      vertex -56.4135 -32.9445 3
      vertex -60.6194 -34.9134 3
      vertex -60.1573 -35.7778 3
    endloop
  endfacet
  facet normal 0 0 1
    outer loop
      vertex -56.5706 -32.6506 3
      vertex -60.9039 -33.9754 3
      vertex -60.6194 -34.9134 3
    endloop
  endfacet
  facet normal -0 0 1
    outer loop
      vertex 26.6183 11.6781 3
      vertex 26.731 2.73126 3
      vertex 26.65 12 3
    endloop
  endfacet
  facet normal -0 0 1
    outer loop
      vertex 26.5244 11.3686 3
      vertex 26.731 2.73126 3
      vertex 26.6183 11.6781 3
    endloop
  endfacet
  facet normal 0 0 1
    outer loop
      vertex 25.9343 5.35757 3
      vertex 26.5244 11.3686 3
      vertex 26.3719 11.0833 3
    endloop
  endfacet
  facet normal 0 0 1
    outer loop
      vertex 25.9343 5.35757 3
      vertex 26.3719 11.0833 3
      vertex 26.1667 10.8333 3
    endloop
  endfacet
  facet normal 0 0 1
    outer loop
      vertex 26.5244 11.3686 3
      vertex 25.9343 5.35757 3
      vertex 26.731 2.73126 3
    endloop
  endfacet
  facet normal 0 0 1
    outer loop
      vertex 25.003 7.1 3
      vertex 26.1667 10.8333 3
      vertex 25.9167 10.6281 3
    endloop
  endfacet
  facet normal 0 0 1
    outer loop
      vertex 25.003 7.1 3
      vertex 25.9167 10.6281 3
      vertex 25.6314 10.4756 3
    endloop
  endfacet
  facet normal 0 0 1
    outer loop
      vertex 25.003 7.1 3
      vertex 25.6314 10.4756 3
      vertex 25.3219 10.3817 3
    endloop
  endfacet
  facet normal 0 0 1
    outer loop
      vertex 26.1667 10.8333 3
      vertex 25.003 7.1 3
      vertex 25.9343 5.35757 3
    endloop
  endfacet
  facet normal 0 0 1
    outer loop
      vertex 23.7198 8.9 3
      vertex 25.3219 10.3817 3
      vertex 25 10.35 3
    endloop
  endfacet
  facet normal 0 0 1
    outer loop
      vertex 23.7198 8.9 3
      vertex 25 10.35 3
      vertex 24.6781 10.3817 3
    endloop
  endfacet
  facet normal 0 0 1
    outer loop
      vertex 23.7198 8.9 3
      vertex 24.6781 10.3817 3
      vertex 24.3686 10.4756 3
    endloop
  endfacet
  facet normal 0 0 1
    outer loop
      vertex 23.7198 8.9 3
      vertex 24.3686 10.4756 3
      vertex 24.0833 10.6281 3
    endloop
  endfacet
  facet normal 0 0 1
    outer loop
      vertex 23.7198 8.9 3
      vertex 24.0833 10.6281 3
      vertex 23.8333 10.8333 3
    endloop
  endfacet
  facet normal 0 0 1
    outer loop
      vertex 25.3219 10.3817 3
      vertex 23.7198 8.9 3
      vertex 25.003 7.1 3
    endloop
  endfacet
  facet normal 0 0 1
    outer loop
      vertex 21.9 7.1 3
      vertex 23.7198 8.9 3
      vertex 21.9 8.9 3
    endloop
  endfacet
  facet normal 0 0 1
    outer loop
      vertex 23.7198 8.9 3
      vertex 21.9 7.1 3
      vertex 25.003 7.1 3
    endloop
  endfacet
  facet normal 0 0 1
    outer loop
      vertex 24.0833 -10.6281 3
      vertex 22.8995 -9.89949 3
      vertex 23.8333 -10.8333 3
    endloop
  endfacet
  facet normal 0 0 1
    outer loop
      vertex 23.8333 -10.8333 3
      vertex 22.8995 -9.89949 3
      vertex 23.6281 -11.0833 3
    endloop
  endfacet
  facet normal -0 0 1
    outer loop
      vertex 21.9 -10.7198 3
      vertex 23.6281 -11.0833 3
      vertex 22.8995 -9.89949 3
    endloop
  endfacet
  facet normal 0 0 1
    outer loop
      vertex 23.4756 -11.3686 3
      vertex 21.9 -10.7198 3
      vertex 23.3817 -11.6781 3
    endloop
  endfacet
  facet normal 0 0 1
    outer loop
      vertex 23.6281 -11.0833 3
      vertex 21.9 -10.7198 3
      vertex 23.4756 -11.3686 3
    endloop
  endfacet
  facet normal -0.290248 -0.956951 0
    outer loop
      vertex -57.9134 -37.6194 0
      vertex -56.9754 -37.9039 3
      vertex -57.9134 -37.6194 3
    endloop
  endfacet
  facet normal -0.290248 -0.956951 -0
    outer loop
      vertex -56.9754 -37.9039 3
      vertex -57.9134 -37.6194 0
      vertex -56.9754 -37.9039 0
    endloop
  endfacet
  facet normal -0.290248 0.956951 0
    outer loop
      vertex -56.9754 37.9039 0
      vertex -57.9134 37.6194 3
      vertex -56.9754 37.9039 3
    endloop
  endfacet
  facet normal -0.290248 0.956951 0
    outer loop
      vertex -57.9134 37.6194 3
      vertex -56.9754 37.9039 0
      vertex -57.9134 37.6194 0
    endloop
  endfacet
  facet normal 0.098049 0.995182 -0
    outer loop
      vertex 56.9754 37.9039 0
      vertex 56 38 3
      vertex 56.9754 37.9039 3
    endloop
  endfacet
  facet normal 0.098049 0.995182 0
    outer loop
      vertex 56 38 3
      vertex 56.9754 37.9039 0
      vertex 56 38 0
    endloop
  endfacet
  facet normal 0.290248 0.956951 -0
    outer loop
      vertex 57.9134 37.6194 0
      vertex 56.9754 37.9039 3
      vertex 57.9134 37.6194 3
    endloop
  endfacet
  facet normal 0.290248 0.956951 0
    outer loop
      vertex 56.9754 37.9039 3
      vertex 57.9134 37.6194 0
      vertex 56.9754 37.9039 0
    endloop
  endfacet
  facet normal 0 1 -0
    outer loop
      vertex 56 38 0
      vertex -56 38 3
      vertex 56 38 3
    endloop
  endfacet
  facet normal 0 1 0
    outer loop
      vertex -56 38 3
      vertex 56 38 0
      vertex -56 38 0
    endloop
  endfacet
  facet normal 0.956951 -0.290248 0
    outer loop
      vertex 60.6194 -34.9134 3
      vertex 60.9039 -33.9754 0
      vertex 60.9039 -33.9754 3
    endloop
  endfacet
  facet normal 0.956951 -0.290248 0
    outer loop
      vertex 60.9039 -33.9754 0
      vertex 60.6194 -34.9134 3
      vertex 60.6194 -34.9134 0
    endloop
  endfacet
  facet normal 0.634376 -0.773025 0
    outer loop
      vertex 58.7778 -37.1573 0
      vertex 59.5355 -36.5355 3
      vertex 58.7778 -37.1573 3
    endloop
  endfacet
  facet normal 0.634376 -0.773025 0
    outer loop
      vertex 59.5355 -36.5355 3
      vertex 58.7778 -37.1573 0
      vertex 59.5355 -36.5355 0
    endloop
  endfacet
  facet normal -0.471451 0.881892 0
    outer loop
      vertex -57.9134 37.6194 0
      vertex -58.7778 37.1573 3
      vertex -57.9134 37.6194 3
    endloop
  endfacet
  facet normal -0.471451 0.881892 0
    outer loop
      vertex -58.7778 37.1573 3
      vertex -57.9134 37.6194 0
      vertex -58.7778 37.1573 0
    endloop
  endfacet
  facet normal -0.881892 0.471451 0
    outer loop
      vertex -60.6194 34.9134 0
      vertex -60.1573 35.7778 3
      vertex -60.1573 35.7778 0
    endloop
  endfacet
  facet normal -0.881892 0.471451 0
    outer loop
      vertex -60.1573 35.7778 3
      vertex -60.6194 34.9134 0
      vertex -60.6194 34.9134 3
    endloop
  endfacet
  facet normal -0.995182 0.098049 0
    outer loop
      vertex -61 33 0
      vertex -60.9039 33.9754 3
      vertex -60.9039 33.9754 0
    endloop
  endfacet
  facet normal -0.995182 0.098049 0
    outer loop
      vertex -60.9039 33.9754 3
      vertex -61 33 0
      vertex -61 33 3
    endloop
  endfacet
  facet normal -0.634376 0.773025 0
    outer loop
      vertex -58.7778 37.1573 0
      vertex -59.5355 36.5355 3
      vertex -58.7778 37.1573 3
    endloop
  endfacet
  facet normal -0.634376 0.773025 0
    outer loop
      vertex -59.5355 36.5355 3
      vertex -58.7778 37.1573 0
      vertex -59.5355 36.5355 0
    endloop
  endfacet
  facet normal -0.995182 -0.098049 0
    outer loop
      vertex -60.9039 -33.9754 0
      vertex -61 -33 3
      vertex -61 -33 0
    endloop
  endfacet
  facet normal -0.995182 -0.098049 0
    outer loop
      vertex -61 -33 3
      vertex -60.9039 -33.9754 0
      vertex -60.9039 -33.9754 3
    endloop
  endfacet
  facet normal 0.773025 -0.634376 0
    outer loop
      vertex 59.5355 -36.5355 3
      vertex 60.1573 -35.7778 0
      vertex 60.1573 -35.7778 3
    endloop
  endfacet
  facet normal 0.773025 -0.634376 0
    outer loop
      vertex 60.1573 -35.7778 0
      vertex 59.5355 -36.5355 3
      vertex 59.5355 -36.5355 0
    endloop
  endfacet
  facet normal 0.956951 0.290248 0
    outer loop
      vertex 60.9039 33.9754 3
      vertex 60.6194 34.9134 0
      vertex 60.6194 34.9134 3
    endloop
  endfacet
  facet normal 0.956951 0.290248 0
    outer loop
      vertex 60.6194 34.9134 0
      vertex 60.9039 33.9754 3
      vertex 60.9039 33.9754 0
    endloop
  endfacet
  facet normal 0.995182 0.098049 0
    outer loop
      vertex 61 33 3
      vertex 60.9039 33.9754 0
      vertex 60.9039 33.9754 3
    endloop
  endfacet
  facet normal 0.995182 0.098049 0
    outer loop
      vertex 60.9039 33.9754 0
      vertex 61 33 3
      vertex 61 33 0
    endloop
  endfacet
  facet normal 0.634376 0.773025 -0
    outer loop
      vertex 59.5355 36.5355 0
      vertex 58.7778 37.1573 3
      vertex 59.5355 36.5355 3
    endloop
  endfacet
  facet normal 0.634376 0.773025 0
    outer loop
      vertex 58.7778 37.1573 3
      vertex 59.5355 36.5355 0
      vertex 58.7778 37.1573 0
    endloop
  endfacet
  facet normal -0.956951 0.290248 0
    outer loop
      vertex -60.9039 33.9754 0
      vertex -60.6194 34.9134 3
      vertex -60.6194 34.9134 0
    endloop
  endfacet
  facet normal -0.956951 0.290248 0
    outer loop
      vertex -60.6194 34.9134 3
      vertex -60.9039 33.9754 0
      vertex -60.9039 33.9754 3
    endloop
  endfacet
  facet normal -0.773025 0.634376 0
    outer loop
      vertex -60.1573 35.7778 0
      vertex -59.5355 36.5355 3
      vertex -59.5355 36.5355 0
    endloop
  endfacet
  facet normal -0.773025 0.634376 0
    outer loop
      vertex -59.5355 36.5355 3
      vertex -60.1573 35.7778 0
      vertex -60.1573 35.7778 3
    endloop
  endfacet
  facet normal -0.881892 -0.471451 0
    outer loop
      vertex -60.1573 -35.7778 0
      vertex -60.6194 -34.9134 3
      vertex -60.6194 -34.9134 0
    endloop
  endfacet
  facet normal -0.881892 -0.471451 0
    outer loop
      vertex -60.6194 -34.9134 3
      vertex -60.1573 -35.7778 0
      vertex -60.1573 -35.7778 3
    endloop
  endfacet
  facet normal -0.634376 -0.773025 0
    outer loop
      vertex -59.5355 -36.5355 0
      vertex -58.7778 -37.1573 3
      vertex -59.5355 -36.5355 3
    endloop
  endfacet
  facet normal -0.634376 -0.773025 -0
    outer loop
      vertex -58.7778 -37.1573 3
      vertex -59.5355 -36.5355 0
      vertex -58.7778 -37.1573 0
    endloop
  endfacet
  facet normal -0.956951 -0.290248 0
    outer loop
      vertex -60.6194 -34.9134 0
      vertex -60.9039 -33.9754 3
      vertex -60.9039 -33.9754 0
    endloop
  endfacet
  facet normal -0.956951 -0.290248 0
    outer loop
      vertex -60.9039 -33.9754 3
      vertex -60.6194 -34.9134 0
      vertex -60.6194 -34.9134 3
    endloop
  endfacet
  facet normal 0.881892 -0.471451 0
    outer loop
      vertex 60.1573 -35.7778 3
      vertex 60.6194 -34.9134 0
      vertex 60.6194 -34.9134 3
    endloop
  endfacet
  facet normal 0.881892 -0.471451 0
    outer loop
      vertex 60.6194 -34.9134 0
      vertex 60.1573 -35.7778 3
      vertex 60.1573 -35.7778 0
    endloop
  endfacet
  facet normal 0.773025 0.634376 0
    outer loop
      vertex 60.1573 35.7778 3
      vertex 59.5355 36.5355 0
      vertex 59.5355 36.5355 3
    endloop
  endfacet
  facet normal 0.773025 0.634376 0
    outer loop
      vertex 59.5355 36.5355 0
      vertex 60.1573 35.7778 3
      vertex 60.1573 35.7778 0
    endloop
  endfacet
  facet normal 0.881892 0.471451 0
    outer loop
      vertex 60.6194 34.9134 3
      vertex 60.1573 35.7778 0
      vertex 60.1573 35.7778 3
    endloop
  endfacet
  facet normal 0.881892 0.471451 0
    outer loop
      vertex 60.1573 35.7778 0
      vertex 60.6194 34.9134 3
      vertex 60.6194 34.9134 0
    endloop
  endfacet
  facet normal -0.773025 -0.634376 0
    outer loop
      vertex -59.5355 -36.5355 0
      vertex -60.1573 -35.7778 3
      vertex -60.1573 -35.7778 0
    endloop
  endfacet
  facet normal -0.773025 -0.634376 0
    outer loop
      vertex -60.1573 -35.7778 3
      vertex -59.5355 -36.5355 0
      vertex -59.5355 -36.5355 3
    endloop
  endfacet
  facet normal -0.995183 -0.0980369 0
    outer loop
      vertex 26.9114 0.9 0
      vertex 26.731 2.73126 3
      vertex 26.731 2.73126 0
    endloop
  endfacet
  facet normal -0.995183 -0.0980369 0
    outer loop
      vertex 26.731 2.73126 3
      vertex 26.9114 0.9 0
      vertex 26.9114 0.9 3
    endloop
  endfacet
  facet normal 0.995185 -0.098018 0
    outer loop
      vertex -0.911358 0.9 3
      vertex -0.730993 2.73126 0
      vertex -0.730993 2.73126 3
    endloop
  endfacet
  facet normal 0.995185 -0.098018 0
    outer loop
      vertex -0.730993 2.73126 0
      vertex -0.911358 0.9 3
      vertex -0.911358 0.9 0
    endloop
  endfacet
  facet normal -0.0980347 -0.995183 0
    outer loop
      vertex 13.9 13.9114 0
      vertex 15.7313 13.731 3
      vertex 13.9 13.9114 3
    endloop
  endfacet
  facet normal -0.0980347 -0.995183 -0
    outer loop
      vertex 15.7313 13.731 3
      vertex 13.9 13.9114 0
      vertex 15.7313 13.731 0
    endloop
  endfacet
  facet normal 0.773011 0.634393 0
    outer loop
      vertex 3.1005 -9.89949 3
      vertex 2.28024 -8.9 0
      vertex 2.28024 -8.9 3
    endloop
  endfacet
  facet normal 0.773011 0.634393 0
    outer loop
      vertex 2.28024 -8.9 0
      vertex 3.1005 -9.89949 3
      vertex 3.1005 -9.89949 0
    endloop
  endfacet
  facet normal -0.634412 -0.772995 0
    outer loop
      vertex 21.9 10.7198 0
      vertex 22.8995 9.89949 3
      vertex 21.9 10.7198 3
    endloop
  endfacet
  facet normal -0.634412 -0.772995 -0
    outer loop
      vertex 22.8995 9.89949 3
      vertex 21.9 10.7198 0
      vertex 22.8995 9.89949 0
    endloop
  endfacet
  facet normal -0.471384 -0.881928 0
    outer loop
      vertex 18.3576 12.9343 0
      vertex 20.1 12.003 3
      vertex 18.3576 12.9343 3
    endloop
  endfacet
  facet normal -0.471384 -0.881928 -0
    outer loop
      vertex 20.1 12.003 3
      vertex 18.3576 12.9343 0
      vertex 20.1 12.003 0
    endloop
  endfacet
  facet normal 0.634412 -0.772995 0
    outer loop
      vertex 3.1005 9.89949 0
      vertex 4.1 10.7198 3
      vertex 3.1005 9.89949 3
    endloop
  endfacet
  facet normal 0.634412 -0.772995 0
    outer loop
      vertex 4.1 10.7198 3
      vertex 3.1005 9.89949 0
      vertex 4.1 10.7198 0
    endloop
  endfacet
  facet normal 0.290295 -0.956937 0
    outer loop
      vertex 7.64243 12.9343 0
      vertex 10.2687 13.731 3
      vertex 7.64243 12.9343 3
    endloop
  endfacet
  facet normal 0.290295 -0.956937 0
    outer loop
      vertex 10.2687 13.731 3
      vertex 7.64243 12.9343 0
      vertex 10.2687 13.731 0
    endloop
  endfacet
  facet normal -0.772995 0.634412 0
    outer loop
      vertex 22.8995 -9.89949 0
      vertex 23.7198 -8.9 3
      vertex 23.7198 -8.9 0
    endloop
  endfacet
  facet normal -0.772995 0.634412 0
    outer loop
      vertex 23.7198 -8.9 3
      vertex 22.8995 -9.89949 0
      vertex 22.8995 -9.89949 3
    endloop
  endfacet
  facet normal -0.881931 -0.471378 0
    outer loop
      vertex 25.9343 5.35757 0
      vertex 25.003 7.1 3
      vertex 25.003 7.1 0
    endloop
  endfacet
  facet normal -0.881931 -0.471378 0
    outer loop
      vertex 25.003 7.1 3
      vertex 25.9343 5.35757 0
      vertex 25.9343 5.35757 3
    endloop
  endfacet
  facet normal -0.956939 -0.290291 0
    outer loop
      vertex 26.731 2.73126 0
      vertex 25.9343 5.35757 3
      vertex 25.9343 5.35757 0
    endloop
  endfacet
  facet normal -0.956939 -0.290291 0
    outer loop
      vertex 25.9343 5.35757 3
      vertex 26.731 2.73126 0
      vertex 26.731 2.73126 3
    endloop
  endfacet
  facet normal -0.772995 -0.634412 0
    outer loop
      vertex 23.7198 8.9 0
      vertex 22.8995 9.89949 3
      vertex 22.8995 9.89949 0
    endloop
  endfacet
  facet normal -0.772995 -0.634412 0
    outer loop
      vertex 22.8995 9.89949 3
      vertex 23.7198 8.9 0
      vertex 23.7198 8.9 3
    endloop
  endfacet
  facet normal -0.290292 -0.956938 0
    outer loop
      vertex 15.7313 13.731 0
      vertex 18.3576 12.9343 3
      vertex 15.7313 13.731 3
    endloop
  endfacet
  facet normal -0.290292 -0.956938 -0
    outer loop
      vertex 18.3576 12.9343 3
      vertex 15.7313 13.731 0
      vertex 18.3576 12.9343 0
    endloop
  endfacet
  facet normal 0.881921 -0.471397 0
    outer loop
      vertex 0.0656862 5.35757 3
      vertex 0.997035 7.1 0
      vertex 0.997035 7.1 3
    endloop
  endfacet
  facet normal 0.881921 -0.471397 0
    outer loop
      vertex 0.997035 7.1 0
      vertex 0.0656862 5.35757 3
      vertex 0.0656862 5.35757 0
    endloop
  endfacet
  facet normal 0.773011 -0.634393 0
    outer loop
      vertex 2.28024 8.9 3
      vertex 3.1005 9.89949 0
      vertex 3.1005 9.89949 3
    endloop
  endfacet
  facet normal 0.773011 -0.634393 0
    outer loop
      vertex 3.1005 9.89949 0
      vertex 2.28024 8.9 3
      vertex 2.28024 8.9 0
    endloop
  endfacet
  facet normal 0.956941 -0.290284 0
    outer loop
      vertex -0.730993 2.73126 3
      vertex 0.0656862 5.35757 0
      vertex 0.0656862 5.35757 3
    endloop
  endfacet
  facet normal 0.956941 -0.290284 0
    outer loop
      vertex 0.0656862 5.35757 0
      vertex -0.730993 2.73126 3
      vertex -0.730993 2.73126 0
    endloop
  endfacet
  facet normal 0.471378 -0.881931 0
    outer loop
      vertex 5.9 12.003 0
      vertex 7.64243 12.9343 3
      vertex 5.9 12.003 3
    endloop
  endfacet
  facet normal 0.471378 -0.881931 0
    outer loop
      vertex 7.64243 12.9343 3
      vertex 5.9 12.003 0
      vertex 7.64243 12.9343 0
    endloop
  endfacet
  facet normal 0.0980347 -0.995183 0
    outer loop
      vertex 10.2687 13.731 0
      vertex 12.1 13.9114 3
      vertex 10.2687 13.731 3
    endloop
  endfacet
  facet normal 0.0980347 -0.995183 0
    outer loop
      vertex 12.1 13.9114 3
      vertex 10.2687 13.731 0
      vertex 12.1 13.9114 0
    endloop
  endfacet
  facet normal -0.634412 0.772995 0
    outer loop
      vertex 22.8995 -9.89949 0
      vertex 21.9 -10.7198 3
      vertex 22.8995 -9.89949 3
    endloop
  endfacet
  facet normal -0.634412 0.772995 0
    outer loop
      vertex 21.9 -10.7198 3
      vertex 22.8995 -9.89949 0
      vertex 21.9 -10.7198 0
    endloop
  endfacet
  facet normal 0.634412 0.772995 -0
    outer loop
      vertex 4.1 -10.7198 0
      vertex 3.1005 -9.89949 3
      vertex 4.1 -10.7198 3
    endloop
  endfacet
  facet normal 0.634412 0.772995 0
    outer loop
      vertex 3.1005 -9.89949 3
      vertex 4.1 -10.7198 0
      vertex 3.1005 -9.89949 0
    endloop
  endfacet
  facet normal 0.290295 0.956937 -0
    outer loop
      vertex 10.2687 -13.731 0
      vertex 7.64243 -12.9343 3
      vertex 10.2687 -13.731 3
    endloop
  endfacet
  facet normal 0.290295 0.956937 0
    outer loop
      vertex 7.64243 -12.9343 3
      vertex 10.2687 -13.731 0
      vertex 7.64243 -12.9343 0
    endloop
  endfacet
  facet normal 0.881921 0.471397 0
    outer loop
      vertex 0.997035 -7.1 3
      vertex 0.0656862 -5.35757 0
      vertex 0.0656862 -5.35757 3
    endloop
  endfacet
  facet normal 0.881921 0.471397 0
    outer loop
      vertex 0.0656862 -5.35757 0
      vertex 0.997035 -7.1 3
      vertex 0.997035 -7.1 0
    endloop
  endfacet
  facet normal 0.995185 0.098018 0
    outer loop
      vertex -0.730993 -2.73126 3
      vertex -0.911358 -0.9 0
      vertex -0.911358 -0.9 3
    endloop
  endfacet
  facet normal 0.995185 0.098018 0
    outer loop
      vertex -0.911358 -0.9 0
      vertex -0.730993 -2.73126 3
      vertex -0.730993 -2.73126 0
    endloop
  endfacet
  facet normal -0.0980347 0.995183 0
    outer loop
      vertex 15.7313 -13.731 0
      vertex 13.9 -13.9114 3
      vertex 15.7313 -13.731 3
    endloop
  endfacet
  facet normal -0.0980347 0.995183 0
    outer loop
      vertex 13.9 -13.9114 3
      vertex 15.7313 -13.731 0
      vertex 13.9 -13.9114 0
    endloop
  endfacet
  facet normal -0.471384 0.881928 0
    outer loop
      vertex 20.1 -12.003 0
      vertex 18.3576 -12.9343 3
      vertex 20.1 -12.003 3
    endloop
  endfacet
  facet normal -0.471384 0.881928 0
    outer loop
      vertex 18.3576 -12.9343 3
      vertex 20.1 -12.003 0
      vertex 18.3576 -12.9343 0
    endloop
  endfacet
  facet normal -0.956939 0.290291 0
    outer loop
      vertex 25.9343 -5.35757 0
      vertex 26.731 -2.73126 3
      vertex 26.731 -2.73126 0
    endloop
  endfacet
  facet normal -0.956939 0.290291 0
    outer loop
      vertex 26.731 -2.73126 3
      vertex 25.9343 -5.35757 0
      vertex 25.9343 -5.35757 3
    endloop
  endfacet
  facet normal -0.881931 0.471378 0
    outer loop
      vertex 25.003 -7.1 0
      vertex 25.9343 -5.35757 3
      vertex 25.9343 -5.35757 0
    endloop
  endfacet
  facet normal -0.881931 0.471378 0
    outer loop
      vertex 25.9343 -5.35757 3
      vertex 25.003 -7.1 0
      vertex 25.003 -7.1 3
    endloop
  endfacet
  facet normal -0.995183 0.0980369 0
    outer loop
      vertex 26.731 -2.73126 0
      vertex 26.9114 -0.9 3
      vertex 26.9114 -0.9 0
    endloop
  endfacet
  facet normal -0.995183 0.0980369 0
    outer loop
      vertex 26.9114 -0.9 3
      vertex 26.731 -2.73126 0
      vertex 26.731 -2.73126 3
    endloop
  endfacet
  facet normal 0.471378 0.881931 -0
    outer loop
      vertex 7.64243 -12.9343 0
      vertex 5.9 -12.003 3
      vertex 7.64243 -12.9343 3
    endloop
  endfacet
  facet normal 0.471378 0.881931 0
    outer loop
      vertex 5.9 -12.003 3
      vertex 7.64243 -12.9343 0
      vertex 5.9 -12.003 0
    endloop
  endfacet
  facet normal 0.0980347 0.995183 -0
    outer loop
      vertex 12.1 -13.9114 0
      vertex 10.2687 -13.731 3
      vertex 12.1 -13.9114 3
    endloop
  endfacet
  facet normal 0.0980347 0.995183 0
    outer loop
      vertex 10.2687 -13.731 3
      vertex 12.1 -13.9114 0
      vertex 10.2687 -13.731 0
    endloop
  endfacet
  facet normal 0.956941 0.290284 0
    outer loop
      vertex 0.0656862 -5.35757 3
      vertex -0.730993 -2.73126 0
      vertex -0.730993 -2.73126 3
    endloop
  endfacet
  facet normal 0.956941 0.290284 0
    outer loop
      vertex -0.730993 -2.73126 0
      vertex 0.0656862 -5.35757 3
      vertex 0.0656862 -5.35757 0
    endloop
  endfacet
  facet normal -0.290292 0.956938 0
    outer loop
      vertex 18.3576 -12.9343 0
      vertex 15.7313 -13.731 3
      vertex 18.3576 -12.9343 3
    endloop
  endfacet
  facet normal -0.290292 0.956938 0
    outer loop
      vertex 15.7313 -13.731 3
      vertex 18.3576 -12.9343 0
      vertex 15.7313 -13.731 0
    endloop
  endfacet
  facet normal 0.995184 -0.0980244 0
    outer loop
      vertex 28 29 3
      vertex 28.0269 29.2731 0
      vertex 28.0269 29.2731 3
    endloop
  endfacet
  facet normal 0.995184 -0.0980244 0
    outer loop
      vertex 28.0269 29.2731 0
      vertex 28 29 3
      vertex 28 29 0
    endloop
  endfacet
  facet normal 0.995184 0.0980244 0
    outer loop
      vertex 28.0269 28.7269 3
      vertex 28 29 0
      vertex 28 29 3
    endloop
  endfacet
  facet normal 0.995184 0.0980244 0
    outer loop
      vertex 28 29 0
      vertex 28.0269 28.7269 3
      vertex 28.0269 28.7269 0
    endloop
  endfacet
  facet normal -0.634506 -0.772918 0
    outer loop
      vertex 35.3778 30.1641 0
      vertex 35.59 29.9899 3
      vertex 35.3778 30.1641 3
    endloop
  endfacet
  facet normal -0.634506 -0.772918 -0
    outer loop
      vertex 35.59 29.9899 3
      vertex 35.3778 30.1641 0
      vertex 35.59 29.9899 0
    endloop
  endfacet
  facet normal 0.0980244 -0.995184 0
    outer loop
      vertex 29.1269 30.3731 0
      vertex 29.4 30.4 3
      vertex 29.1269 30.3731 3
    endloop
  endfacet
  facet normal 0.0980244 -0.995184 0
    outer loop
      vertex 29.4 30.4 3
      vertex 29.1269 30.3731 0
      vertex 29.4 30.4 0
    endloop
  endfacet
  facet normal 0.0980244 0.995184 -0
    outer loop
      vertex 29.4 27.6 0
      vertex 29.1269 27.6269 3
      vertex 29.4 27.6 3
    endloop
  endfacet
  facet normal 0.0980244 0.995184 0
    outer loop
      vertex 29.1269 27.6269 3
      vertex 29.4 27.6 0
      vertex 29.1269 27.6269 0
    endloop
  endfacet
  facet normal 0.290321 -0.956929 0
    outer loop
      vertex 28.8642 30.2934 0
      vertex 29.1269 30.3731 3
      vertex 28.8642 30.2934 3
    endloop
  endfacet
  facet normal 0.290321 -0.956929 0
    outer loop
      vertex 29.1269 30.3731 3
      vertex 28.8642 30.2934 0
      vertex 29.1269 30.3731 0
    endloop
  endfacet
  facet normal -0.47125 -0.882 0
    outer loop
      vertex 35.1358 30.2934 0
      vertex 35.3778 30.1641 3
      vertex 35.1358 30.2934 3
    endloop
  endfacet
  facet normal -0.47125 -0.882 -0
    outer loop
      vertex 35.3778 30.1641 3
      vertex 35.1358 30.2934 0
      vertex 35.3778 30.1641 0
    endloop
  endfacet
  facet normal -0.0980244 -0.995184 0
    outer loop
      vertex 34.6 30.4 0
      vertex 34.8731 30.3731 3
      vertex 34.6 30.4 3
    endloop
  endfacet
  facet normal -0.0980244 -0.995184 -0
    outer loop
      vertex 34.8731 30.3731 3
      vertex 34.6 30.4 0
      vertex 34.8731 30.3731 0
    endloop
  endfacet
  facet normal 0 -1 0
    outer loop
      vertex 29.4 30.4 0
      vertex 34.6 30.4 3
      vertex 29.4 30.4 3
    endloop
  endfacet
  facet normal 0 -1 -0
    outer loop
      vertex 34.6 30.4 3
      vertex 29.4 30.4 0
      vertex 34.6 30.4 0
    endloop
  endfacet
  facet normal 0.956929 -0.290321 0
    outer loop
      vertex 28.0269 29.2731 3
      vertex 28.1066 29.5358 0
      vertex 28.1066 29.5358 3
    endloop
  endfacet
  facet normal 0.956929 -0.290321 0
    outer loop
      vertex 28.1066 29.5358 0
      vertex 28.0269 29.2731 3
      vertex 28.0269 29.2731 0
    endloop
  endfacet
  facet normal -0.0980244 0.995184 0
    outer loop
      vertex 34.8731 27.6269 0
      vertex 34.6 27.6 3
      vertex 34.8731 27.6269 3
    endloop
  endfacet
  facet normal -0.0980244 0.995184 0
    outer loop
      vertex 34.6 27.6 3
      vertex 34.8731 27.6269 0
      vertex 34.6 27.6 0
    endloop
  endfacet
  facet normal -0.634289 0.773096 0
    outer loop
      vertex 35.59 28.01 0
      vertex 35.3778 27.8359 3
      vertex 35.59 28.01 3
    endloop
  endfacet
  facet normal -0.634289 0.773096 0
    outer loop
      vertex 35.3778 27.8359 3
      vertex 35.59 28.01 0
      vertex 35.3778 27.8359 0
    endloop
  endfacet
  facet normal -0.47125 0.882 0
    outer loop
      vertex 35.3778 27.8359 0
      vertex 35.1358 27.7066 3
      vertex 35.3778 27.8359 3
    endloop
  endfacet
  facet normal -0.47125 0.882 0
    outer loop
      vertex 35.1358 27.7066 3
      vertex 35.3778 27.8359 0
      vertex 35.1358 27.7066 0
    endloop
  endfacet
  facet normal -0.956929 0.290321 0
    outer loop
      vertex 35.8934 28.4642 0
      vertex 35.9731 28.7269 3
      vertex 35.9731 28.7269 0
    endloop
  endfacet
  facet normal -0.956929 0.290321 0
    outer loop
      vertex 35.9731 28.7269 3
      vertex 35.8934 28.4642 0
      vertex 35.8934 28.4642 3
    endloop
  endfacet
  facet normal 0 1 -0
    outer loop
      vertex 34.6 27.6 0
      vertex 29.4 27.6 3
      vertex 34.6 27.6 3
    endloop
  endfacet
  facet normal 0 1 0
    outer loop
      vertex 29.4 27.6 3
      vertex 34.6 27.6 0
      vertex 29.4 27.6 0
    endloop
  endfacet
  facet normal -0.77295 -0.634467 0
    outer loop
      vertex 35.7641 29.7778 0
      vertex 35.59 29.9899 3
      vertex 35.59 29.9899 0
    endloop
  endfacet
  facet normal -0.77295 -0.634467 0
    outer loop
      vertex 35.59 29.9899 3
      vertex 35.7641 29.7778 0
      vertex 35.7641 29.7778 3
    endloop
  endfacet
  facet normal -0.882 -0.47125 0
    outer loop
      vertex 35.8934 29.5358 0
      vertex 35.7641 29.7778 3
      vertex 35.7641 29.7778 0
    endloop
  endfacet
  facet normal -0.882 -0.47125 0
    outer loop
      vertex 35.7641 29.7778 3
      vertex 35.8934 29.5358 0
      vertex 35.8934 29.5358 3
    endloop
  endfacet
  facet normal -0.956929 -0.290321 0
    outer loop
      vertex 35.9731 29.2731 0
      vertex 35.8934 29.5358 3
      vertex 35.8934 29.5358 0
    endloop
  endfacet
  facet normal -0.956929 -0.290321 0
    outer loop
      vertex 35.8934 29.5358 3
      vertex 35.9731 29.2731 0
      vertex 35.9731 29.2731 3
    endloop
  endfacet
  facet normal -0.290321 -0.956929 0
    outer loop
      vertex 34.8731 30.3731 0
      vertex 35.1358 30.2934 3
      vertex 34.8731 30.3731 3
    endloop
  endfacet
  facet normal -0.290321 -0.956929 -0
    outer loop
      vertex 35.1358 30.2934 3
      vertex 34.8731 30.3731 0
      vertex 35.1358 30.2934 0
    endloop
  endfacet
  facet normal 0.634506 -0.772918 0
    outer loop
      vertex 28.41 29.9899 0
      vertex 28.6222 30.1641 3
      vertex 28.41 29.9899 3
    endloop
  endfacet
  facet normal 0.634506 -0.772918 0
    outer loop
      vertex 28.6222 30.1641 3
      vertex 28.41 29.9899 0
      vertex 28.6222 30.1641 0
    endloop
  endfacet
  facet normal 0.47125 -0.882 0
    outer loop
      vertex 28.6222 30.1641 0
      vertex 28.8642 30.2934 3
      vertex 28.6222 30.1641 3
    endloop
  endfacet
  facet normal 0.47125 -0.882 0
    outer loop
      vertex 28.8642 30.2934 3
      vertex 28.6222 30.1641 0
      vertex 28.8642 30.2934 0
    endloop
  endfacet
  facet normal 0.77295 -0.634467 0
    outer loop
      vertex 28.2359 29.7778 3
      vertex 28.41 29.9899 0
      vertex 28.41 29.9899 3
    endloop
  endfacet
  facet normal 0.77295 -0.634467 0
    outer loop
      vertex 28.41 29.9899 0
      vertex 28.2359 29.7778 3
      vertex 28.2359 29.7778 0
    endloop
  endfacet
  facet normal -0.290321 0.956929 0
    outer loop
      vertex 35.1358 27.7066 0
      vertex 34.8731 27.6269 3
      vertex 35.1358 27.7066 3
    endloop
  endfacet
  facet normal -0.290321 0.956929 0
    outer loop
      vertex 34.8731 27.6269 3
      vertex 35.1358 27.7066 0
      vertex 34.8731 27.6269 0
    endloop
  endfacet
  facet normal -0.995184 0.0980244 0
    outer loop
      vertex 35.9731 28.7269 0
      vertex 36 29 3
      vertex 36 29 0
    endloop
  endfacet
  facet normal -0.995184 0.0980244 0
    outer loop
      vertex 36 29 3
      vertex 35.9731 28.7269 0
      vertex 35.9731 28.7269 3
    endloop
  endfacet
  facet normal -0.882 0.47125 0
    outer loop
      vertex 35.7641 28.2222 0
      vertex 35.8934 28.4642 3
      vertex 35.8934 28.4642 0
    endloop
  endfacet
  facet normal -0.882 0.47125 0
    outer loop
      vertex 35.8934 28.4642 3
      vertex 35.7641 28.2222 0
      vertex 35.7641 28.2222 3
    endloop
  endfacet
  facet normal -0.773096 0.634289 0
    outer loop
      vertex 35.59 28.01 0
      vertex 35.7641 28.2222 3
      vertex 35.7641 28.2222 0
    endloop
  endfacet
  facet normal -0.773096 0.634289 0
    outer loop
      vertex 35.7641 28.2222 3
      vertex 35.59 28.01 0
      vertex 35.59 28.01 3
    endloop
  endfacet
  facet normal 0.773096 0.634289 0
    outer loop
      vertex 28.41 28.01 3
      vertex 28.2359 28.2222 0
      vertex 28.2359 28.2222 3
    endloop
  endfacet
  facet normal 0.773096 0.634289 0
    outer loop
      vertex 28.2359 28.2222 0
      vertex 28.41 28.01 3
      vertex 28.41 28.01 0
    endloop
  endfacet
  facet normal -0.995184 -0.0980244 0
    outer loop
      vertex 36 29 0
      vertex 35.9731 29.2731 3
      vertex 35.9731 29.2731 0
    endloop
  endfacet
  facet normal -0.995184 -0.0980244 0
    outer loop
      vertex 35.9731 29.2731 3
      vertex 36 29 0
      vertex 36 29 3
    endloop
  endfacet
  facet normal 0.882 -0.47125 0
    outer loop
      vertex 28.1066 29.5358 3
      vertex 28.2359 29.7778 0
      vertex 28.2359 29.7778 3
    endloop
  endfacet
  facet normal 0.882 -0.47125 0
    outer loop
      vertex 28.2359 29.7778 0
      vertex 28.1066 29.5358 3
      vertex 28.1066 29.5358 0
    endloop
  endfacet
  facet normal 0.290321 0.956929 -0
    outer loop
      vertex 29.1269 27.6269 0
      vertex 28.8642 27.7066 3
      vertex 29.1269 27.6269 3
    endloop
  endfacet
  facet normal 0.290321 0.956929 0
    outer loop
      vertex 28.8642 27.7066 3
      vertex 29.1269 27.6269 0
      vertex 28.8642 27.7066 0
    endloop
  endfacet
  facet normal 0.882 0.47125 0
    outer loop
      vertex 28.2359 28.2222 3
      vertex 28.1066 28.4642 0
      vertex 28.1066 28.4642 3
    endloop
  endfacet
  facet normal 0.882 0.47125 0
    outer loop
      vertex 28.1066 28.4642 0
      vertex 28.2359 28.2222 3
      vertex 28.2359 28.2222 0
    endloop
  endfacet
  facet normal 0.956929 0.290321 0
    outer loop
      vertex 28.1066 28.4642 3
      vertex 28.0269 28.7269 0
      vertex 28.0269 28.7269 3
    endloop
  endfacet
  facet normal 0.956929 0.290321 0
    outer loop
      vertex 28.0269 28.7269 0
      vertex 28.1066 28.4642 3
      vertex 28.1066 28.4642 0
    endloop
  endfacet
  facet normal 0.47125 0.882 -0
    outer loop
      vertex 28.8642 27.7066 0
      vertex 28.6222 27.8359 3
      vertex 28.8642 27.7066 3
    endloop
  endfacet
  facet normal 0.47125 0.882 0
    outer loop
      vertex 28.6222 27.8359 3
      vertex 28.8642 27.7066 0
      vertex 28.6222 27.8359 0
    endloop
  endfacet
  facet normal 0.634289 0.773096 -0
    outer loop
      vertex 28.6222 27.8359 0
      vertex 28.41 28.01 3
      vertex 28.6222 27.8359 3
    endloop
  endfacet
  facet normal 0.634289 0.773096 0
    outer loop
      vertex 28.41 28.01 3
      vertex 28.6222 27.8359 0
      vertex 28.41 28.01 0
    endloop
  endfacet
  facet normal 0.956929 -0.290321 0
    outer loop
      vertex 44.0269 29.2731 3
      vertex 44.1066 29.5358 0
      vertex 44.1066 29.5358 3
    endloop
  endfacet
  facet normal 0.956929 -0.290321 0
    outer loop
      vertex 44.1066 29.5358 0
      vertex 44.0269 29.2731 3
      vertex 44.0269 29.2731 0
    endloop
  endfacet
  facet normal 0.995184 -0.0980244 0
    outer loop
      vertex 44 29 3
      vertex 44.0269 29.2731 0
      vertex 44.0269 29.2731 3
    endloop
  endfacet
  facet normal 0.995184 -0.0980244 0
    outer loop
      vertex 44.0269 29.2731 0
      vertex 44 29 3
      vertex 44 29 0
    endloop
  endfacet
  facet normal 0.995184 0.0980244 0
    outer loop
      vertex 44.0269 28.7269 3
      vertex 44 29 0
      vertex 44 29 3
    endloop
  endfacet
  facet normal 0.995184 0.0980244 0
    outer loop
      vertex 44 29 0
      vertex 44.0269 28.7269 3
      vertex 44.0269 28.7269 0
    endloop
  endfacet
  facet normal -0.0980244 -0.995184 0
    outer loop
      vertex 50.6 30.4 0
      vertex 50.8731 30.3731 3
      vertex 50.6 30.4 3
    endloop
  endfacet
  facet normal -0.0980244 -0.995184 -0
    outer loop
      vertex 50.8731 30.3731 3
      vertex 50.6 30.4 0
      vertex 50.8731 30.3731 0
    endloop
  endfacet
  facet normal 0.0980244 -0.995184 0
    outer loop
      vertex 45.1269 30.3731 0
      vertex 45.4 30.4 3
      vertex 45.1269 30.3731 3
    endloop
  endfacet
  facet normal 0.0980244 -0.995184 0
    outer loop
      vertex 45.4 30.4 3
      vertex 45.1269 30.3731 0
      vertex 45.4 30.4 0
    endloop
  endfacet
  facet normal -0.995184 0.0980244 0
    outer loop
      vertex 51.9731 28.7269 0
      vertex 52 29 3
      vertex 52 29 0
    endloop
  endfacet
  facet normal -0.995184 0.0980244 0
    outer loop
      vertex 52 29 3
      vertex 51.9731 28.7269 0
      vertex 51.9731 28.7269 3
    endloop
  endfacet
  facet normal -0.77295 -0.634467 0
    outer loop
      vertex 51.7641 29.7778 0
      vertex 51.59 29.9899 3
      vertex 51.59 29.9899 0
    endloop
  endfacet
  facet normal -0.77295 -0.634467 0
    outer loop
      vertex 51.59 29.9899 3
      vertex 51.7641 29.7778 0
      vertex 51.7641 29.7778 3
    endloop
  endfacet
  facet normal 0 -1 0
    outer loop
      vertex 45.4 30.4 0
      vertex 50.6 30.4 3
      vertex 45.4 30.4 3
    endloop
  endfacet
  facet normal 0 -1 -0
    outer loop
      vertex 50.6 30.4 3
      vertex 45.4 30.4 0
      vertex 50.6 30.4 0
    endloop
  endfacet
  facet normal 0.634506 -0.772918 0
    outer loop
      vertex 44.41 29.9899 0
      vertex 44.6222 30.1641 3
      vertex 44.41 29.9899 3
    endloop
  endfacet
  facet normal 0.634506 -0.772918 0
    outer loop
      vertex 44.6222 30.1641 3
      vertex 44.41 29.9899 0
      vertex 44.6222 30.1641 0
    endloop
  endfacet
  facet normal -0.773096 0.634289 0
    outer loop
      vertex 51.59 28.01 0
      vertex 51.7641 28.2222 3
      vertex 51.7641 28.2222 0
    endloop
  endfacet
  facet normal -0.773096 0.634289 0
    outer loop
      vertex 51.7641 28.2222 3
      vertex 51.59 28.01 0
      vertex 51.59 28.01 3
    endloop
  endfacet
  facet normal 0.0980244 0.995184 -0
    outer loop
      vertex 45.4 27.6 0
      vertex 45.1269 27.6269 3
      vertex 45.4 27.6 3
    endloop
  endfacet
  facet normal 0.0980244 0.995184 0
    outer loop
      vertex 45.1269 27.6269 3
      vertex 45.4 27.6 0
      vertex 45.1269 27.6269 0
    endloop
  endfacet
  facet normal 0 1 -0
    outer loop
      vertex 50.6 27.6 0
      vertex 45.4 27.6 3
      vertex 50.6 27.6 3
    endloop
  endfacet
  facet normal 0 1 0
    outer loop
      vertex 45.4 27.6 3
      vertex 50.6 27.6 0
      vertex 45.4 27.6 0
    endloop
  endfacet
  facet normal -0.956929 -0.290321 0
    outer loop
      vertex 51.9731 29.2731 0
      vertex 51.8934 29.5358 3
      vertex 51.8934 29.5358 0
    endloop
  endfacet
  facet normal -0.956929 -0.290321 0
    outer loop
      vertex 51.8934 29.5358 3
      vertex 51.9731 29.2731 0
      vertex 51.9731 29.2731 3
    endloop
  endfacet
  facet normal -0.995184 -0.0980244 0
    outer loop
      vertex 52 29 0
      vertex 51.9731 29.2731 3
      vertex 51.9731 29.2731 0
    endloop
  endfacet
  facet normal -0.995184 -0.0980244 0
    outer loop
      vertex 51.9731 29.2731 3
      vertex 52 29 0
      vertex 52 29 3
    endloop
  endfacet
  facet normal -0.882 -0.47125 0
    outer loop
      vertex 51.8934 29.5358 0
      vertex 51.7641 29.7778 3
      vertex 51.7641 29.7778 0
    endloop
  endfacet
  facet normal -0.882 -0.47125 0
    outer loop
      vertex 51.7641 29.7778 3
      vertex 51.8934 29.5358 0
      vertex 51.8934 29.5358 3
    endloop
  endfacet
  facet normal -0.47125 -0.882 0
    outer loop
      vertex 51.1358 30.2934 0
      vertex 51.3778 30.1641 3
      vertex 51.1358 30.2934 3
    endloop
  endfacet
  facet normal -0.47125 -0.882 -0
    outer loop
      vertex 51.3778 30.1641 3
      vertex 51.1358 30.2934 0
      vertex 51.3778 30.1641 0
    endloop
  endfacet
  facet normal -0.290321 -0.956929 0
    outer loop
      vertex 50.8731 30.3731 0
      vertex 51.1358 30.2934 3
      vertex 50.8731 30.3731 3
    endloop
  endfacet
  facet normal -0.290321 -0.956929 -0
    outer loop
      vertex 51.1358 30.2934 3
      vertex 50.8731 30.3731 0
      vertex 51.1358 30.2934 0
    endloop
  endfacet
  facet normal -0.634506 -0.772918 0
    outer loop
      vertex 51.3778 30.1641 0
      vertex 51.59 29.9899 3
      vertex 51.3778 30.1641 3
    endloop
  endfacet
  facet normal -0.634506 -0.772918 -0
    outer loop
      vertex 51.59 29.9899 3
      vertex 51.3778 30.1641 0
      vertex 51.59 29.9899 0
    endloop
  endfacet
  facet normal 0.290321 -0.956929 0
    outer loop
      vertex 44.8642 30.2934 0
      vertex 45.1269 30.3731 3
      vertex 44.8642 30.2934 3
    endloop
  endfacet
  facet normal 0.290321 -0.956929 0
    outer loop
      vertex 45.1269 30.3731 3
      vertex 44.8642 30.2934 0
      vertex 45.1269 30.3731 0
    endloop
  endfacet
  facet normal 0.77295 -0.634467 0
    outer loop
      vertex 44.2359 29.7778 3
      vertex 44.41 29.9899 0
      vertex 44.41 29.9899 3
    endloop
  endfacet
  facet normal 0.77295 -0.634467 0
    outer loop
      vertex 44.41 29.9899 0
      vertex 44.2359 29.7778 3
      vertex 44.2359 29.7778 0
    endloop
  endfacet
  facet normal -0.956929 0.290321 0
    outer loop
      vertex 51.8934 28.4642 0
      vertex 51.9731 28.7269 3
      vertex 51.9731 28.7269 0
    endloop
  endfacet
  facet normal -0.956929 0.290321 0
    outer loop
      vertex 51.9731 28.7269 3
      vertex 51.8934 28.4642 0
      vertex 51.8934 28.4642 3
    endloop
  endfacet
  facet normal -0.47125 0.882 0
    outer loop
      vertex 51.3778 27.8359 0
      vertex 51.1358 27.7066 3
      vertex 51.3778 27.8359 3
    endloop
  endfacet
  facet normal -0.47125 0.882 0
    outer loop
      vertex 51.1358 27.7066 3
      vertex 51.3778 27.8359 0
      vertex 51.1358 27.7066 0
    endloop
  endfacet
  facet normal -0.634289 0.773096 0
    outer loop
      vertex 51.59 28.01 0
      vertex 51.3778 27.8359 3
      vertex 51.59 28.01 3
    endloop
  endfacet
  facet normal -0.634289 0.773096 0
    outer loop
      vertex 51.3778 27.8359 3
      vertex 51.59 28.01 0
      vertex 51.3778 27.8359 0
    endloop
  endfacet
  facet normal 0.47125 -0.882 0
    outer loop
      vertex 44.6222 30.1641 0
      vertex 44.8642 30.2934 3
      vertex 44.6222 30.1641 3
    endloop
  endfacet
  facet normal 0.47125 -0.882 0
    outer loop
      vertex 44.8642 30.2934 3
      vertex 44.6222 30.1641 0
      vertex 44.8642 30.2934 0
    endloop
  endfacet
  facet normal 0.882 -0.47125 0
    outer loop
      vertex 44.1066 29.5358 3
      vertex 44.2359 29.7778 0
      vertex 44.2359 29.7778 3
    endloop
  endfacet
  facet normal 0.882 -0.47125 0
    outer loop
      vertex 44.2359 29.7778 0
      vertex 44.1066 29.5358 3
      vertex 44.1066 29.5358 0
    endloop
  endfacet
  facet normal -0.882 0.47125 0
    outer loop
      vertex 51.7641 28.2222 0
      vertex 51.8934 28.4642 3
      vertex 51.8934 28.4642 0
    endloop
  endfacet
  facet normal -0.882 0.47125 0
    outer loop
      vertex 51.8934 28.4642 3
      vertex 51.7641 28.2222 0
      vertex 51.7641 28.2222 3
    endloop
  endfacet
  facet normal -0.290321 0.956929 0
    outer loop
      vertex 51.1358 27.7066 0
      vertex 50.8731 27.6269 3
      vertex 51.1358 27.7066 3
    endloop
  endfacet
  facet normal -0.290321 0.956929 0
    outer loop
      vertex 50.8731 27.6269 3
      vertex 51.1358 27.7066 0
      vertex 50.8731 27.6269 0
    endloop
  endfacet
  facet normal -0.0980244 0.995184 0
    outer loop
      vertex 50.8731 27.6269 0
      vertex 50.6 27.6 3
      vertex 50.8731 27.6269 3
    endloop
  endfacet
  facet normal -0.0980244 0.995184 0
    outer loop
      vertex 50.6 27.6 3
      vertex 50.8731 27.6269 0
      vertex 50.6 27.6 0
    endloop
  endfacet
  facet normal 0.290321 0.956929 -0
    outer loop
      vertex 45.1269 27.6269 0
      vertex 44.8642 27.7066 3
      vertex 45.1269 27.6269 3
    endloop
  endfacet
  facet normal 0.290321 0.956929 0
    outer loop
      vertex 44.8642 27.7066 3
      vertex 45.1269 27.6269 0
      vertex 44.8642 27.7066 0
    endloop
  endfacet
  facet normal 0.773096 0.634289 0
    outer loop
      vertex 44.41 28.01 3
      vertex 44.2359 28.2222 0
      vertex 44.2359 28.2222 3
    endloop
  endfacet
  facet normal 0.773096 0.634289 0
    outer loop
      vertex 44.2359 28.2222 0
      vertex 44.41 28.01 3
      vertex 44.41 28.01 0
    endloop
  endfacet
  facet normal 0.634289 0.773096 -0
    outer loop
      vertex 44.6222 27.8359 0
      vertex 44.41 28.01 3
      vertex 44.6222 27.8359 3
    endloop
  endfacet
  facet normal 0.634289 0.773096 0
    outer loop
      vertex 44.41 28.01 3
      vertex 44.6222 27.8359 0
      vertex 44.41 28.01 0
    endloop
  endfacet
  facet normal 0.882 0.47125 0
    outer loop
      vertex 44.2359 28.2222 3
      vertex 44.1066 28.4642 0
      vertex 44.1066 28.4642 3
    endloop
  endfacet
  facet normal 0.882 0.47125 0
    outer loop
      vertex 44.1066 28.4642 0
      vertex 44.2359 28.2222 3
      vertex 44.2359 28.2222 0
    endloop
  endfacet
  facet normal 0.956929 0.290321 0
    outer loop
      vertex 44.1066 28.4642 3
      vertex 44.0269 28.7269 0
      vertex 44.0269 28.7269 3
    endloop
  endfacet
  facet normal 0.956929 0.290321 0
    outer loop
      vertex 44.0269 28.7269 0
      vertex 44.1066 28.4642 3
      vertex 44.1066 28.4642 0
    endloop
  endfacet
  facet normal 0.47125 0.882 -0
    outer loop
      vertex 44.8642 27.7066 0
      vertex 44.6222 27.8359 3
      vertex 44.8642 27.7066 3
    endloop
  endfacet
  facet normal 0.47125 0.882 0
    outer loop
      vertex 44.6222 27.8359 3
      vertex 44.8642 27.7066 0
      vertex 44.6222 27.8359 0
    endloop
  endfacet
  facet normal 0.471405 0.881917 -0
    outer loop
      vertex -41.7221 -14.101 3
      vertex -43.3645 -13.2231 4.2
      vertex -41.7221 -14.101 4.2
    endloop
  endfacet
  facet normal 0.471405 0.881917 0
    outer loop
      vertex -43.3645 -13.2231 4.2
      vertex -41.7221 -14.101 3
      vertex -43.3645 -13.2231 3
    endloop
  endfacet
  facet normal 0.995187 -0.0979938 0
    outer loop
      vertex -37.6825 -23.8534 4.2
      vertex -37.5 -22 3
      vertex -37.5 -22 4.2
    endloop
  endfacet
  facet normal 0.995187 -0.0979938 0
    outer loop
      vertex -37.5 -22 3
      vertex -37.6825 -23.8534 4.2
      vertex -37.6825 -23.8534 3
    endloop
  endfacet
  facet normal -0.290288 -0.956939 0
    outer loop
      vertex -50.6355 -30.7769 3
      vertex -48.8534 -31.3175 4.2
      vertex -50.6355 -30.7769 4.2
    endloop
  endfacet
  facet normal -0.290288 -0.956939 -0
    outer loop
      vertex -48.8534 -31.3175 4.2
      vertex -50.6355 -30.7769 3
      vertex -48.8534 -31.3175 3
    endloop
  endfacet
  facet normal -0.290288 0.956939 0
    outer loop
      vertex -48.8534 -12.6825 3
      vertex -50.6355 -13.2231 4.2
      vertex -48.8534 -12.6825 4.2
    endloop
  endfacet
  facet normal -0.290288 0.956939 0
    outer loop
      vertex -50.6355 -13.2231 4.2
      vertex -48.8534 -12.6825 3
      vertex -50.6355 -13.2231 3
    endloop
  endfacet
  facet normal -0.881917 0.471405 0
    outer loop
      vertex -55.7769 -18.3645 3
      vertex -54.899 -16.7221 4.2
      vertex -54.899 -16.7221 3
    endloop
  endfacet
  facet normal -0.881917 0.471405 0
    outer loop
      vertex -54.899 -16.7221 4.2
      vertex -55.7769 -18.3645 3
      vertex -55.7769 -18.3645 4.2
    endloop
  endfacet
  facet normal 0.881917 0.471405 0
    outer loop
      vertex -38.2231 -18.3645 4.2
      vertex -39.101 -16.7221 3
      vertex -39.101 -16.7221 4.2
    endloop
  endfacet
  facet normal 0.881917 0.471405 0
    outer loop
      vertex -39.101 -16.7221 3
      vertex -38.2231 -18.3645 4.2
      vertex -38.2231 -18.3645 3
    endloop
  endfacet
  facet normal 0.772997 0.63441 0
    outer loop
      vertex -39.101 -16.7221 4.2
      vertex -40.2825 -15.2825 3
      vertex -40.2825 -15.2825 4.2
    endloop
  endfacet
  facet normal 0.772997 0.63441 0
    outer loop
      vertex -40.2825 -15.2825 3
      vertex -39.101 -16.7221 4.2
      vertex -39.101 -16.7221 3
    endloop
  endfacet
  facet normal 0.63441 0.772997 -0
    outer loop
      vertex -40.2825 -15.2825 3
      vertex -41.7221 -14.101 4.2
      vertex -40.2825 -15.2825 4.2
    endloop
  endfacet
  facet normal 0.63441 0.772997 0
    outer loop
      vertex -41.7221 -14.101 4.2
      vertex -40.2825 -15.2825 3
      vertex -41.7221 -14.101 3
    endloop
  endfacet
  facet normal 0.0979938 0.995187 -0
    outer loop
      vertex -45.1466 -12.6825 3
      vertex -47 -12.5 4.2
      vertex -45.1466 -12.6825 4.2
    endloop
  endfacet
  facet normal 0.0979938 0.995187 0
    outer loop
      vertex -47 -12.5 4.2
      vertex -45.1466 -12.6825 3
      vertex -47 -12.5 3
    endloop
  endfacet
  facet normal -0.995187 0.0979938 0
    outer loop
      vertex -56.5 -22 3
      vertex -56.3175 -20.1466 4.2
      vertex -56.3175 -20.1466 3
    endloop
  endfacet
  facet normal -0.995187 0.0979938 0
    outer loop
      vertex -56.3175 -20.1466 4.2
      vertex -56.5 -22 3
      vertex -56.5 -22 4.2
    endloop
  endfacet
  facet normal -0.772997 0.63441 0
    outer loop
      vertex -54.899 -16.7221 3
      vertex -53.7175 -15.2825 4.2
      vertex -53.7175 -15.2825 3
    endloop
  endfacet
  facet normal -0.772997 0.63441 0
    outer loop
      vertex -53.7175 -15.2825 4.2
      vertex -54.899 -16.7221 3
      vertex -54.899 -16.7221 4.2
    endloop
  endfacet
  facet normal -0.471405 0.881917 0
    outer loop
      vertex -50.6355 -13.2231 3
      vertex -52.2779 -14.101 4.2
      vertex -50.6355 -13.2231 4.2
    endloop
  endfacet
  facet normal -0.471405 0.881917 0
    outer loop
      vertex -52.2779 -14.101 4.2
      vertex -50.6355 -13.2231 3
      vertex -52.2779 -14.101 3
    endloop
  endfacet
  facet normal -0.0979938 0.995187 0
    outer loop
      vertex -47 -12.5 3
      vertex -48.8534 -12.6825 4.2
      vertex -47 -12.5 4.2
    endloop
  endfacet
  facet normal -0.0979938 0.995187 0
    outer loop
      vertex -48.8534 -12.6825 4.2
      vertex -47 -12.5 3
      vertex -48.8534 -12.6825 3
    endloop
  endfacet
  facet normal -0.63441 0.772997 0
    outer loop
      vertex -52.2779 -14.101 3
      vertex -53.7175 -15.2825 4.2
      vertex -52.2779 -14.101 4.2
    endloop
  endfacet
  facet normal -0.63441 0.772997 0
    outer loop
      vertex -53.7175 -15.2825 4.2
      vertex -52.2779 -14.101 3
      vertex -53.7175 -15.2825 3
    endloop
  endfacet
  facet normal 0.995187 0.0979938 0
    outer loop
      vertex -37.5 -22 4.2
      vertex -37.6825 -20.1466 3
      vertex -37.6825 -20.1466 4.2
    endloop
  endfacet
  facet normal 0.995187 0.0979938 0
    outer loop
      vertex -37.6825 -20.1466 3
      vertex -37.5 -22 4.2
      vertex -37.5 -22 3
    endloop
  endfacet
  facet normal 0.0979938 -0.995187 0
    outer loop
      vertex -47 -31.5 3
      vertex -45.1466 -31.3175 4.2
      vertex -47 -31.5 4.2
    endloop
  endfacet
  facet normal 0.0979938 -0.995187 0
    outer loop
      vertex -45.1466 -31.3175 4.2
      vertex -47 -31.5 3
      vertex -45.1466 -31.3175 3
    endloop
  endfacet
  facet normal 0.881917 -0.471405 0
    outer loop
      vertex -39.101 -27.2779 4.2
      vertex -38.2231 -25.6355 3
      vertex -38.2231 -25.6355 4.2
    endloop
  endfacet
  facet normal 0.881917 -0.471405 0
    outer loop
      vertex -38.2231 -25.6355 3
      vertex -39.101 -27.2779 4.2
      vertex -39.101 -27.2779 3
    endloop
  endfacet
  facet normal 0.956939 -0.290288 0
    outer loop
      vertex -38.2231 -25.6355 4.2
      vertex -37.6825 -23.8534 3
      vertex -37.6825 -23.8534 4.2
    endloop
  endfacet
  facet normal 0.956939 -0.290288 0
    outer loop
      vertex -37.6825 -23.8534 3
      vertex -38.2231 -25.6355 4.2
      vertex -38.2231 -25.6355 3
    endloop
  endfacet
  facet normal 0.290288 -0.956939 0
    outer loop
      vertex -45.1466 -31.3175 3
      vertex -43.3645 -30.7769 4.2
      vertex -45.1466 -31.3175 4.2
    endloop
  endfacet
  facet normal 0.290288 -0.956939 0
    outer loop
      vertex -43.3645 -30.7769 4.2
      vertex -45.1466 -31.3175 3
      vertex -43.3645 -30.7769 3
    endloop
  endfacet
  facet normal 0.471405 -0.881917 0
    outer loop
      vertex -43.3645 -30.7769 3
      vertex -41.7221 -29.899 4.2
      vertex -43.3645 -30.7769 4.2
    endloop
  endfacet
  facet normal 0.471405 -0.881917 0
    outer loop
      vertex -41.7221 -29.899 4.2
      vertex -43.3645 -30.7769 3
      vertex -41.7221 -29.899 3
    endloop
  endfacet
  facet normal -0.0979938 -0.995187 0
    outer loop
      vertex -48.8534 -31.3175 3
      vertex -47 -31.5 4.2
      vertex -48.8534 -31.3175 4.2
    endloop
  endfacet
  facet normal -0.0979938 -0.995187 -0
    outer loop
      vertex -47 -31.5 4.2
      vertex -48.8534 -31.3175 3
      vertex -47 -31.5 3
    endloop
  endfacet
  facet normal -0.63441 -0.772997 0
    outer loop
      vertex -53.7175 -28.7175 3
      vertex -52.2779 -29.899 4.2
      vertex -53.7175 -28.7175 4.2
    endloop
  endfacet
  facet normal -0.63441 -0.772997 -0
    outer loop
      vertex -52.2779 -29.899 4.2
      vertex -53.7175 -28.7175 3
      vertex -52.2779 -29.899 3
    endloop
  endfacet
  facet normal -0.881917 -0.471405 0
    outer loop
      vertex -54.899 -27.2779 3
      vertex -55.7769 -25.6355 4.2
      vertex -55.7769 -25.6355 3
    endloop
  endfacet
  facet normal -0.881917 -0.471405 0
    outer loop
      vertex -55.7769 -25.6355 4.2
      vertex -54.899 -27.2779 3
      vertex -54.899 -27.2779 4.2
    endloop
  endfacet
  facet normal -0.995187 -0.0979938 0
    outer loop
      vertex -56.3175 -23.8534 3
      vertex -56.5 -22 4.2
      vertex -56.5 -22 3
    endloop
  endfacet
  facet normal -0.995187 -0.0979938 0
    outer loop
      vertex -56.5 -22 4.2
      vertex -56.3175 -23.8534 3
      vertex -56.3175 -23.8534 4.2
    endloop
  endfacet
  facet normal 0.956939 0.290288 0
    outer loop
      vertex -37.6825 -20.1466 4.2
      vertex -38.2231 -18.3645 3
      vertex -38.2231 -18.3645 4.2
    endloop
  endfacet
  facet normal 0.956939 0.290288 0
    outer loop
      vertex -38.2231 -18.3645 3
      vertex -37.6825 -20.1466 4.2
      vertex -37.6825 -20.1466 3
    endloop
  endfacet
  facet normal 0.290288 0.956939 -0
    outer loop
      vertex -43.3645 -13.2231 3
      vertex -45.1466 -12.6825 4.2
      vertex -43.3645 -13.2231 4.2
    endloop
  endfacet
  facet normal 0.290288 0.956939 0
    outer loop
      vertex -45.1466 -12.6825 4.2
      vertex -43.3645 -13.2231 3
      vertex -45.1466 -12.6825 3
    endloop
  endfacet
  facet normal 0 0 1
    outer loop
      vertex -39.5 -22 4.2
      vertex -37.5 -22 4.2
      vertex -37.6825 -20.1466 4.2
    endloop
  endfacet
  facet normal 0 0 1
    outer loop
      vertex -39.6441 -20.5368 4.2
      vertex -37.6825 -20.1466 4.2
      vertex -38.2231 -18.3645 4.2
    endloop
  endfacet
  facet normal 0 0 1
    outer loop
      vertex -37.5 -22 4.2
      vertex -39.5 -22 4.2
      vertex -37.6825 -23.8534 4.2
    endloop
  endfacet
  facet normal 0 0 1
    outer loop
      vertex -40.0709 -19.1299 4.2
      vertex -38.2231 -18.3645 4.2
      vertex -39.101 -16.7221 4.2
    endloop
  endfacet
  facet normal -0 0 1
    outer loop
      vertex -39.6441 -23.4632 4.2
      vertex -37.6825 -23.8534 4.2
      vertex -39.5 -22 4.2
    endloop
  endfacet
  facet normal 0 0 1
    outer loop
      vertex -37.6825 -23.8534 4.2
      vertex -39.6441 -23.4632 4.2
      vertex -38.2231 -25.6355 4.2
    endloop
  endfacet
  facet normal 0 0 1
    outer loop
      vertex -37.6825 -20.1466 4.2
      vertex -39.6441 -20.5368 4.2
      vertex -39.5 -22 4.2
    endloop
  endfacet
  facet normal 0 0 1
    outer loop
      vertex -38.2231 -18.3645 4.2
      vertex -40.0709 -19.1299 4.2
      vertex -39.6441 -20.5368 4.2
    endloop
  endfacet
  facet normal 0 0 1
    outer loop
      vertex -40.764 -17.8332 4.2
      vertex -39.101 -16.7221 4.2
      vertex -40.2825 -15.2825 4.2
    endloop
  endfacet
  facet normal 0 0 1
    outer loop
      vertex -39.101 -16.7221 4.2
      vertex -40.764 -17.8332 4.2
      vertex -40.0709 -19.1299 4.2
    endloop
  endfacet
  facet normal 0 0 1
    outer loop
      vertex -40.2825 -15.2825 4.2
      vertex -41.6967 -16.6967 4.2
      vertex -40.764 -17.8332 4.2
    endloop
  endfacet
  facet normal 0 0 1
    outer loop
      vertex -41.7221 -14.101 4.2
      vertex -41.6967 -16.6967 4.2
      vertex -40.2825 -15.2825 4.2
    endloop
  endfacet
  facet normal 0 0 1
    outer loop
      vertex -41.7221 -14.101 4.2
      vertex -42.8332 -15.764 4.2
      vertex -41.6967 -16.6967 4.2
    endloop
  endfacet
  facet normal 0 0 1
    outer loop
      vertex -43.3645 -13.2231 4.2
      vertex -42.8332 -15.764 4.2
      vertex -41.7221 -14.101 4.2
    endloop
  endfacet
  facet normal 0 0 1
    outer loop
      vertex -43.3645 -13.2231 4.2
      vertex -44.1299 -15.0709 4.2
      vertex -42.8332 -15.764 4.2
    endloop
  endfacet
  facet normal 0 0 1
    outer loop
      vertex -45.1466 -12.6825 4.2
      vertex -44.1299 -15.0709 4.2
      vertex -43.3645 -13.2231 4.2
    endloop
  endfacet
  facet normal 0 0 1
    outer loop
      vertex -45.1466 -12.6825 4.2
      vertex -45.5368 -14.6441 4.2
      vertex -44.1299 -15.0709 4.2
    endloop
  endfacet
  facet normal 0 0 1
    outer loop
      vertex -47 -12.5 4.2
      vertex -45.5368 -14.6441 4.2
      vertex -45.1466 -12.6825 4.2
    endloop
  endfacet
  facet normal 0 0 1
    outer loop
      vertex -47 -12.5 4.2
      vertex -47 -14.5 4.2
      vertex -45.5368 -14.6441 4.2
    endloop
  endfacet
  facet normal 0 0 1
    outer loop
      vertex -47 -12.5 4.2
      vertex -48.4632 -14.6441 4.2
      vertex -47 -14.5 4.2
    endloop
  endfacet
  facet normal -0 0 1
    outer loop
      vertex -48.8534 -12.6825 4.2
      vertex -48.4632 -14.6441 4.2
      vertex -47 -12.5 4.2
    endloop
  endfacet
  facet normal 0 0 1
    outer loop
      vertex -48.8534 -12.6825 4.2
      vertex -49.8701 -15.0709 4.2
      vertex -48.4632 -14.6441 4.2
    endloop
  endfacet
  facet normal -0 0 1
    outer loop
      vertex -50.6355 -13.2231 4.2
      vertex -49.8701 -15.0709 4.2
      vertex -48.8534 -12.6825 4.2
    endloop
  endfacet
  facet normal 0 0 1
    outer loop
      vertex -50.6355 -13.2231 4.2
      vertex -51.1668 -15.764 4.2
      vertex -49.8701 -15.0709 4.2
    endloop
  endfacet
  facet normal -0 0 1
    outer loop
      vertex -52.2779 -14.101 4.2
      vertex -51.1668 -15.764 4.2
      vertex -50.6355 -13.2231 4.2
    endloop
  endfacet
  facet normal 0 0 1
    outer loop
      vertex -52.2779 -14.101 4.2
      vertex -52.3033 -16.6967 4.2
      vertex -51.1668 -15.764 4.2
    endloop
  endfacet
  facet normal -0 0 1
    outer loop
      vertex -53.7175 -15.2825 4.2
      vertex -52.3033 -16.6967 4.2
      vertex -52.2779 -14.101 4.2
    endloop
  endfacet
  facet normal 0 0 1
    outer loop
      vertex -52.3033 -16.6967 4.2
      vertex -53.7175 -15.2825 4.2
      vertex -53.236 -17.8332 4.2
    endloop
  endfacet
  facet normal -0 0 1
    outer loop
      vertex -54.899 -16.7221 4.2
      vertex -53.236 -17.8332 4.2
      vertex -53.7175 -15.2825 4.2
    endloop
  endfacet
  facet normal 0 0 1
    outer loop
      vertex -53.236 -17.8332 4.2
      vertex -54.899 -16.7221 4.2
      vertex -53.9291 -19.1299 4.2
    endloop
  endfacet
  facet normal 0 0 1
    outer loop
      vertex -53.9291 -19.1299 4.2
      vertex -55.7769 -18.3645 4.2
      vertex -54.3559 -20.5368 4.2
    endloop
  endfacet
  facet normal -0 0 1
    outer loop
      vertex -55.7769 -18.3645 4.2
      vertex -53.9291 -19.1299 4.2
      vertex -54.899 -16.7221 4.2
    endloop
  endfacet
  facet normal -0 0 1
    outer loop
      vertex -40.0709 -24.8701 4.2
      vertex -38.2231 -25.6355 4.2
      vertex -39.6441 -23.4632 4.2
    endloop
  endfacet
  facet normal 0 0 1
    outer loop
      vertex -38.2231 -25.6355 4.2
      vertex -40.0709 -24.8701 4.2
      vertex -39.101 -27.2779 4.2
    endloop
  endfacet
  facet normal -0 0 1
    outer loop
      vertex -40.764 -26.1668 4.2
      vertex -39.101 -27.2779 4.2
      vertex -40.0709 -24.8701 4.2
    endloop
  endfacet
  facet normal 0 0 1
    outer loop
      vertex -39.101 -27.2779 4.2
      vertex -40.764 -26.1668 4.2
      vertex -40.2825 -28.7175 4.2
    endloop
  endfacet
  facet normal -0 0 1
    outer loop
      vertex -41.6967 -27.3033 4.2
      vertex -40.2825 -28.7175 4.2
      vertex -40.764 -26.1668 4.2
    endloop
  endfacet
  facet normal 0 0 1
    outer loop
      vertex -41.6967 -27.3033 4.2
      vertex -41.7221 -29.899 4.2
      vertex -40.2825 -28.7175 4.2
    endloop
  endfacet
  facet normal -0 0 1
    outer loop
      vertex -42.8332 -28.236 4.2
      vertex -41.7221 -29.899 4.2
      vertex -41.6967 -27.3033 4.2
    endloop
  endfacet
  facet normal 0 0 1
    outer loop
      vertex -42.8332 -28.236 4.2
      vertex -43.3645 -30.7769 4.2
      vertex -41.7221 -29.899 4.2
    endloop
  endfacet
  facet normal -0 0 1
    outer loop
      vertex -44.1299 -28.9291 4.2
      vertex -43.3645 -30.7769 4.2
      vertex -42.8332 -28.236 4.2
    endloop
  endfacet
  facet normal 0 0 1
    outer loop
      vertex -44.1299 -28.9291 4.2
      vertex -45.1466 -31.3175 4.2
      vertex -43.3645 -30.7769 4.2
    endloop
  endfacet
  facet normal -0 0 1
    outer loop
      vertex -45.5368 -29.3559 4.2
      vertex -45.1466 -31.3175 4.2
      vertex -44.1299 -28.9291 4.2
    endloop
  endfacet
  facet normal -0 0 1
    outer loop
      vertex -47 -29.5 4.2
      vertex -45.1466 -31.3175 4.2
      vertex -45.5368 -29.3559 4.2
    endloop
  endfacet
  facet normal 0 0 1
    outer loop
      vertex -47 -29.5 4.2
      vertex -47 -31.5 4.2
      vertex -45.1466 -31.3175 4.2
    endloop
  endfacet
  facet normal 0 0 1
    outer loop
      vertex -48.4632 -29.3559 4.2
      vertex -47 -31.5 4.2
      vertex -47 -29.5 4.2
    endloop
  endfacet
  facet normal 0 0 1
    outer loop
      vertex -48.4632 -29.3559 4.2
      vertex -48.8534 -31.3175 4.2
      vertex -47 -31.5 4.2
    endloop
  endfacet
  facet normal 0 0 1
    outer loop
      vertex -49.8701 -28.9291 4.2
      vertex -48.8534 -31.3175 4.2
      vertex -48.4632 -29.3559 4.2
    endloop
  endfacet
  facet normal 0 0 1
    outer loop
      vertex -49.8701 -28.9291 4.2
      vertex -50.6355 -30.7769 4.2
      vertex -48.8534 -31.3175 4.2
    endloop
  endfacet
  facet normal 0 0 1
    outer loop
      vertex -51.1668 -28.236 4.2
      vertex -50.6355 -30.7769 4.2
      vertex -49.8701 -28.9291 4.2
    endloop
  endfacet
  facet normal 0 0 1
    outer loop
      vertex -51.1668 -28.236 4.2
      vertex -52.2779 -29.899 4.2
      vertex -50.6355 -30.7769 4.2
    endloop
  endfacet
  facet normal 0 0 1
    outer loop
      vertex -52.3033 -27.3033 4.2
      vertex -52.2779 -29.899 4.2
      vertex -51.1668 -28.236 4.2
    endloop
  endfacet
  facet normal 0 0 1
    outer loop
      vertex -53.7175 -28.7175 4.2
      vertex -52.3033 -27.3033 4.2
      vertex -53.236 -26.1668 4.2
    endloop
  endfacet
  facet normal 0 0 1
    outer loop
      vertex -52.3033 -27.3033 4.2
      vertex -53.7175 -28.7175 4.2
      vertex -52.2779 -29.899 4.2
    endloop
  endfacet
  facet normal 0 0 1
    outer loop
      vertex -54.899 -27.2779 4.2
      vertex -53.236 -26.1668 4.2
      vertex -53.9291 -24.8701 4.2
    endloop
  endfacet
  facet normal 0 0 1
    outer loop
      vertex -55.7769 -25.6355 4.2
      vertex -53.9291 -24.8701 4.2
      vertex -54.3559 -23.4632 4.2
    endloop
  endfacet
  facet normal 0 0 1
    outer loop
      vertex -53.236 -26.1668 4.2
      vertex -54.899 -27.2779 4.2
      vertex -53.7175 -28.7175 4.2
    endloop
  endfacet
  facet normal 0 0 1
    outer loop
      vertex -56.3175 -23.8534 4.2
      vertex -54.3559 -23.4632 4.2
      vertex -54.5 -22 4.2
    endloop
  endfacet
  facet normal -0 0 1
    outer loop
      vertex -56.3175 -20.1466 4.2
      vertex -54.3559 -20.5368 4.2
      vertex -55.7769 -18.3645 4.2
    endloop
  endfacet
  facet normal 0 0 1
    outer loop
      vertex -54.3559 -20.5368 4.2
      vertex -56.3175 -20.1466 4.2
      vertex -54.5 -22 4.2
    endloop
  endfacet
  facet normal 0 0 1
    outer loop
      vertex -53.9291 -24.8701 4.2
      vertex -55.7769 -25.6355 4.2
      vertex -54.899 -27.2779 4.2
    endloop
  endfacet
  facet normal 0 0 1
    outer loop
      vertex -56.5 -22 4.2
      vertex -54.5 -22 4.2
      vertex -56.3175 -20.1466 4.2
    endloop
  endfacet
  facet normal 0 0 1
    outer loop
      vertex -54.3559 -23.4632 4.2
      vertex -56.3175 -23.8534 4.2
      vertex -55.7769 -25.6355 4.2
    endloop
  endfacet
  facet normal 0 0 1
    outer loop
      vertex -54.5 -22 4.2
      vertex -56.5 -22 4.2
      vertex -56.3175 -23.8534 4.2
    endloop
  endfacet
  facet normal -0.956939 0.290288 0
    outer loop
      vertex -56.3175 -20.1466 3
      vertex -55.7769 -18.3645 4.2
      vertex -55.7769 -18.3645 3
    endloop
  endfacet
  facet normal -0.956939 0.290288 0
    outer loop
      vertex -55.7769 -18.3645 4.2
      vertex -56.3175 -20.1466 3
      vertex -56.3175 -20.1466 4.2
    endloop
  endfacet
  facet normal 0.63441 -0.772997 0
    outer loop
      vertex -41.7221 -29.899 3
      vertex -40.2825 -28.7175 4.2
      vertex -41.7221 -29.899 4.2
    endloop
  endfacet
  facet normal 0.63441 -0.772997 0
    outer loop
      vertex -40.2825 -28.7175 4.2
      vertex -41.7221 -29.899 3
      vertex -40.2825 -28.7175 3
    endloop
  endfacet
  facet normal -0.471405 -0.881917 0
    outer loop
      vertex -52.2779 -29.899 3
      vertex -50.6355 -30.7769 4.2
      vertex -52.2779 -29.899 4.2
    endloop
  endfacet
  facet normal -0.471405 -0.881917 -0
    outer loop
      vertex -50.6355 -30.7769 4.2
      vertex -52.2779 -29.899 3
      vertex -50.6355 -30.7769 3
    endloop
  endfacet
  facet normal -0.956939 -0.290288 0
    outer loop
      vertex -55.7769 -25.6355 3
      vertex -56.3175 -23.8534 4.2
      vertex -56.3175 -23.8534 3
    endloop
  endfacet
  facet normal -0.956939 -0.290288 0
    outer loop
      vertex -56.3175 -23.8534 4.2
      vertex -55.7769 -25.6355 3
      vertex -55.7769 -25.6355 4.2
    endloop
  endfacet
  facet normal -0.772997 -0.63441 0
    outer loop
      vertex -53.7175 -28.7175 3
      vertex -54.899 -27.2779 4.2
      vertex -54.899 -27.2779 3
    endloop
  endfacet
  facet normal -0.772997 -0.63441 0
    outer loop
      vertex -54.899 -27.2779 4.2
      vertex -53.7175 -28.7175 3
      vertex -53.7175 -28.7175 4.2
    endloop
  endfacet
  facet normal 0.772997 -0.63441 0
    outer loop
      vertex -40.2825 -28.7175 4.2
      vertex -39.101 -27.2779 3
      vertex -39.101 -27.2779 4.2
    endloop
  endfacet
  facet normal 0.772997 -0.63441 0
    outer loop
      vertex -39.101 -27.2779 3
      vertex -40.2825 -28.7175 4.2
      vertex -40.2825 -28.7175 3
    endloop
  endfacet
  facet normal -0.634393 -0.773011 0
    outer loop
      vertex -42.8332 -15.764 3
      vertex -41.6967 -16.6967 4.2
      vertex -42.8332 -15.764 4.2
    endloop
  endfacet
  facet normal -0.634393 -0.773011 -0
    outer loop
      vertex -41.6967 -16.6967 4.2
      vertex -42.8332 -15.764 3
      vertex -41.6967 -16.6967 3
    endloop
  endfacet
  facet normal 0.956936 -0.290298 0
    outer loop
      vertex -54.3559 -20.5368 4.2
      vertex -53.9291 -19.1299 3
      vertex -53.9291 -19.1299 4.2
    endloop
  endfacet
  facet normal 0.956936 -0.290298 0
    outer loop
      vertex -53.9291 -19.1299 3
      vertex -54.3559 -20.5368 4.2
      vertex -54.3559 -20.5368 3
    endloop
  endfacet
  facet normal -0.995186 0.0980086 0
    outer loop
      vertex -39.6441 -23.4632 3
      vertex -39.5 -22 4.2
      vertex -39.5 -22 3
    endloop
  endfacet
  facet normal -0.995186 0.0980086 0
    outer loop
      vertex -39.5 -22 4.2
      vertex -39.6441 -23.4632 3
      vertex -39.6441 -23.4632 4.2
    endloop
  endfacet
  facet normal 0.290298 0.956936 -0
    outer loop
      vertex -48.4632 -29.3559 3
      vertex -49.8701 -28.9291 4.2
      vertex -48.4632 -29.3559 4.2
    endloop
  endfacet
  facet normal 0.290298 0.956936 0
    outer loop
      vertex -49.8701 -28.9291 4.2
      vertex -48.4632 -29.3559 3
      vertex -49.8701 -28.9291 3
    endloop
  endfacet
  facet normal -0.773011 -0.634393 0
    outer loop
      vertex -40.764 -17.8332 3
      vertex -41.6967 -16.6967 4.2
      vertex -41.6967 -16.6967 3
    endloop
  endfacet
  facet normal -0.773011 -0.634393 0
    outer loop
      vertex -41.6967 -16.6967 4.2
      vertex -40.764 -17.8332 3
      vertex -40.764 -17.8332 4.2
    endloop
  endfacet
  facet normal 0.290298 -0.956936 0
    outer loop
      vertex -49.8701 -15.0709 3
      vertex -48.4632 -14.6441 4.2
      vertex -49.8701 -15.0709 4.2
    endloop
  endfacet
  facet normal 0.290298 -0.956936 0
    outer loop
      vertex -48.4632 -14.6441 4.2
      vertex -49.8701 -15.0709 3
      vertex -48.4632 -14.6441 3
    endloop
  endfacet
  facet normal 0.881921 -0.471396 0
    outer loop
      vertex -53.9291 -19.1299 4.2
      vertex -53.236 -17.8332 3
      vertex -53.236 -17.8332 4.2
    endloop
  endfacet
  facet normal 0.881921 -0.471396 0
    outer loop
      vertex -53.236 -17.8332 3
      vertex -53.9291 -19.1299 4.2
      vertex -53.9291 -19.1299 3
    endloop
  endfacet
  facet normal -0.634393 0.773011 0
    outer loop
      vertex -41.6967 -27.3033 3
      vertex -42.8332 -28.236 4.2
      vertex -41.6967 -27.3033 4.2
    endloop
  endfacet
  facet normal -0.634393 0.773011 0
    outer loop
      vertex -42.8332 -28.236 4.2
      vertex -41.6967 -27.3033 3
      vertex -42.8332 -28.236 3
    endloop
  endfacet
  facet normal -0.956936 -0.290298 0
    outer loop
      vertex -39.6441 -20.5368 3
      vertex -40.0709 -19.1299 4.2
      vertex -40.0709 -19.1299 3
    endloop
  endfacet
  facet normal -0.956936 -0.290298 0
    outer loop
      vertex -40.0709 -19.1299 4.2
      vertex -39.6441 -20.5368 3
      vertex -39.6441 -20.5368 4.2
    endloop
  endfacet
  facet normal -0.881921 -0.471396 0
    outer loop
      vertex -40.0709 -19.1299 3
      vertex -40.764 -17.8332 4.2
      vertex -40.764 -17.8332 3
    endloop
  endfacet
  facet normal -0.881921 -0.471396 0
    outer loop
      vertex -40.764 -17.8332 4.2
      vertex -40.0709 -19.1299 3
      vertex -40.0709 -19.1299 4.2
    endloop
  endfacet
  facet normal -0.471396 -0.881921 0
    outer loop
      vertex -44.1299 -15.0709 3
      vertex -42.8332 -15.764 4.2
      vertex -44.1299 -15.0709 4.2
    endloop
  endfacet
  facet normal -0.471396 -0.881921 -0
    outer loop
      vertex -42.8332 -15.764 4.2
      vertex -44.1299 -15.0709 3
      vertex -42.8332 -15.764 3
    endloop
  endfacet
  facet normal -0.0980086 -0.995186 0
    outer loop
      vertex -47 -14.5 3
      vertex -45.5368 -14.6441 4.2
      vertex -47 -14.5 4.2
    endloop
  endfacet
  facet normal -0.0980086 -0.995186 -0
    outer loop
      vertex -45.5368 -14.6441 4.2
      vertex -47 -14.5 3
      vertex -45.5368 -14.6441 3
    endloop
  endfacet
  facet normal -0.290298 -0.956936 0
    outer loop
      vertex -45.5368 -14.6441 3
      vertex -44.1299 -15.0709 4.2
      vertex -45.5368 -14.6441 4.2
    endloop
  endfacet
  facet normal -0.290298 -0.956936 -0
    outer loop
      vertex -44.1299 -15.0709 4.2
      vertex -45.5368 -14.6441 3
      vertex -44.1299 -15.0709 3
    endloop
  endfacet
  facet normal 0.995186 -0.0980086 0
    outer loop
      vertex -54.5 -22 4.2
      vertex -54.3559 -20.5368 3
      vertex -54.3559 -20.5368 4.2
    endloop
  endfacet
  facet normal 0.995186 -0.0980086 0
    outer loop
      vertex -54.3559 -20.5368 3
      vertex -54.5 -22 4.2
      vertex -54.5 -22 3
    endloop
  endfacet
  facet normal 0.773011 -0.634393 0
    outer loop
      vertex -53.236 -17.8332 4.2
      vertex -52.3033 -16.6967 3
      vertex -52.3033 -16.6967 4.2
    endloop
  endfacet
  facet normal 0.773011 -0.634393 0
    outer loop
      vertex -52.3033 -16.6967 3
      vertex -53.236 -17.8332 4.2
      vertex -53.236 -17.8332 3
    endloop
  endfacet
  facet normal 0.471396 -0.881921 0
    outer loop
      vertex -51.1668 -15.764 3
      vertex -49.8701 -15.0709 4.2
      vertex -51.1668 -15.764 4.2
    endloop
  endfacet
  facet normal 0.471396 -0.881921 0
    outer loop
      vertex -49.8701 -15.0709 4.2
      vertex -51.1668 -15.764 3
      vertex -49.8701 -15.0709 3
    endloop
  endfacet
  facet normal 0.0980086 -0.995186 0
    outer loop
      vertex -48.4632 -14.6441 3
      vertex -47 -14.5 4.2
      vertex -48.4632 -14.6441 4.2
    endloop
  endfacet
  facet normal 0.0980086 -0.995186 0
    outer loop
      vertex -47 -14.5 4.2
      vertex -48.4632 -14.6441 3
      vertex -47 -14.5 3
    endloop
  endfacet
  facet normal 0.634393 -0.773011 0
    outer loop
      vertex -52.3033 -16.6967 3
      vertex -51.1668 -15.764 4.2
      vertex -52.3033 -16.6967 4.2
    endloop
  endfacet
  facet normal 0.634393 -0.773011 0
    outer loop
      vertex -51.1668 -15.764 4.2
      vertex -52.3033 -16.6967 3
      vertex -51.1668 -15.764 3
    endloop
  endfacet
  facet normal -0.995186 -0.0980086 0
    outer loop
      vertex -39.5 -22 3
      vertex -39.6441 -20.5368 4.2
      vertex -39.6441 -20.5368 3
    endloop
  endfacet
  facet normal -0.995186 -0.0980086 0
    outer loop
      vertex -39.6441 -20.5368 4.2
      vertex -39.5 -22 3
      vertex -39.5 -22 4.2
    endloop
  endfacet
  facet normal -0.0980086 0.995186 0
    outer loop
      vertex -45.5368 -29.3559 3
      vertex -47 -29.5 4.2
      vertex -45.5368 -29.3559 4.2
    endloop
  endfacet
  facet normal -0.0980086 0.995186 0
    outer loop
      vertex -47 -29.5 4.2
      vertex -45.5368 -29.3559 3
      vertex -47 -29.5 3
    endloop
  endfacet
  facet normal -0.956936 0.290298 0
    outer loop
      vertex -40.0709 -24.8701 3
      vertex -39.6441 -23.4632 4.2
      vertex -39.6441 -23.4632 3
    endloop
  endfacet
  facet normal -0.956936 0.290298 0
    outer loop
      vertex -39.6441 -23.4632 4.2
      vertex -40.0709 -24.8701 3
      vertex -40.0709 -24.8701 4.2
    endloop
  endfacet
  facet normal -0.290298 0.956936 0
    outer loop
      vertex -44.1299 -28.9291 3
      vertex -45.5368 -29.3559 4.2
      vertex -44.1299 -28.9291 4.2
    endloop
  endfacet
  facet normal -0.290298 0.956936 0
    outer loop
      vertex -45.5368 -29.3559 4.2
      vertex -44.1299 -28.9291 3
      vertex -45.5368 -29.3559 3
    endloop
  endfacet
  facet normal -0.471396 0.881921 0
    outer loop
      vertex -42.8332 -28.236 3
      vertex -44.1299 -28.9291 4.2
      vertex -42.8332 -28.236 4.2
    endloop
  endfacet
  facet normal -0.471396 0.881921 0
    outer loop
      vertex -44.1299 -28.9291 4.2
      vertex -42.8332 -28.236 3
      vertex -44.1299 -28.9291 3
    endloop
  endfacet
  facet normal 0.0980086 0.995186 -0
    outer loop
      vertex -47 -29.5 3
      vertex -48.4632 -29.3559 4.2
      vertex -47 -29.5 4.2
    endloop
  endfacet
  facet normal 0.0980086 0.995186 0
    outer loop
      vertex -48.4632 -29.3559 4.2
      vertex -47 -29.5 3
      vertex -48.4632 -29.3559 3
    endloop
  endfacet
  facet normal 0.634393 0.773011 -0
    outer loop
      vertex -51.1668 -28.236 3
      vertex -52.3033 -27.3033 4.2
      vertex -51.1668 -28.236 4.2
    endloop
  endfacet
  facet normal 0.634393 0.773011 0
    outer loop
      vertex -52.3033 -27.3033 4.2
      vertex -51.1668 -28.236 3
      vertex -52.3033 -27.3033 3
    endloop
  endfacet
  facet normal 0.881921 0.471396 0
    outer loop
      vertex -53.236 -26.1668 4.2
      vertex -53.9291 -24.8701 3
      vertex -53.9291 -24.8701 4.2
    endloop
  endfacet
  facet normal 0.881921 0.471396 0
    outer loop
      vertex -53.9291 -24.8701 3
      vertex -53.236 -26.1668 4.2
      vertex -53.236 -26.1668 3
    endloop
  endfacet
  facet normal 0.995186 0.0980086 0
    outer loop
      vertex -54.3559 -23.4632 4.2
      vertex -54.5 -22 3
      vertex -54.5 -22 4.2
    endloop
  endfacet
  facet normal 0.995186 0.0980086 0
    outer loop
      vertex -54.5 -22 3
      vertex -54.3559 -23.4632 4.2
      vertex -54.3559 -23.4632 3
    endloop
  endfacet
  facet normal -0.773011 0.634393 0
    outer loop
      vertex -41.6967 -27.3033 3
      vertex -40.764 -26.1668 4.2
      vertex -40.764 -26.1668 3
    endloop
  endfacet
  facet normal -0.773011 0.634393 0
    outer loop
      vertex -40.764 -26.1668 4.2
      vertex -41.6967 -27.3033 3
      vertex -41.6967 -27.3033 4.2
    endloop
  endfacet
  facet normal -0.881921 0.471396 0
    outer loop
      vertex -40.764 -26.1668 3
      vertex -40.0709 -24.8701 4.2
      vertex -40.0709 -24.8701 3
    endloop
  endfacet
  facet normal -0.881921 0.471396 0
    outer loop
      vertex -40.0709 -24.8701 4.2
      vertex -40.764 -26.1668 3
      vertex -40.764 -26.1668 4.2
    endloop
  endfacet
  facet normal 0.471396 0.881921 -0
    outer loop
      vertex -49.8701 -28.9291 3
      vertex -51.1668 -28.236 4.2
      vertex -49.8701 -28.9291 4.2
    endloop
  endfacet
  facet normal 0.471396 0.881921 0
    outer loop
      vertex -51.1668 -28.236 4.2
      vertex -49.8701 -28.9291 3
      vertex -51.1668 -28.236 3
    endloop
  endfacet
  facet normal 0.956936 0.290298 0
    outer loop
      vertex -53.9291 -24.8701 4.2
      vertex -54.3559 -23.4632 3
      vertex -54.3559 -23.4632 4.2
    endloop
  endfacet
  facet normal 0.956936 0.290298 0
    outer loop
      vertex -54.3559 -23.4632 3
      vertex -53.9291 -24.8701 4.2
      vertex -53.9291 -24.8701 3
    endloop
  endfacet
  facet normal 0.773011 0.634393 0
    outer loop
      vertex -52.3033 -27.3033 4.2
      vertex -53.236 -26.1668 3
      vertex -53.236 -26.1668 4.2
    endloop
  endfacet
  facet normal 0.773011 0.634393 0
    outer loop
      vertex -53.236 -26.1668 3
      vertex -52.3033 -27.3033 4.2
      vertex -52.3033 -27.3033 3
    endloop
  endfacet
  facet normal 0.471405 0.881917 -0
    outer loop
      vertex -41.7221 7.89896 3
      vertex -43.3645 8.77686 4.2
      vertex -41.7221 7.89896 4.2
    endloop
  endfacet
  facet normal 0.471405 0.881917 0
    outer loop
      vertex -43.3645 8.77686 4.2
      vertex -41.7221 7.89896 3
      vertex -43.3645 8.77686 3
    endloop
  endfacet
  facet normal 0.995187 -0.0979959 0
    outer loop
      vertex -37.6825 -1.85336 4.2
      vertex -37.5 0 3
      vertex -37.5 0 4.2
    endloop
  endfacet
  facet normal 0.995187 -0.0979959 0
    outer loop
      vertex -37.5 0 3
      vertex -37.6825 -1.85336 4.2
      vertex -37.6825 -1.85336 3
    endloop
  endfacet
  facet normal -0.290288 -0.956939 0
    outer loop
      vertex -50.6355 -8.77686 3
      vertex -48.8534 -9.31746 4.2
      vertex -50.6355 -8.77686 4.2
    endloop
  endfacet
  facet normal -0.290288 -0.956939 -0
    outer loop
      vertex -48.8534 -9.31746 4.2
      vertex -50.6355 -8.77686 3
      vertex -48.8534 -9.31746 3
    endloop
  endfacet
  facet normal -0.290288 0.956939 0
    outer loop
      vertex -48.8534 9.31746 3
      vertex -50.6355 8.77686 4.2
      vertex -48.8534 9.31746 4.2
    endloop
  endfacet
  facet normal -0.290288 0.956939 0
    outer loop
      vertex -50.6355 8.77686 4.2
      vertex -48.8534 9.31746 3
      vertex -50.6355 8.77686 3
    endloop
  endfacet
  facet normal -0.881921 0.471398 0
    outer loop
      vertex -55.7769 3.63549 3
      vertex -54.899 5.27792 4.2
      vertex -54.899 5.27792 3
    endloop
  endfacet
  facet normal -0.881921 0.471398 0
    outer loop
      vertex -54.899 5.27792 4.2
      vertex -55.7769 3.63549 3
      vertex -55.7769 3.63549 4.2
    endloop
  endfacet
  facet normal 0.881921 0.471398 0
    outer loop
      vertex -38.2231 3.63549 4.2
      vertex -39.101 5.27792 3
      vertex -39.101 5.27792 4.2
    endloop
  endfacet
  facet normal 0.881921 0.471398 0
    outer loop
      vertex -39.101 5.27792 3
      vertex -38.2231 3.63549 4.2
      vertex -38.2231 3.63549 3
    endloop
  endfacet
  facet normal 0.772995 0.634412 0
    outer loop
      vertex -39.101 5.27792 4.2
      vertex -40.2825 6.71751 3
      vertex -40.2825 6.71751 4.2
    endloop
  endfacet
  facet normal 0.772995 0.634412 0
    outer loop
      vertex -40.2825 6.71751 3
      vertex -39.101 5.27792 4.2
      vertex -39.101 5.27792 3
    endloop
  endfacet
  facet normal 0.634394 0.77301 -0
    outer loop
      vertex -40.2825 6.71751 3
      vertex -41.7221 7.89896 4.2
      vertex -40.2825 6.71751 4.2
    endloop
  endfacet
  facet normal 0.634394 0.77301 0
    outer loop
      vertex -41.7221 7.89896 4.2
      vertex -40.2825 6.71751 3
      vertex -41.7221 7.89896 3
    endloop
  endfacet
  facet normal 0.098015 0.995185 -0
    outer loop
      vertex -45.1466 9.31746 3
      vertex -47 9.5 4.2
      vertex -45.1466 9.31746 4.2
    endloop
  endfacet
  facet normal 0.098015 0.995185 0
    outer loop
      vertex -47 9.5 4.2
      vertex -45.1466 9.31746 3
      vertex -47 9.5 3
    endloop
  endfacet
  facet normal -0.995187 0.0979959 0
    outer loop
      vertex -56.5 0 3
      vertex -56.3175 1.85336 4.2
      vertex -56.3175 1.85336 3
    endloop
  endfacet
  facet normal -0.995187 0.0979959 0
    outer loop
      vertex -56.3175 1.85336 4.2
      vertex -56.5 0 3
      vertex -56.5 0 4.2
    endloop
  endfacet
  facet normal -0.772995 0.634412 0
    outer loop
      vertex -54.899 5.27792 3
      vertex -53.7175 6.71751 4.2
      vertex -53.7175 6.71751 3
    endloop
  endfacet
  facet normal -0.772995 0.634412 0
    outer loop
      vertex -53.7175 6.71751 4.2
      vertex -54.899 5.27792 3
      vertex -54.899 5.27792 4.2
    endloop
  endfacet
  facet normal -0.471405 0.881917 0
    outer loop
      vertex -50.6355 8.77686 3
      vertex -52.2779 7.89896 4.2
      vertex -50.6355 8.77686 4.2
    endloop
  endfacet
  facet normal -0.471405 0.881917 0
    outer loop
      vertex -52.2779 7.89896 4.2
      vertex -50.6355 8.77686 3
      vertex -52.2779 7.89896 3
    endloop
  endfacet
  facet normal -0.098015 0.995185 0
    outer loop
      vertex -47 9.5 3
      vertex -48.8534 9.31746 4.2
      vertex -47 9.5 4.2
    endloop
  endfacet
  facet normal -0.098015 0.995185 0
    outer loop
      vertex -48.8534 9.31746 4.2
      vertex -47 9.5 3
      vertex -48.8534 9.31746 3
    endloop
  endfacet
  facet normal -0.634394 0.77301 0
    outer loop
      vertex -52.2779 7.89896 3
      vertex -53.7175 6.71751 4.2
      vertex -52.2779 7.89896 4.2
    endloop
  endfacet
  facet normal -0.634394 0.77301 0
    outer loop
      vertex -53.7175 6.71751 4.2
      vertex -52.2779 7.89896 3
      vertex -53.7175 6.71751 3
    endloop
  endfacet
  facet normal 0.995187 0.0979959 0
    outer loop
      vertex -37.5 0 4.2
      vertex -37.6825 1.85336 3
      vertex -37.6825 1.85336 4.2
    endloop
  endfacet
  facet normal 0.995187 0.0979959 0
    outer loop
      vertex -37.6825 1.85336 3
      vertex -37.5 0 4.2
      vertex -37.5 0 3
    endloop
  endfacet
  facet normal 0.098015 -0.995185 0
    outer loop
      vertex -47 -9.5 3
      vertex -45.1466 -9.31746 4.2
      vertex -47 -9.5 4.2
    endloop
  endfacet
  facet normal 0.098015 -0.995185 0
    outer loop
      vertex -45.1466 -9.31746 4.2
      vertex -47 -9.5 3
      vertex -45.1466 -9.31746 3
    endloop
  endfacet
  facet normal 0.881921 -0.471398 0
    outer loop
      vertex -39.101 -5.27792 4.2
      vertex -38.2231 -3.63549 3
      vertex -38.2231 -3.63549 4.2
    endloop
  endfacet
  facet normal 0.881921 -0.471398 0
    outer loop
      vertex -38.2231 -3.63549 3
      vertex -39.101 -5.27792 4.2
      vertex -39.101 -5.27792 3
    endloop
  endfacet
  facet normal 0.956941 -0.290283 0
    outer loop
      vertex -38.2231 -3.63549 4.2
      vertex -37.6825 -1.85336 3
      vertex -37.6825 -1.85336 4.2
    endloop
  endfacet
  facet normal 0.956941 -0.290283 0
    outer loop
      vertex -37.6825 -1.85336 3
      vertex -38.2231 -3.63549 4.2
      vertex -38.2231 -3.63549 3
    endloop
  endfacet
  facet normal 0.290288 -0.956939 0
    outer loop
      vertex -45.1466 -9.31746 3
      vertex -43.3645 -8.77686 4.2
      vertex -45.1466 -9.31746 4.2
    endloop
  endfacet
  facet normal 0.290288 -0.956939 0
    outer loop
      vertex -43.3645 -8.77686 4.2
      vertex -45.1466 -9.31746 3
      vertex -43.3645 -8.77686 3
    endloop
  endfacet
  facet normal 0.471405 -0.881917 0
    outer loop
      vertex -43.3645 -8.77686 3
      vertex -41.7221 -7.89896 4.2
      vertex -43.3645 -8.77686 4.2
    endloop
  endfacet
  facet normal 0.471405 -0.881917 0
    outer loop
      vertex -41.7221 -7.89896 4.2
      vertex -43.3645 -8.77686 3
      vertex -41.7221 -7.89896 3
    endloop
  endfacet
  facet normal -0.098015 -0.995185 0
    outer loop
      vertex -48.8534 -9.31746 3
      vertex -47 -9.5 4.2
      vertex -48.8534 -9.31746 4.2
    endloop
  endfacet
  facet normal -0.098015 -0.995185 -0
    outer loop
      vertex -47 -9.5 4.2
      vertex -48.8534 -9.31746 3
      vertex -47 -9.5 3
    endloop
  endfacet
  facet normal -0.634394 -0.77301 0
    outer loop
      vertex -53.7175 -6.71751 3
      vertex -52.2779 -7.89896 4.2
      vertex -53.7175 -6.71751 4.2
    endloop
  endfacet
  facet normal -0.634394 -0.77301 -0
    outer loop
      vertex -52.2779 -7.89896 4.2
      vertex -53.7175 -6.71751 3
      vertex -52.2779 -7.89896 3
    endloop
  endfacet
  facet normal -0.881921 -0.471398 0
    outer loop
      vertex -54.899 -5.27792 3
      vertex -55.7769 -3.63549 4.2
      vertex -55.7769 -3.63549 3
    endloop
  endfacet
  facet normal -0.881921 -0.471398 0
    outer loop
      vertex -55.7769 -3.63549 4.2
      vertex -54.899 -5.27792 3
      vertex -54.899 -5.27792 4.2
    endloop
  endfacet
  facet normal -0.995187 -0.0979959 0
    outer loop
      vertex -56.3175 -1.85336 3
      vertex -56.5 0 4.2
      vertex -56.5 0 3
    endloop
  endfacet
  facet normal -0.995187 -0.0979959 0
    outer loop
      vertex -56.5 0 4.2
      vertex -56.3175 -1.85336 3
      vertex -56.3175 -1.85336 4.2
    endloop
  endfacet
  facet normal 0.956941 0.290283 0
    outer loop
      vertex -37.6825 1.85336 4.2
      vertex -38.2231 3.63549 3
      vertex -38.2231 3.63549 4.2
    endloop
  endfacet
  facet normal 0.956941 0.290283 0
    outer loop
      vertex -38.2231 3.63549 3
      vertex -37.6825 1.85336 4.2
      vertex -37.6825 1.85336 3
    endloop
  endfacet
  facet normal 0.290288 0.956939 -0
    outer loop
      vertex -43.3645 8.77686 3
      vertex -45.1466 9.31746 4.2
      vertex -43.3645 8.77686 4.2
    endloop
  endfacet
  facet normal 0.290288 0.956939 0
    outer loop
      vertex -45.1466 9.31746 4.2
      vertex -43.3645 8.77686 3
      vertex -45.1466 9.31746 3
    endloop
  endfacet
  facet normal 0 0 1
    outer loop
      vertex -39.5 0 4.2
      vertex -37.5 0 4.2
      vertex -37.6825 1.85336 4.2
    endloop
  endfacet
  facet normal 0 0 1
    outer loop
      vertex -39.6441 1.46318 4.2
      vertex -37.6825 1.85336 4.2
      vertex -38.2231 3.63549 4.2
    endloop
  endfacet
  facet normal 0 0 1
    outer loop
      vertex -37.5 0 4.2
      vertex -39.5 0 4.2
      vertex -37.6825 -1.85336 4.2
    endloop
  endfacet
  facet normal 0 0 1
    outer loop
      vertex -40.0709 2.87012 4.2
      vertex -38.2231 3.63549 4.2
      vertex -39.101 5.27792 4.2
    endloop
  endfacet
  facet normal -0 0 1
    outer loop
      vertex -39.6441 -1.46318 4.2
      vertex -37.6825 -1.85336 4.2
      vertex -39.5 0 4.2
    endloop
  endfacet
  facet normal 0 0 1
    outer loop
      vertex -37.6825 -1.85336 4.2
      vertex -39.6441 -1.46318 4.2
      vertex -38.2231 -3.63549 4.2
    endloop
  endfacet
  facet normal 0 0 1
    outer loop
      vertex -37.6825 1.85336 4.2
      vertex -39.6441 1.46318 4.2
      vertex -39.5 0 4.2
    endloop
  endfacet
  facet normal 0 0 1
    outer loop
      vertex -38.2231 3.63549 4.2
      vertex -40.0709 2.87012 4.2
      vertex -39.6441 1.46318 4.2
    endloop
  endfacet
  facet normal 0 0 1
    outer loop
      vertex -40.764 4.16678 4.2
      vertex -39.101 5.27792 4.2
      vertex -40.2825 6.71751 4.2
    endloop
  endfacet
  facet normal 0 0 1
    outer loop
      vertex -39.101 5.27792 4.2
      vertex -40.764 4.16678 4.2
      vertex -40.0709 2.87012 4.2
    endloop
  endfacet
  facet normal 0 0 1
    outer loop
      vertex -40.2825 6.71751 4.2
      vertex -41.6967 5.3033 4.2
      vertex -40.764 4.16678 4.2
    endloop
  endfacet
  facet normal 0 0 1
    outer loop
      vertex -41.7221 7.89896 4.2
      vertex -41.6967 5.3033 4.2
      vertex -40.2825 6.71751 4.2
    endloop
  endfacet
  facet normal 0 0 1
    outer loop
      vertex -41.7221 7.89896 4.2
      vertex -42.8332 6.23602 4.2
      vertex -41.6967 5.3033 4.2
    endloop
  endfacet
  facet normal 0 0 1
    outer loop
      vertex -43.3645 8.77686 4.2
      vertex -42.8332 6.23602 4.2
      vertex -41.7221 7.89896 4.2
    endloop
  endfacet
  facet normal 0 0 1
    outer loop
      vertex -43.3645 8.77686 4.2
      vertex -44.1299 6.9291 4.2
      vertex -42.8332 6.23602 4.2
    endloop
  endfacet
  facet normal 0 0 1
    outer loop
      vertex -45.1466 9.31746 4.2
      vertex -44.1299 6.9291 4.2
      vertex -43.3645 8.77686 4.2
    endloop
  endfacet
  facet normal 0 0 1
    outer loop
      vertex -45.1466 9.31746 4.2
      vertex -45.5368 7.35589 4.2
      vertex -44.1299 6.9291 4.2
    endloop
  endfacet
  facet normal 0 0 1
    outer loop
      vertex -47 9.5 4.2
      vertex -45.5368 7.35589 4.2
      vertex -45.1466 9.31746 4.2
    endloop
  endfacet
  facet normal 0 0 1
    outer loop
      vertex -47 9.5 4.2
      vertex -47 7.5 4.2
      vertex -45.5368 7.35589 4.2
    endloop
  endfacet
  facet normal 0 0 1
    outer loop
      vertex -47 9.5 4.2
      vertex -48.4632 7.35589 4.2
      vertex -47 7.5 4.2
    endloop
  endfacet
  facet normal -0 0 1
    outer loop
      vertex -48.8534 9.31746 4.2
      vertex -48.4632 7.35589 4.2
      vertex -47 9.5 4.2
    endloop
  endfacet
  facet normal 0 0 1
    outer loop
      vertex -48.8534 9.31746 4.2
      vertex -49.8701 6.9291 4.2
      vertex -48.4632 7.35589 4.2
    endloop
  endfacet
  facet normal -0 0 1
    outer loop
      vertex -50.6355 8.77686 4.2
      vertex -49.8701 6.9291 4.2
      vertex -48.8534 9.31746 4.2
    endloop
  endfacet
  facet normal 0 0 1
    outer loop
      vertex -50.6355 8.77686 4.2
      vertex -51.1668 6.23602 4.2
      vertex -49.8701 6.9291 4.2
    endloop
  endfacet
  facet normal -0 0 1
    outer loop
      vertex -52.2779 7.89896 4.2
      vertex -51.1668 6.23602 4.2
      vertex -50.6355 8.77686 4.2
    endloop
  endfacet
  facet normal 0 0 1
    outer loop
      vertex -52.2779 7.89896 4.2
      vertex -52.3033 5.3033 4.2
      vertex -51.1668 6.23602 4.2
    endloop
  endfacet
  facet normal -0 0 1
    outer loop
      vertex -53.7175 6.71751 4.2
      vertex -52.3033 5.3033 4.2
      vertex -52.2779 7.89896 4.2
    endloop
  endfacet
  facet normal 0 0 1
    outer loop
      vertex -52.3033 5.3033 4.2
      vertex -53.7175 6.71751 4.2
      vertex -53.236 4.16678 4.2
    endloop
  endfacet
  facet normal -0 0 1
    outer loop
      vertex -54.899 5.27792 4.2
      vertex -53.236 4.16678 4.2
      vertex -53.7175 6.71751 4.2
    endloop
  endfacet
  facet normal 0 0 1
    outer loop
      vertex -53.236 4.16678 4.2
      vertex -54.899 5.27792 4.2
      vertex -53.9291 2.87012 4.2
    endloop
  endfacet
  facet normal 0 0 1
    outer loop
      vertex -53.9291 2.87012 4.2
      vertex -55.7769 3.63549 4.2
      vertex -54.3559 1.46318 4.2
    endloop
  endfacet
  facet normal -0 0 1
    outer loop
      vertex -55.7769 3.63549 4.2
      vertex -53.9291 2.87012 4.2
      vertex -54.899 5.27792 4.2
    endloop
  endfacet
  facet normal -0 0 1
    outer loop
      vertex -40.0709 -2.87012 4.2
      vertex -38.2231 -3.63549 4.2
      vertex -39.6441 -1.46318 4.2
    endloop
  endfacet
  facet normal 0 0 1
    outer loop
      vertex -38.2231 -3.63549 4.2
      vertex -40.0709 -2.87012 4.2
      vertex -39.101 -5.27792 4.2
    endloop
  endfacet
  facet normal -0 0 1
    outer loop
      vertex -40.764 -4.16678 4.2
      vertex -39.101 -5.27792 4.2
      vertex -40.0709 -2.87012 4.2
    endloop
  endfacet
  facet normal 0 0 1
    outer loop
      vertex -39.101 -5.27792 4.2
      vertex -40.764 -4.16678 4.2
      vertex -40.2825 -6.71751 4.2
    endloop
  endfacet
  facet normal -0 0 1
    outer loop
      vertex -41.6967 -5.3033 4.2
      vertex -40.2825 -6.71751 4.2
      vertex -40.764 -4.16678 4.2
    endloop
  endfacet
  facet normal 0 0 1
    outer loop
      vertex -41.6967 -5.3033 4.2
      vertex -41.7221 -7.89896 4.2
      vertex -40.2825 -6.71751 4.2
    endloop
  endfacet
  facet normal -0 0 1
    outer loop
      vertex -42.8332 -6.23602 4.2
      vertex -41.7221 -7.89896 4.2
      vertex -41.6967 -5.3033 4.2
    endloop
  endfacet
  facet normal 0 0 1
    outer loop
      vertex -42.8332 -6.23602 4.2
      vertex -43.3645 -8.77686 4.2
      vertex -41.7221 -7.89896 4.2
    endloop
  endfacet
  facet normal -0 0 1
    outer loop
      vertex -44.1299 -6.9291 4.2
      vertex -43.3645 -8.77686 4.2
      vertex -42.8332 -6.23602 4.2
    endloop
  endfacet
  facet normal 0 0 1
    outer loop
      vertex -44.1299 -6.9291 4.2
      vertex -45.1466 -9.31746 4.2
      vertex -43.3645 -8.77686 4.2
    endloop
  endfacet
  facet normal -0 0 1
    outer loop
      vertex -45.5368 -7.35589 4.2
      vertex -45.1466 -9.31746 4.2
      vertex -44.1299 -6.9291 4.2
    endloop
  endfacet
  facet normal -0 0 1
    outer loop
      vertex -47 -7.5 4.2
      vertex -45.1466 -9.31746 4.2
      vertex -45.5368 -7.35589 4.2
    endloop
  endfacet
  facet normal 0 0 1
    outer loop
      vertex -47 -7.5 4.2
      vertex -47 -9.5 4.2
      vertex -45.1466 -9.31746 4.2
    endloop
  endfacet
  facet normal 0 0 1
    outer loop
      vertex -48.4632 -7.35589 4.2
      vertex -47 -9.5 4.2
      vertex -47 -7.5 4.2
    endloop
  endfacet
  facet normal 0 0 1
    outer loop
      vertex -48.4632 -7.35589 4.2
      vertex -48.8534 -9.31746 4.2
      vertex -47 -9.5 4.2
    endloop
  endfacet
  facet normal 0 0 1
    outer loop
      vertex -49.8701 -6.9291 4.2
      vertex -48.8534 -9.31746 4.2
      vertex -48.4632 -7.35589 4.2
    endloop
  endfacet
  facet normal 0 0 1
    outer loop
      vertex -49.8701 -6.9291 4.2
      vertex -50.6355 -8.77686 4.2
      vertex -48.8534 -9.31746 4.2
    endloop
  endfacet
  facet normal 0 0 1
    outer loop
      vertex -51.1668 -6.23602 4.2
      vertex -50.6355 -8.77686 4.2
      vertex -49.8701 -6.9291 4.2
    endloop
  endfacet
  facet normal 0 0 1
    outer loop
      vertex -51.1668 -6.23602 4.2
      vertex -52.2779 -7.89896 4.2
      vertex -50.6355 -8.77686 4.2
    endloop
  endfacet
  facet normal 0 0 1
    outer loop
      vertex -52.3033 -5.3033 4.2
      vertex -52.2779 -7.89896 4.2
      vertex -51.1668 -6.23602 4.2
    endloop
  endfacet
  facet normal 0 0 1
    outer loop
      vertex -53.7175 -6.71751 4.2
      vertex -52.3033 -5.3033 4.2
      vertex -53.236 -4.16678 4.2
    endloop
  endfacet
  facet normal 0 0 1
    outer loop
      vertex -52.3033 -5.3033 4.2
      vertex -53.7175 -6.71751 4.2
      vertex -52.2779 -7.89896 4.2
    endloop
  endfacet
  facet normal 0 0 1
    outer loop
      vertex -54.899 -5.27792 4.2
      vertex -53.236 -4.16678 4.2
      vertex -53.9291 -2.87012 4.2
    endloop
  endfacet
  facet normal 0 0 1
    outer loop
      vertex -55.7769 -3.63549 4.2
      vertex -53.9291 -2.87012 4.2
      vertex -54.3559 -1.46318 4.2
    endloop
  endfacet
  facet normal 0 0 1
    outer loop
      vertex -53.236 -4.16678 4.2
      vertex -54.899 -5.27792 4.2
      vertex -53.7175 -6.71751 4.2
    endloop
  endfacet
  facet normal 0 0 1
    outer loop
      vertex -56.3175 -1.85336 4.2
      vertex -54.3559 -1.46318 4.2
      vertex -54.5 0 4.2
    endloop
  endfacet
  facet normal -0 0 1
    outer loop
      vertex -56.3175 1.85336 4.2
      vertex -54.3559 1.46318 4.2
      vertex -55.7769 3.63549 4.2
    endloop
  endfacet
  facet normal 0 0 1
    outer loop
      vertex -54.3559 1.46318 4.2
      vertex -56.3175 1.85336 4.2
      vertex -54.5 0 4.2
    endloop
  endfacet
  facet normal 0 0 1
    outer loop
      vertex -53.9291 -2.87012 4.2
      vertex -55.7769 -3.63549 4.2
      vertex -54.899 -5.27792 4.2
    endloop
  endfacet
  facet normal 0 0 1
    outer loop
      vertex -56.5 0 4.2
      vertex -54.5 0 4.2
      vertex -56.3175 1.85336 4.2
    endloop
  endfacet
  facet normal 0 0 1
    outer loop
      vertex -54.3559 -1.46318 4.2
      vertex -56.3175 -1.85336 4.2
      vertex -55.7769 -3.63549 4.2
    endloop
  endfacet
  facet normal 0 0 1
    outer loop
      vertex -54.5 0 4.2
      vertex -56.5 0 4.2
      vertex -56.3175 -1.85336 4.2
    endloop
  endfacet
  facet normal -0.956941 0.290283 0
    outer loop
      vertex -56.3175 1.85336 3
      vertex -55.7769 3.63549 4.2
      vertex -55.7769 3.63549 3
    endloop
  endfacet
  facet normal -0.956941 0.290283 0
    outer loop
      vertex -55.7769 3.63549 4.2
      vertex -56.3175 1.85336 3
      vertex -56.3175 1.85336 4.2
    endloop
  endfacet
  facet normal 0.634394 -0.77301 0
    outer loop
      vertex -41.7221 -7.89896 3
      vertex -40.2825 -6.71751 4.2
      vertex -41.7221 -7.89896 4.2
    endloop
  endfacet
  facet normal 0.634394 -0.77301 0
    outer loop
      vertex -40.2825 -6.71751 4.2
      vertex -41.7221 -7.89896 3
      vertex -40.2825 -6.71751 3
    endloop
  endfacet
  facet normal -0.471405 -0.881917 0
    outer loop
      vertex -52.2779 -7.89896 3
      vertex -50.6355 -8.77686 4.2
      vertex -52.2779 -7.89896 4.2
    endloop
  endfacet
  facet normal -0.471405 -0.881917 -0
    outer loop
      vertex -50.6355 -8.77686 4.2
      vertex -52.2779 -7.89896 3
      vertex -50.6355 -8.77686 3
    endloop
  endfacet
  facet normal -0.956941 -0.290283 0
    outer loop
      vertex -55.7769 -3.63549 3
      vertex -56.3175 -1.85336 4.2
      vertex -56.3175 -1.85336 3
    endloop
  endfacet
  facet normal -0.956941 -0.290283 0
    outer loop
      vertex -56.3175 -1.85336 4.2
      vertex -55.7769 -3.63549 3
      vertex -55.7769 -3.63549 4.2
    endloop
  endfacet
  facet normal -0.772995 -0.634412 0
    outer loop
      vertex -53.7175 -6.71751 3
      vertex -54.899 -5.27792 4.2
      vertex -54.899 -5.27792 3
    endloop
  endfacet
  facet normal -0.772995 -0.634412 0
    outer loop
      vertex -54.899 -5.27792 4.2
      vertex -53.7175 -6.71751 3
      vertex -53.7175 -6.71751 4.2
    endloop
  endfacet
  facet normal 0.772995 -0.634412 0
    outer loop
      vertex -40.2825 -6.71751 4.2
      vertex -39.101 -5.27792 3
      vertex -39.101 -5.27792 4.2
    endloop
  endfacet
  facet normal 0.772995 -0.634412 0
    outer loop
      vertex -39.101 -5.27792 3
      vertex -40.2825 -6.71751 4.2
      vertex -40.2825 -6.71751 3
    endloop
  endfacet
  facet normal -0.634401 -0.773004 0
    outer loop
      vertex -42.8332 6.23602 3
      vertex -41.6967 5.3033 4.2
      vertex -42.8332 6.23602 4.2
    endloop
  endfacet
  facet normal -0.634401 -0.773004 -0
    outer loop
      vertex -41.6967 5.3033 4.2
      vertex -42.8332 6.23602 3
      vertex -41.6967 5.3033 3
    endloop
  endfacet
  facet normal 0.956939 -0.290291 0
    outer loop
      vertex -54.3559 1.46318 4.2
      vertex -53.9291 2.87012 3
      vertex -53.9291 2.87012 4.2
    endloop
  endfacet
  facet normal 0.956939 -0.290291 0
    outer loop
      vertex -53.9291 2.87012 3
      vertex -54.3559 1.46318 4.2
      vertex -54.3559 1.46318 3
    endloop
  endfacet
  facet normal -0.995185 0.09801 0
    outer loop
      vertex -39.6441 -1.46318 3
      vertex -39.5 0 4.2
      vertex -39.5 0 3
    endloop
  endfacet
  facet normal -0.995185 0.09801 0
    outer loop
      vertex -39.5 0 4.2
      vertex -39.6441 -1.46318 3
      vertex -39.6441 -1.46318 4.2
    endloop
  endfacet
  facet normal 0.290292 0.956938 -0
    outer loop
      vertex -48.4632 -7.35589 3
      vertex -49.8701 -6.9291 4.2
      vertex -48.4632 -7.35589 4.2
    endloop
  endfacet
  facet normal 0.290292 0.956938 0
    outer loop
      vertex -49.8701 -6.9291 4.2
      vertex -48.4632 -7.35589 3
      vertex -49.8701 -6.9291 3
    endloop
  endfacet
  facet normal -0.773016 -0.634386 0
    outer loop
      vertex -40.764 4.16678 3
      vertex -41.6967 5.3033 4.2
      vertex -41.6967 5.3033 3
    endloop
  endfacet
  facet normal -0.773016 -0.634386 0
    outer loop
      vertex -41.6967 5.3033 4.2
      vertex -40.764 4.16678 3
      vertex -40.764 4.16678 4.2
    endloop
  endfacet
  facet normal 0.290292 -0.956938 0
    outer loop
      vertex -49.8701 6.9291 3
      vertex -48.4632 7.35589 4.2
      vertex -49.8701 6.9291 4.2
    endloop
  endfacet
  facet normal 0.290292 -0.956938 0
    outer loop
      vertex -48.4632 7.35589 4.2
      vertex -49.8701 6.9291 3
      vertex -48.4632 7.35589 3
    endloop
  endfacet
  facet normal 0.881915 -0.471408 0
    outer loop
      vertex -53.9291 2.87012 4.2
      vertex -53.236 4.16678 3
      vertex -53.236 4.16678 4.2
    endloop
  endfacet
  facet normal 0.881915 -0.471408 0
    outer loop
      vertex -53.236 4.16678 3
      vertex -53.9291 2.87012 4.2
      vertex -53.9291 2.87012 3
    endloop
  endfacet
  facet normal -0.634401 0.773004 0
    outer loop
      vertex -41.6967 -5.3033 3
      vertex -42.8332 -6.23602 4.2
      vertex -41.6967 -5.3033 4.2
    endloop
  endfacet
  facet normal -0.634401 0.773004 0
    outer loop
      vertex -42.8332 -6.23602 4.2
      vertex -41.6967 -5.3033 3
      vertex -42.8332 -6.23602 3
    endloop
  endfacet
  facet normal -0.956939 -0.290291 0
    outer loop
      vertex -39.6441 1.46318 3
      vertex -40.0709 2.87012 4.2
      vertex -40.0709 2.87012 3
    endloop
  endfacet
  facet normal -0.956939 -0.290291 0
    outer loop
      vertex -40.0709 2.87012 4.2
      vertex -39.6441 1.46318 3
      vertex -39.6441 1.46318 4.2
    endloop
  endfacet
  facet normal -0.881915 -0.471408 0
    outer loop
      vertex -40.0709 2.87012 3
      vertex -40.764 4.16678 4.2
      vertex -40.764 4.16678 3
    endloop
  endfacet
  facet normal -0.881915 -0.471408 0
    outer loop
      vertex -40.764 4.16678 4.2
      vertex -40.0709 2.87012 3
      vertex -40.0709 2.87012 4.2
    endloop
  endfacet
  facet normal -0.471386 -0.881927 0
    outer loop
      vertex -44.1299 6.9291 3
      vertex -42.8332 6.23602 4.2
      vertex -44.1299 6.9291 4.2
    endloop
  endfacet
  facet normal -0.471386 -0.881927 -0
    outer loop
      vertex -42.8332 6.23602 4.2
      vertex -44.1299 6.9291 3
      vertex -42.8332 6.23602 3
    endloop
  endfacet
  facet normal -0.0980154 -0.995185 0
    outer loop
      vertex -47 7.5 3
      vertex -45.5368 7.35589 4.2
      vertex -47 7.5 4.2
    endloop
  endfacet
  facet normal -0.0980154 -0.995185 -0
    outer loop
      vertex -45.5368 7.35589 4.2
      vertex -47 7.5 3
      vertex -45.5368 7.35589 3
    endloop
  endfacet
  facet normal -0.290292 -0.956938 0
    outer loop
      vertex -45.5368 7.35589 3
      vertex -44.1299 6.9291 4.2
      vertex -45.5368 7.35589 4.2
    endloop
  endfacet
  facet normal -0.290292 -0.956938 -0
    outer loop
      vertex -44.1299 6.9291 4.2
      vertex -45.5368 7.35589 3
      vertex -44.1299 6.9291 3
    endloop
  endfacet
  facet normal 0.995185 -0.09801 0
    outer loop
      vertex -54.5 0 4.2
      vertex -54.3559 1.46318 3
      vertex -54.3559 1.46318 4.2
    endloop
  endfacet
  facet normal 0.995185 -0.09801 0
    outer loop
      vertex -54.3559 1.46318 3
      vertex -54.5 0 4.2
      vertex -54.5 0 3
    endloop
  endfacet
  facet normal 0.773016 -0.634386 0
    outer loop
      vertex -53.236 4.16678 4.2
      vertex -52.3033 5.3033 3
      vertex -52.3033 5.3033 4.2
    endloop
  endfacet
  facet normal 0.773016 -0.634386 0
    outer loop
      vertex -52.3033 5.3033 3
      vertex -53.236 4.16678 4.2
      vertex -53.236 4.16678 3
    endloop
  endfacet
  facet normal 0.471386 -0.881927 0
    outer loop
      vertex -51.1668 6.23602 3
      vertex -49.8701 6.9291 4.2
      vertex -51.1668 6.23602 4.2
    endloop
  endfacet
  facet normal 0.471386 -0.881927 0
    outer loop
      vertex -49.8701 6.9291 4.2
      vertex -51.1668 6.23602 3
      vertex -49.8701 6.9291 3
    endloop
  endfacet
  facet normal 0.0980154 -0.995185 0
    outer loop
      vertex -48.4632 7.35589 3
      vertex -47 7.5 4.2
      vertex -48.4632 7.35589 4.2
    endloop
  endfacet
  facet normal 0.0980154 -0.995185 0
    outer loop
      vertex -47 7.5 4.2
      vertex -48.4632 7.35589 3
      vertex -47 7.5 3
    endloop
  endfacet
  facet normal 0.634401 -0.773004 0
    outer loop
      vertex -52.3033 5.3033 3
      vertex -51.1668 6.23602 4.2
      vertex -52.3033 5.3033 4.2
    endloop
  endfacet
  facet normal 0.634401 -0.773004 0
    outer loop
      vertex -51.1668 6.23602 4.2
      vertex -52.3033 5.3033 3
      vertex -51.1668 6.23602 3
    endloop
  endfacet
  facet normal -0.995185 -0.09801 0
    outer loop
      vertex -39.5 0 3
      vertex -39.6441 1.46318 4.2
      vertex -39.6441 1.46318 3
    endloop
  endfacet
  facet normal -0.995185 -0.09801 0
    outer loop
      vertex -39.6441 1.46318 4.2
      vertex -39.5 0 3
      vertex -39.5 0 4.2
    endloop
  endfacet
  facet normal -0.0980154 0.995185 0
    outer loop
      vertex -45.5368 -7.35589 3
      vertex -47 -7.5 4.2
      vertex -45.5368 -7.35589 4.2
    endloop
  endfacet
  facet normal -0.0980154 0.995185 0
    outer loop
      vertex -47 -7.5 4.2
      vertex -45.5368 -7.35589 3
      vertex -47 -7.5 3
    endloop
  endfacet
  facet normal -0.956939 0.290291 0
    outer loop
      vertex -40.0709 -2.87012 3
      vertex -39.6441 -1.46318 4.2
      vertex -39.6441 -1.46318 3
    endloop
  endfacet
  facet normal -0.956939 0.290291 0
    outer loop
      vertex -39.6441 -1.46318 4.2
      vertex -40.0709 -2.87012 3
      vertex -40.0709 -2.87012 4.2
    endloop
  endfacet
  facet normal -0.290292 0.956938 0
    outer loop
      vertex -44.1299 -6.9291 3
      vertex -45.5368 -7.35589 4.2
      vertex -44.1299 -6.9291 4.2
    endloop
  endfacet
  facet normal -0.290292 0.956938 0
    outer loop
      vertex -45.5368 -7.35589 4.2
      vertex -44.1299 -6.9291 3
      vertex -45.5368 -7.35589 3
    endloop
  endfacet
  facet normal -0.471386 0.881927 0
    outer loop
      vertex -42.8332 -6.23602 3
      vertex -44.1299 -6.9291 4.2
      vertex -42.8332 -6.23602 4.2
    endloop
  endfacet
  facet normal -0.471386 0.881927 0
    outer loop
      vertex -44.1299 -6.9291 4.2
      vertex -42.8332 -6.23602 3
      vertex -44.1299 -6.9291 3
    endloop
  endfacet
  facet normal 0.0980154 0.995185 -0
    outer loop
      vertex -47 -7.5 3
      vertex -48.4632 -7.35589 4.2
      vertex -47 -7.5 4.2
    endloop
  endfacet
  facet normal 0.0980154 0.995185 0
    outer loop
      vertex -48.4632 -7.35589 4.2
      vertex -47 -7.5 3
      vertex -48.4632 -7.35589 3
    endloop
  endfacet
  facet normal 0.634401 0.773004 -0
    outer loop
      vertex -51.1668 -6.23602 3
      vertex -52.3033 -5.3033 4.2
      vertex -51.1668 -6.23602 4.2
    endloop
  endfacet
  facet normal 0.634401 0.773004 0
    outer loop
      vertex -52.3033 -5.3033 4.2
      vertex -51.1668 -6.23602 3
      vertex -52.3033 -5.3033 3
    endloop
  endfacet
  facet normal 0.881915 0.471408 0
    outer loop
      vertex -53.236 -4.16678 4.2
      vertex -53.9291 -2.87012 3
      vertex -53.9291 -2.87012 4.2
    endloop
  endfacet
  facet normal 0.881915 0.471408 0
    outer loop
      vertex -53.9291 -2.87012 3
      vertex -53.236 -4.16678 4.2
      vertex -53.236 -4.16678 3
    endloop
  endfacet
  facet normal 0.995185 0.09801 0
    outer loop
      vertex -54.3559 -1.46318 4.2
      vertex -54.5 0 3
      vertex -54.5 0 4.2
    endloop
  endfacet
  facet normal 0.995185 0.09801 0
    outer loop
      vertex -54.5 0 3
      vertex -54.3559 -1.46318 4.2
      vertex -54.3559 -1.46318 3
    endloop
  endfacet
  facet normal -0.773016 0.634386 0
    outer loop
      vertex -41.6967 -5.3033 3
      vertex -40.764 -4.16678 4.2
      vertex -40.764 -4.16678 3
    endloop
  endfacet
  facet normal -0.773016 0.634386 0
    outer loop
      vertex -40.764 -4.16678 4.2
      vertex -41.6967 -5.3033 3
      vertex -41.6967 -5.3033 4.2
    endloop
  endfacet
  facet normal -0.881915 0.471408 0
    outer loop
      vertex -40.764 -4.16678 3
      vertex -40.0709 -2.87012 4.2
      vertex -40.0709 -2.87012 3
    endloop
  endfacet
  facet normal -0.881915 0.471408 0
    outer loop
      vertex -40.0709 -2.87012 4.2
      vertex -40.764 -4.16678 3
      vertex -40.764 -4.16678 4.2
    endloop
  endfacet
  facet normal 0.471386 0.881927 -0
    outer loop
      vertex -49.8701 -6.9291 3
      vertex -51.1668 -6.23602 4.2
      vertex -49.8701 -6.9291 4.2
    endloop
  endfacet
  facet normal 0.471386 0.881927 0
    outer loop
      vertex -51.1668 -6.23602 4.2
      vertex -49.8701 -6.9291 3
      vertex -51.1668 -6.23602 3
    endloop
  endfacet
  facet normal 0.956939 0.290291 0
    outer loop
      vertex -53.9291 -2.87012 4.2
      vertex -54.3559 -1.46318 3
      vertex -54.3559 -1.46318 4.2
    endloop
  endfacet
  facet normal 0.956939 0.290291 0
    outer loop
      vertex -54.3559 -1.46318 3
      vertex -53.9291 -2.87012 4.2
      vertex -53.9291 -2.87012 3
    endloop
  endfacet
  facet normal 0.773016 0.634386 0
    outer loop
      vertex -52.3033 -5.3033 4.2
      vertex -53.236 -4.16678 3
      vertex -53.236 -4.16678 4.2
    endloop
  endfacet
  facet normal 0.773016 0.634386 0
    outer loop
      vertex -53.236 -4.16678 3
      vertex -52.3033 -5.3033 4.2
      vertex -52.3033 -5.3033 3
    endloop
  endfacet
  facet normal 0.471405 0.881917 -0
    outer loop
      vertex -41.7221 29.899 3
      vertex -43.3645 30.7769 4.2
      vertex -41.7221 29.899 4.2
    endloop
  endfacet
  facet normal 0.471405 0.881917 0
    outer loop
      vertex -43.3645 30.7769 4.2
      vertex -41.7221 29.899 3
      vertex -43.3645 30.7769 3
    endloop
  endfacet
  facet normal 0.995187 -0.0979938 0
    outer loop
      vertex -37.6825 20.1466 4.2
      vertex -37.5 22 3
      vertex -37.5 22 4.2
    endloop
  endfacet
  facet normal 0.995187 -0.0979938 0
    outer loop
      vertex -37.5 22 3
      vertex -37.6825 20.1466 4.2
      vertex -37.6825 20.1466 3
    endloop
  endfacet
  facet normal -0.290288 -0.956939 0
    outer loop
      vertex -50.6355 13.2231 3
      vertex -48.8534 12.6825 4.2
      vertex -50.6355 13.2231 4.2
    endloop
  endfacet
  facet normal -0.290288 -0.956939 -0
    outer loop
      vertex -48.8534 12.6825 4.2
      vertex -50.6355 13.2231 3
      vertex -48.8534 12.6825 3
    endloop
  endfacet
  facet normal -0.290288 0.956939 0
    outer loop
      vertex -48.8534 31.3175 3
      vertex -50.6355 30.7769 4.2
      vertex -48.8534 31.3175 4.2
    endloop
  endfacet
  facet normal -0.290288 0.956939 0
    outer loop
      vertex -50.6355 30.7769 4.2
      vertex -48.8534 31.3175 3
      vertex -50.6355 30.7769 3
    endloop
  endfacet
  facet normal -0.881917 0.471405 0
    outer loop
      vertex -55.7769 25.6355 3
      vertex -54.899 27.2779 4.2
      vertex -54.899 27.2779 3
    endloop
  endfacet
  facet normal -0.881917 0.471405 0
    outer loop
      vertex -54.899 27.2779 4.2
      vertex -55.7769 25.6355 3
      vertex -55.7769 25.6355 4.2
    endloop
  endfacet
  facet normal 0.881917 0.471405 0
    outer loop
      vertex -38.2231 25.6355 4.2
      vertex -39.101 27.2779 3
      vertex -39.101 27.2779 4.2
    endloop
  endfacet
  facet normal 0.881917 0.471405 0
    outer loop
      vertex -39.101 27.2779 3
      vertex -38.2231 25.6355 4.2
      vertex -38.2231 25.6355 3
    endloop
  endfacet
  facet normal 0.772997 0.63441 0
    outer loop
      vertex -39.101 27.2779 4.2
      vertex -40.2825 28.7175 3
      vertex -40.2825 28.7175 4.2
    endloop
  endfacet
  facet normal 0.772997 0.63441 0
    outer loop
      vertex -40.2825 28.7175 3
      vertex -39.101 27.2779 4.2
      vertex -39.101 27.2779 3
    endloop
  endfacet
  facet normal 0.63441 0.772997 -0
    outer loop
      vertex -40.2825 28.7175 3
      vertex -41.7221 29.899 4.2
      vertex -40.2825 28.7175 4.2
    endloop
  endfacet
  facet normal 0.63441 0.772997 0
    outer loop
      vertex -41.7221 29.899 4.2
      vertex -40.2825 28.7175 3
      vertex -41.7221 29.899 3
    endloop
  endfacet
  facet normal 0.0979938 0.995187 -0
    outer loop
      vertex -45.1466 31.3175 3
      vertex -47 31.5 4.2
      vertex -45.1466 31.3175 4.2
    endloop
  endfacet
  facet normal 0.0979938 0.995187 0
    outer loop
      vertex -47 31.5 4.2
      vertex -45.1466 31.3175 3
      vertex -47 31.5 3
    endloop
  endfacet
  facet normal -0.995187 0.0979938 0
    outer loop
      vertex -56.5 22 3
      vertex -56.3175 23.8534 4.2
      vertex -56.3175 23.8534 3
    endloop
  endfacet
  facet normal -0.995187 0.0979938 0
    outer loop
      vertex -56.3175 23.8534 4.2
      vertex -56.5 22 3
      vertex -56.5 22 4.2
    endloop
  endfacet
  facet normal -0.772997 0.63441 0
    outer loop
      vertex -54.899 27.2779 3
      vertex -53.7175 28.7175 4.2
      vertex -53.7175 28.7175 3
    endloop
  endfacet
  facet normal -0.772997 0.63441 0
    outer loop
      vertex -53.7175 28.7175 4.2
      vertex -54.899 27.2779 3
      vertex -54.899 27.2779 4.2
    endloop
  endfacet
  facet normal -0.471405 0.881917 0
    outer loop
      vertex -50.6355 30.7769 3
      vertex -52.2779 29.899 4.2
      vertex -50.6355 30.7769 4.2
    endloop
  endfacet
  facet normal -0.471405 0.881917 0
    outer loop
      vertex -52.2779 29.899 4.2
      vertex -50.6355 30.7769 3
      vertex -52.2779 29.899 3
    endloop
  endfacet
  facet normal -0.0979938 0.995187 0
    outer loop
      vertex -47 31.5 3
      vertex -48.8534 31.3175 4.2
      vertex -47 31.5 4.2
    endloop
  endfacet
  facet normal -0.0979938 0.995187 0
    outer loop
      vertex -48.8534 31.3175 4.2
      vertex -47 31.5 3
      vertex -48.8534 31.3175 3
    endloop
  endfacet
  facet normal -0.63441 0.772997 0
    outer loop
      vertex -52.2779 29.899 3
      vertex -53.7175 28.7175 4.2
      vertex -52.2779 29.899 4.2
    endloop
  endfacet
  facet normal -0.63441 0.772997 0
    outer loop
      vertex -53.7175 28.7175 4.2
      vertex -52.2779 29.899 3
      vertex -53.7175 28.7175 3
    endloop
  endfacet
  facet normal 0.995187 0.0979938 0
    outer loop
      vertex -37.5 22 4.2
      vertex -37.6825 23.8534 3
      vertex -37.6825 23.8534 4.2
    endloop
  endfacet
  facet normal 0.995187 0.0979938 0
    outer loop
      vertex -37.6825 23.8534 3
      vertex -37.5 22 4.2
      vertex -37.5 22 3
    endloop
  endfacet
  facet normal 0.0979938 -0.995187 0
    outer loop
      vertex -47 12.5 3
      vertex -45.1466 12.6825 4.2
      vertex -47 12.5 4.2
    endloop
  endfacet
  facet normal 0.0979938 -0.995187 0
    outer loop
      vertex -45.1466 12.6825 4.2
      vertex -47 12.5 3
      vertex -45.1466 12.6825 3
    endloop
  endfacet
  facet normal 0.881917 -0.471405 0
    outer loop
      vertex -39.101 16.7221 4.2
      vertex -38.2231 18.3645 3
      vertex -38.2231 18.3645 4.2
    endloop
  endfacet
  facet normal 0.881917 -0.471405 0
    outer loop
      vertex -38.2231 18.3645 3
      vertex -39.101 16.7221 4.2
      vertex -39.101 16.7221 3
    endloop
  endfacet
  facet normal 0.956939 -0.290288 0
    outer loop
      vertex -38.2231 18.3645 4.2
      vertex -37.6825 20.1466 3
      vertex -37.6825 20.1466 4.2
    endloop
  endfacet
  facet normal 0.956939 -0.290288 0
    outer loop
      vertex -37.6825 20.1466 3
      vertex -38.2231 18.3645 4.2
      vertex -38.2231 18.3645 3
    endloop
  endfacet
  facet normal 0.290288 -0.956939 0
    outer loop
      vertex -45.1466 12.6825 3
      vertex -43.3645 13.2231 4.2
      vertex -45.1466 12.6825 4.2
    endloop
  endfacet
  facet normal 0.290288 -0.956939 0
    outer loop
      vertex -43.3645 13.2231 4.2
      vertex -45.1466 12.6825 3
      vertex -43.3645 13.2231 3
    endloop
  endfacet
  facet normal 0.471405 -0.881917 0
    outer loop
      vertex -43.3645 13.2231 3
      vertex -41.7221 14.101 4.2
      vertex -43.3645 13.2231 4.2
    endloop
  endfacet
  facet normal 0.471405 -0.881917 0
    outer loop
      vertex -41.7221 14.101 4.2
      vertex -43.3645 13.2231 3
      vertex -41.7221 14.101 3
    endloop
  endfacet
  facet normal -0.0979938 -0.995187 0
    outer loop
      vertex -48.8534 12.6825 3
      vertex -47 12.5 4.2
      vertex -48.8534 12.6825 4.2
    endloop
  endfacet
  facet normal -0.0979938 -0.995187 -0
    outer loop
      vertex -47 12.5 4.2
      vertex -48.8534 12.6825 3
      vertex -47 12.5 3
    endloop
  endfacet
  facet normal -0.63441 -0.772997 0
    outer loop
      vertex -53.7175 15.2825 3
      vertex -52.2779 14.101 4.2
      vertex -53.7175 15.2825 4.2
    endloop
  endfacet
  facet normal -0.63441 -0.772997 -0
    outer loop
      vertex -52.2779 14.101 4.2
      vertex -53.7175 15.2825 3
      vertex -52.2779 14.101 3
    endloop
  endfacet
  facet normal -0.881917 -0.471405 0
    outer loop
      vertex -54.899 16.7221 3
      vertex -55.7769 18.3645 4.2
      vertex -55.7769 18.3645 3
    endloop
  endfacet
  facet normal -0.881917 -0.471405 0
    outer loop
      vertex -55.7769 18.3645 4.2
      vertex -54.899 16.7221 3
      vertex -54.899 16.7221 4.2
    endloop
  endfacet
  facet normal -0.995187 -0.0979938 0
    outer loop
      vertex -56.3175 20.1466 3
      vertex -56.5 22 4.2
      vertex -56.5 22 3
    endloop
  endfacet
  facet normal -0.995187 -0.0979938 0
    outer loop
      vertex -56.5 22 4.2
      vertex -56.3175 20.1466 3
      vertex -56.3175 20.1466 4.2
    endloop
  endfacet
  facet normal 0.956939 0.290288 0
    outer loop
      vertex -37.6825 23.8534 4.2
      vertex -38.2231 25.6355 3
      vertex -38.2231 25.6355 4.2
    endloop
  endfacet
  facet normal 0.956939 0.290288 0
    outer loop
      vertex -38.2231 25.6355 3
      vertex -37.6825 23.8534 4.2
      vertex -37.6825 23.8534 3
    endloop
  endfacet
  facet normal 0.290288 0.956939 -0
    outer loop
      vertex -43.3645 30.7769 3
      vertex -45.1466 31.3175 4.2
      vertex -43.3645 30.7769 4.2
    endloop
  endfacet
  facet normal 0.290288 0.956939 0
    outer loop
      vertex -45.1466 31.3175 4.2
      vertex -43.3645 30.7769 3
      vertex -45.1466 31.3175 3
    endloop
  endfacet
  facet normal 0 0 1
    outer loop
      vertex -39.5 22 4.2
      vertex -37.5 22 4.2
      vertex -37.6825 23.8534 4.2
    endloop
  endfacet
  facet normal 0 0 1
    outer loop
      vertex -39.6441 23.4632 4.2
      vertex -37.6825 23.8534 4.2
      vertex -38.2231 25.6355 4.2
    endloop
  endfacet
  facet normal 0 0 1
    outer loop
      vertex -37.5 22 4.2
      vertex -39.5 22 4.2
      vertex -37.6825 20.1466 4.2
    endloop
  endfacet
  facet normal 0 0 1
    outer loop
      vertex -40.0709 24.8701 4.2
      vertex -38.2231 25.6355 4.2
      vertex -39.101 27.2779 4.2
    endloop
  endfacet
  facet normal -0 0 1
    outer loop
      vertex -39.6441 20.5368 4.2
      vertex -37.6825 20.1466 4.2
      vertex -39.5 22 4.2
    endloop
  endfacet
  facet normal 0 0 1
    outer loop
      vertex -37.6825 20.1466 4.2
      vertex -39.6441 20.5368 4.2
      vertex -38.2231 18.3645 4.2
    endloop
  endfacet
  facet normal 0 0 1
    outer loop
      vertex -37.6825 23.8534 4.2
      vertex -39.6441 23.4632 4.2
      vertex -39.5 22 4.2
    endloop
  endfacet
  facet normal 0 0 1
    outer loop
      vertex -38.2231 25.6355 4.2
      vertex -40.0709 24.8701 4.2
      vertex -39.6441 23.4632 4.2
    endloop
  endfacet
  facet normal 0 0 1
    outer loop
      vertex -40.764 26.1668 4.2
      vertex -39.101 27.2779 4.2
      vertex -40.2825 28.7175 4.2
    endloop
  endfacet
  facet normal 0 0 1
    outer loop
      vertex -39.101 27.2779 4.2
      vertex -40.764 26.1668 4.2
      vertex -40.0709 24.8701 4.2
    endloop
  endfacet
  facet normal 0 0 1
    outer loop
      vertex -40.2825 28.7175 4.2
      vertex -41.6967 27.3033 4.2
      vertex -40.764 26.1668 4.2
    endloop
  endfacet
  facet normal 0 0 1
    outer loop
      vertex -41.7221 29.899 4.2
      vertex -41.6967 27.3033 4.2
      vertex -40.2825 28.7175 4.2
    endloop
  endfacet
  facet normal 0 0 1
    outer loop
      vertex -41.7221 29.899 4.2
      vertex -42.8332 28.236 4.2
      vertex -41.6967 27.3033 4.2
    endloop
  endfacet
  facet normal 0 0 1
    outer loop
      vertex -43.3645 30.7769 4.2
      vertex -42.8332 28.236 4.2
      vertex -41.7221 29.899 4.2
    endloop
  endfacet
  facet normal 0 0 1
    outer loop
      vertex -43.3645 30.7769 4.2
      vertex -44.1299 28.9291 4.2
      vertex -42.8332 28.236 4.2
    endloop
  endfacet
  facet normal 0 0 1
    outer loop
      vertex -45.1466 31.3175 4.2
      vertex -44.1299 28.9291 4.2
      vertex -43.3645 30.7769 4.2
    endloop
  endfacet
  facet normal 0 0 1
    outer loop
      vertex -45.1466 31.3175 4.2
      vertex -45.5368 29.3559 4.2
      vertex -44.1299 28.9291 4.2
    endloop
  endfacet
  facet normal 0 0 1
    outer loop
      vertex -47 31.5 4.2
      vertex -45.5368 29.3559 4.2
      vertex -45.1466 31.3175 4.2
    endloop
  endfacet
  facet normal 0 0 1
    outer loop
      vertex -47 31.5 4.2
      vertex -47 29.5 4.2
      vertex -45.5368 29.3559 4.2
    endloop
  endfacet
  facet normal 0 0 1
    outer loop
      vertex -47 31.5 4.2
      vertex -48.4632 29.3559 4.2
      vertex -47 29.5 4.2
    endloop
  endfacet
  facet normal -0 0 1
    outer loop
      vertex -48.8534 31.3175 4.2
      vertex -48.4632 29.3559 4.2
      vertex -47 31.5 4.2
    endloop
  endfacet
  facet normal 0 0 1
    outer loop
      vertex -48.8534 31.3175 4.2
      vertex -49.8701 28.9291 4.2
      vertex -48.4632 29.3559 4.2
    endloop
  endfacet
  facet normal -0 0 1
    outer loop
      vertex -50.6355 30.7769 4.2
      vertex -49.8701 28.9291 4.2
      vertex -48.8534 31.3175 4.2
    endloop
  endfacet
  facet normal 0 0 1
    outer loop
      vertex -50.6355 30.7769 4.2
      vertex -51.1668 28.236 4.2
      vertex -49.8701 28.9291 4.2
    endloop
  endfacet
  facet normal -0 0 1
    outer loop
      vertex -52.2779 29.899 4.2
      vertex -51.1668 28.236 4.2
      vertex -50.6355 30.7769 4.2
    endloop
  endfacet
  facet normal 0 0 1
    outer loop
      vertex -52.2779 29.899 4.2
      vertex -52.3033 27.3033 4.2
      vertex -51.1668 28.236 4.2
    endloop
  endfacet
  facet normal -0 0 1
    outer loop
      vertex -53.7175 28.7175 4.2
      vertex -52.3033 27.3033 4.2
      vertex -52.2779 29.899 4.2
    endloop
  endfacet
  facet normal 0 0 1
    outer loop
      vertex -52.3033 27.3033 4.2
      vertex -53.7175 28.7175 4.2
      vertex -53.236 26.1668 4.2
    endloop
  endfacet
  facet normal -0 0 1
    outer loop
      vertex -54.899 27.2779 4.2
      vertex -53.236 26.1668 4.2
      vertex -53.7175 28.7175 4.2
    endloop
  endfacet
  facet normal 0 0 1
    outer loop
      vertex -53.236 26.1668 4.2
      vertex -54.899 27.2779 4.2
      vertex -53.9291 24.8701 4.2
    endloop
  endfacet
  facet normal 0 0 1
    outer loop
      vertex -53.9291 24.8701 4.2
      vertex -55.7769 25.6355 4.2
      vertex -54.3559 23.4632 4.2
    endloop
  endfacet
  facet normal -0 0 1
    outer loop
      vertex -55.7769 25.6355 4.2
      vertex -53.9291 24.8701 4.2
      vertex -54.899 27.2779 4.2
    endloop
  endfacet
  facet normal -0 0 1
    outer loop
      vertex -40.0709 19.1299 4.2
      vertex -38.2231 18.3645 4.2
      vertex -39.6441 20.5368 4.2
    endloop
  endfacet
  facet normal 0 0 1
    outer loop
      vertex -38.2231 18.3645 4.2
      vertex -40.0709 19.1299 4.2
      vertex -39.101 16.7221 4.2
    endloop
  endfacet
  facet normal -0 0 1
    outer loop
      vertex -40.764 17.8332 4.2
      vertex -39.101 16.7221 4.2
      vertex -40.0709 19.1299 4.2
    endloop
  endfacet
  facet normal 0 0 1
    outer loop
      vertex -39.101 16.7221 4.2
      vertex -40.764 17.8332 4.2
      vertex -40.2825 15.2825 4.2
    endloop
  endfacet
  facet normal -0 0 1
    outer loop
      vertex -41.6967 16.6967 4.2
      vertex -40.2825 15.2825 4.2
      vertex -40.764 17.8332 4.2
    endloop
  endfacet
  facet normal 0 0 1
    outer loop
      vertex -41.6967 16.6967 4.2
      vertex -41.7221 14.101 4.2
      vertex -40.2825 15.2825 4.2
    endloop
  endfacet
  facet normal -0 0 1
    outer loop
      vertex -42.8332 15.764 4.2
      vertex -41.7221 14.101 4.2
      vertex -41.6967 16.6967 4.2
    endloop
  endfacet
  facet normal 0 0 1
    outer loop
      vertex -42.8332 15.764 4.2
      vertex -43.3645 13.2231 4.2
      vertex -41.7221 14.101 4.2
    endloop
  endfacet
  facet normal -0 0 1
    outer loop
      vertex -44.1299 15.0709 4.2
      vertex -43.3645 13.2231 4.2
      vertex -42.8332 15.764 4.2
    endloop
  endfacet
  facet normal 0 0 1
    outer loop
      vertex -44.1299 15.0709 4.2
      vertex -45.1466 12.6825 4.2
      vertex -43.3645 13.2231 4.2
    endloop
  endfacet
  facet normal -0 0 1
    outer loop
      vertex -45.5368 14.6441 4.2
      vertex -45.1466 12.6825 4.2
      vertex -44.1299 15.0709 4.2
    endloop
  endfacet
  facet normal -0 0 1
    outer loop
      vertex -47 14.5 4.2
      vertex -45.1466 12.6825 4.2
      vertex -45.5368 14.6441 4.2
    endloop
  endfacet
  facet normal 0 0 1
    outer loop
      vertex -47 14.5 4.2
      vertex -47 12.5 4.2
      vertex -45.1466 12.6825 4.2
    endloop
  endfacet
  facet normal 0 0 1
    outer loop
      vertex -48.4632 14.6441 4.2
      vertex -47 12.5 4.2
      vertex -47 14.5 4.2
    endloop
  endfacet
  facet normal 0 0 1
    outer loop
      vertex -48.4632 14.6441 4.2
      vertex -48.8534 12.6825 4.2
      vertex -47 12.5 4.2
    endloop
  endfacet
  facet normal 0 0 1
    outer loop
      vertex -49.8701 15.0709 4.2
      vertex -48.8534 12.6825 4.2
      vertex -48.4632 14.6441 4.2
    endloop
  endfacet
  facet normal 0 0 1
    outer loop
      vertex -49.8701 15.0709 4.2
      vertex -50.6355 13.2231 4.2
      vertex -48.8534 12.6825 4.2
    endloop
  endfacet
  facet normal 0 0 1
    outer loop
      vertex -51.1668 15.764 4.2
      vertex -50.6355 13.2231 4.2
      vertex -49.8701 15.0709 4.2
    endloop
  endfacet
  facet normal 0 0 1
    outer loop
      vertex -51.1668 15.764 4.2
      vertex -52.2779 14.101 4.2
      vertex -50.6355 13.2231 4.2
    endloop
  endfacet
  facet normal 0 0 1
    outer loop
      vertex -52.3033 16.6967 4.2
      vertex -52.2779 14.101 4.2
      vertex -51.1668 15.764 4.2
    endloop
  endfacet
  facet normal 0 0 1
    outer loop
      vertex -53.7175 15.2825 4.2
      vertex -52.3033 16.6967 4.2
      vertex -53.236 17.8332 4.2
    endloop
  endfacet
  facet normal 0 0 1
    outer loop
      vertex -52.3033 16.6967 4.2
      vertex -53.7175 15.2825 4.2
      vertex -52.2779 14.101 4.2
    endloop
  endfacet
  facet normal 0 0 1
    outer loop
      vertex -54.899 16.7221 4.2
      vertex -53.236 17.8332 4.2
      vertex -53.9291 19.1299 4.2
    endloop
  endfacet
  facet normal 0 0 1
    outer loop
      vertex -55.7769 18.3645 4.2
      vertex -53.9291 19.1299 4.2
      vertex -54.3559 20.5368 4.2
    endloop
  endfacet
  facet normal 0 0 1
    outer loop
      vertex -53.236 17.8332 4.2
      vertex -54.899 16.7221 4.2
      vertex -53.7175 15.2825 4.2
    endloop
  endfacet
  facet normal 0 0 1
    outer loop
      vertex -56.3175 20.1466 4.2
      vertex -54.3559 20.5368 4.2
      vertex -54.5 22 4.2
    endloop
  endfacet
  facet normal -0 0 1
    outer loop
      vertex -56.3175 23.8534 4.2
      vertex -54.3559 23.4632 4.2
      vertex -55.7769 25.6355 4.2
    endloop
  endfacet
  facet normal 0 0 1
    outer loop
      vertex -54.3559 23.4632 4.2
      vertex -56.3175 23.8534 4.2
      vertex -54.5 22 4.2
    endloop
  endfacet
  facet normal 0 0 1
    outer loop
      vertex -53.9291 19.1299 4.2
      vertex -55.7769 18.3645 4.2
      vertex -54.899 16.7221 4.2
    endloop
  endfacet
  facet normal 0 0 1
    outer loop
      vertex -56.5 22 4.2
      vertex -54.5 22 4.2
      vertex -56.3175 23.8534 4.2
    endloop
  endfacet
  facet normal 0 0 1
    outer loop
      vertex -54.3559 20.5368 4.2
      vertex -56.3175 20.1466 4.2
      vertex -55.7769 18.3645 4.2
    endloop
  endfacet
  facet normal 0 0 1
    outer loop
      vertex -54.5 22 4.2
      vertex -56.5 22 4.2
      vertex -56.3175 20.1466 4.2
    endloop
  endfacet
  facet normal -0.956939 0.290288 0
    outer loop
      vertex -56.3175 23.8534 3
      vertex -55.7769 25.6355 4.2
      vertex -55.7769 25.6355 3
    endloop
  endfacet
  facet normal -0.956939 0.290288 0
    outer loop
      vertex -55.7769 25.6355 4.2
      vertex -56.3175 23.8534 3
      vertex -56.3175 23.8534 4.2
    endloop
  endfacet
  facet normal 0.63441 -0.772997 0
    outer loop
      vertex -41.7221 14.101 3
      vertex -40.2825 15.2825 4.2
      vertex -41.7221 14.101 4.2
    endloop
  endfacet
  facet normal 0.63441 -0.772997 0
    outer loop
      vertex -40.2825 15.2825 4.2
      vertex -41.7221 14.101 3
      vertex -40.2825 15.2825 3
    endloop
  endfacet
  facet normal -0.471405 -0.881917 0
    outer loop
      vertex -52.2779 14.101 3
      vertex -50.6355 13.2231 4.2
      vertex -52.2779 14.101 4.2
    endloop
  endfacet
  facet normal -0.471405 -0.881917 -0
    outer loop
      vertex -50.6355 13.2231 4.2
      vertex -52.2779 14.101 3
      vertex -50.6355 13.2231 3
    endloop
  endfacet
  facet normal -0.956939 -0.290288 0
    outer loop
      vertex -55.7769 18.3645 3
      vertex -56.3175 20.1466 4.2
      vertex -56.3175 20.1466 3
    endloop
  endfacet
  facet normal -0.956939 -0.290288 0
    outer loop
      vertex -56.3175 20.1466 4.2
      vertex -55.7769 18.3645 3
      vertex -55.7769 18.3645 4.2
    endloop
  endfacet
  facet normal -0.772997 -0.63441 0
    outer loop
      vertex -53.7175 15.2825 3
      vertex -54.899 16.7221 4.2
      vertex -54.899 16.7221 3
    endloop
  endfacet
  facet normal -0.772997 -0.63441 0
    outer loop
      vertex -54.899 16.7221 4.2
      vertex -53.7175 15.2825 3
      vertex -53.7175 15.2825 4.2
    endloop
  endfacet
  facet normal 0.772997 -0.63441 0
    outer loop
      vertex -40.2825 15.2825 4.2
      vertex -39.101 16.7221 3
      vertex -39.101 16.7221 4.2
    endloop
  endfacet
  facet normal 0.772997 -0.63441 0
    outer loop
      vertex -39.101 16.7221 3
      vertex -40.2825 15.2825 4.2
      vertex -40.2825 15.2825 3
    endloop
  endfacet
  facet normal -0.634393 -0.773011 0
    outer loop
      vertex -42.8332 28.236 3
      vertex -41.6967 27.3033 4.2
      vertex -42.8332 28.236 4.2
    endloop
  endfacet
  facet normal -0.634393 -0.773011 -0
    outer loop
      vertex -41.6967 27.3033 4.2
      vertex -42.8332 28.236 3
      vertex -41.6967 27.3033 3
    endloop
  endfacet
  facet normal 0.956936 -0.290298 0
    outer loop
      vertex -54.3559 23.4632 4.2
      vertex -53.9291 24.8701 3
      vertex -53.9291 24.8701 4.2
    endloop
  endfacet
  facet normal 0.956936 -0.290298 0
    outer loop
      vertex -53.9291 24.8701 3
      vertex -54.3559 23.4632 4.2
      vertex -54.3559 23.4632 3
    endloop
  endfacet
  facet normal -0.995186 0.0980086 0
    outer loop
      vertex -39.6441 20.5368 3
      vertex -39.5 22 4.2
      vertex -39.5 22 3
    endloop
  endfacet
  facet normal -0.995186 0.0980086 0
    outer loop
      vertex -39.5 22 4.2
      vertex -39.6441 20.5368 3
      vertex -39.6441 20.5368 4.2
    endloop
  endfacet
  facet normal 0.290298 0.956936 -0
    outer loop
      vertex -48.4632 14.6441 3
      vertex -49.8701 15.0709 4.2
      vertex -48.4632 14.6441 4.2
    endloop
  endfacet
  facet normal 0.290298 0.956936 0
    outer loop
      vertex -49.8701 15.0709 4.2
      vertex -48.4632 14.6441 3
      vertex -49.8701 15.0709 3
    endloop
  endfacet
  facet normal -0.773011 -0.634393 0
    outer loop
      vertex -40.764 26.1668 3
      vertex -41.6967 27.3033 4.2
      vertex -41.6967 27.3033 3
    endloop
  endfacet
  facet normal -0.773011 -0.634393 0
    outer loop
      vertex -41.6967 27.3033 4.2
      vertex -40.764 26.1668 3
      vertex -40.764 26.1668 4.2
    endloop
  endfacet
  facet normal 0.290298 -0.956936 0
    outer loop
      vertex -49.8701 28.9291 3
      vertex -48.4632 29.3559 4.2
      vertex -49.8701 28.9291 4.2
    endloop
  endfacet
  facet normal 0.290298 -0.956936 0
    outer loop
      vertex -48.4632 29.3559 4.2
      vertex -49.8701 28.9291 3
      vertex -48.4632 29.3559 3
    endloop
  endfacet
  facet normal 0.881921 -0.471396 0
    outer loop
      vertex -53.9291 24.8701 4.2
      vertex -53.236 26.1668 3
      vertex -53.236 26.1668 4.2
    endloop
  endfacet
  facet normal 0.881921 -0.471396 0
    outer loop
      vertex -53.236 26.1668 3
      vertex -53.9291 24.8701 4.2
      vertex -53.9291 24.8701 3
    endloop
  endfacet
  facet normal -0.634393 0.773011 0
    outer loop
      vertex -41.6967 16.6967 3
      vertex -42.8332 15.764 4.2
      vertex -41.6967 16.6967 4.2
    endloop
  endfacet
  facet normal -0.634393 0.773011 0
    outer loop
      vertex -42.8332 15.764 4.2
      vertex -41.6967 16.6967 3
      vertex -42.8332 15.764 3
    endloop
  endfacet
  facet normal -0.956936 -0.290298 0
    outer loop
      vertex -39.6441 23.4632 3
      vertex -40.0709 24.8701 4.2
      vertex -40.0709 24.8701 3
    endloop
  endfacet
  facet normal -0.956936 -0.290298 0
    outer loop
      vertex -40.0709 24.8701 4.2
      vertex -39.6441 23.4632 3
      vertex -39.6441 23.4632 4.2
    endloop
  endfacet
  facet normal -0.881921 -0.471396 0
    outer loop
      vertex -40.0709 24.8701 3
      vertex -40.764 26.1668 4.2
      vertex -40.764 26.1668 3
    endloop
  endfacet
  facet normal -0.881921 -0.471396 0
    outer loop
      vertex -40.764 26.1668 4.2
      vertex -40.0709 24.8701 3
      vertex -40.0709 24.8701 4.2
    endloop
  endfacet
  facet normal -0.471396 -0.881921 0
    outer loop
      vertex -44.1299 28.9291 3
      vertex -42.8332 28.236 4.2
      vertex -44.1299 28.9291 4.2
    endloop
  endfacet
  facet normal -0.471396 -0.881921 -0
    outer loop
      vertex -42.8332 28.236 4.2
      vertex -44.1299 28.9291 3
      vertex -42.8332 28.236 3
    endloop
  endfacet
  facet normal -0.0980086 -0.995186 0
    outer loop
      vertex -47 29.5 3
      vertex -45.5368 29.3559 4.2
      vertex -47 29.5 4.2
    endloop
  endfacet
  facet normal -0.0980086 -0.995186 -0
    outer loop
      vertex -45.5368 29.3559 4.2
      vertex -47 29.5 3
      vertex -45.5368 29.3559 3
    endloop
  endfacet
  facet normal -0.290298 -0.956936 0
    outer loop
      vertex -45.5368 29.3559 3
      vertex -44.1299 28.9291 4.2
      vertex -45.5368 29.3559 4.2
    endloop
  endfacet
  facet normal -0.290298 -0.956936 -0
    outer loop
      vertex -44.1299 28.9291 4.2
      vertex -45.5368 29.3559 3
      vertex -44.1299 28.9291 3
    endloop
  endfacet
  facet normal 0.995186 -0.0980086 0
    outer loop
      vertex -54.5 22 4.2
      vertex -54.3559 23.4632 3
      vertex -54.3559 23.4632 4.2
    endloop
  endfacet
  facet normal 0.995186 -0.0980086 0
    outer loop
      vertex -54.3559 23.4632 3
      vertex -54.5 22 4.2
      vertex -54.5 22 3
    endloop
  endfacet
  facet normal 0.773011 -0.634393 0
    outer loop
      vertex -53.236 26.1668 4.2
      vertex -52.3033 27.3033 3
      vertex -52.3033 27.3033 4.2
    endloop
  endfacet
  facet normal 0.773011 -0.634393 0
    outer loop
      vertex -52.3033 27.3033 3
      vertex -53.236 26.1668 4.2
      vertex -53.236 26.1668 3
    endloop
  endfacet
  facet normal 0.471396 -0.881921 0
    outer loop
      vertex -51.1668 28.236 3
      vertex -49.8701 28.9291 4.2
      vertex -51.1668 28.236 4.2
    endloop
  endfacet
  facet normal 0.471396 -0.881921 0
    outer loop
      vertex -49.8701 28.9291 4.2
      vertex -51.1668 28.236 3
      vertex -49.8701 28.9291 3
    endloop
  endfacet
  facet normal 0.0980086 -0.995186 0
    outer loop
      vertex -48.4632 29.3559 3
      vertex -47 29.5 4.2
      vertex -48.4632 29.3559 4.2
    endloop
  endfacet
  facet normal 0.0980086 -0.995186 0
    outer loop
      vertex -47 29.5 4.2
      vertex -48.4632 29.3559 3
      vertex -47 29.5 3
    endloop
  endfacet
  facet normal 0.634393 -0.773011 0
    outer loop
      vertex -52.3033 27.3033 3
      vertex -51.1668 28.236 4.2
      vertex -52.3033 27.3033 4.2
    endloop
  endfacet
  facet normal 0.634393 -0.773011 0
    outer loop
      vertex -51.1668 28.236 4.2
      vertex -52.3033 27.3033 3
      vertex -51.1668 28.236 3
    endloop
  endfacet
  facet normal -0.995186 -0.0980086 0
    outer loop
      vertex -39.5 22 3
      vertex -39.6441 23.4632 4.2
      vertex -39.6441 23.4632 3
    endloop
  endfacet
  facet normal -0.995186 -0.0980086 0
    outer loop
      vertex -39.6441 23.4632 4.2
      vertex -39.5 22 3
      vertex -39.5 22 4.2
    endloop
  endfacet
  facet normal -0.0980086 0.995186 0
    outer loop
      vertex -45.5368 14.6441 3
      vertex -47 14.5 4.2
      vertex -45.5368 14.6441 4.2
    endloop
  endfacet
  facet normal -0.0980086 0.995186 0
    outer loop
      vertex -47 14.5 4.2
      vertex -45.5368 14.6441 3
      vertex -47 14.5 3
    endloop
  endfacet
  facet normal -0.956936 0.290298 0
    outer loop
      vertex -40.0709 19.1299 3
      vertex -39.6441 20.5368 4.2
      vertex -39.6441 20.5368 3
    endloop
  endfacet
  facet normal -0.956936 0.290298 0
    outer loop
      vertex -39.6441 20.5368 4.2
      vertex -40.0709 19.1299 3
      vertex -40.0709 19.1299 4.2
    endloop
  endfacet
  facet normal -0.290298 0.956936 0
    outer loop
      vertex -44.1299 15.0709 3
      vertex -45.5368 14.6441 4.2
      vertex -44.1299 15.0709 4.2
    endloop
  endfacet
  facet normal -0.290298 0.956936 0
    outer loop
      vertex -45.5368 14.6441 4.2
      vertex -44.1299 15.0709 3
      vertex -45.5368 14.6441 3
    endloop
  endfacet
  facet normal -0.471396 0.881921 0
    outer loop
      vertex -42.8332 15.764 3
      vertex -44.1299 15.0709 4.2
      vertex -42.8332 15.764 4.2
    endloop
  endfacet
  facet normal -0.471396 0.881921 0
    outer loop
      vertex -44.1299 15.0709 4.2
      vertex -42.8332 15.764 3
      vertex -44.1299 15.0709 3
    endloop
  endfacet
  facet normal 0.0980086 0.995186 -0
    outer loop
      vertex -47 14.5 3
      vertex -48.4632 14.6441 4.2
      vertex -47 14.5 4.2
    endloop
  endfacet
  facet normal 0.0980086 0.995186 0
    outer loop
      vertex -48.4632 14.6441 4.2
      vertex -47 14.5 3
      vertex -48.4632 14.6441 3
    endloop
  endfacet
  facet normal 0.634393 0.773011 -0
    outer loop
      vertex -51.1668 15.764 3
      vertex -52.3033 16.6967 4.2
      vertex -51.1668 15.764 4.2
    endloop
  endfacet
  facet normal 0.634393 0.773011 0
    outer loop
      vertex -52.3033 16.6967 4.2
      vertex -51.1668 15.764 3
      vertex -52.3033 16.6967 3
    endloop
  endfacet
  facet normal 0.881921 0.471396 0
    outer loop
      vertex -53.236 17.8332 4.2
      vertex -53.9291 19.1299 3
      vertex -53.9291 19.1299 4.2
    endloop
  endfacet
  facet normal 0.881921 0.471396 0
    outer loop
      vertex -53.9291 19.1299 3
      vertex -53.236 17.8332 4.2
      vertex -53.236 17.8332 3
    endloop
  endfacet
  facet normal 0.995186 0.0980086 0
    outer loop
      vertex -54.3559 20.5368 4.2
      vertex -54.5 22 3
      vertex -54.5 22 4.2
    endloop
  endfacet
  facet normal 0.995186 0.0980086 0
    outer loop
      vertex -54.5 22 3
      vertex -54.3559 20.5368 4.2
      vertex -54.3559 20.5368 3
    endloop
  endfacet
  facet normal -0.773011 0.634393 0
    outer loop
      vertex -41.6967 16.6967 3
      vertex -40.764 17.8332 4.2
      vertex -40.764 17.8332 3
    endloop
  endfacet
  facet normal -0.773011 0.634393 0
    outer loop
      vertex -40.764 17.8332 4.2
      vertex -41.6967 16.6967 3
      vertex -41.6967 16.6967 4.2
    endloop
  endfacet
  facet normal -0.881921 0.471396 0
    outer loop
      vertex -40.764 17.8332 3
      vertex -40.0709 19.1299 4.2
      vertex -40.0709 19.1299 3
    endloop
  endfacet
  facet normal -0.881921 0.471396 0
    outer loop
      vertex -40.0709 19.1299 4.2
      vertex -40.764 17.8332 3
      vertex -40.764 17.8332 4.2
    endloop
  endfacet
  facet normal 0.471396 0.881921 -0
    outer loop
      vertex -49.8701 15.0709 3
      vertex -51.1668 15.764 4.2
      vertex -49.8701 15.0709 4.2
    endloop
  endfacet
  facet normal 0.471396 0.881921 0
    outer loop
      vertex -51.1668 15.764 4.2
      vertex -49.8701 15.0709 3
      vertex -51.1668 15.764 3
    endloop
  endfacet
  facet normal 0.956936 0.290298 0
    outer loop
      vertex -53.9291 19.1299 4.2
      vertex -54.3559 20.5368 3
      vertex -54.3559 20.5368 4.2
    endloop
  endfacet
  facet normal 0.956936 0.290298 0
    outer loop
      vertex -54.3559 20.5368 3
      vertex -53.9291 19.1299 4.2
      vertex -53.9291 19.1299 3
    endloop
  endfacet
  facet normal 0.773011 0.634393 0
    outer loop
      vertex -52.3033 16.6967 4.2
      vertex -53.236 17.8332 3
      vertex -53.236 17.8332 4.2
    endloop
  endfacet
  facet normal 0.773011 0.634393 0
    outer loop
      vertex -53.236 17.8332 3
      vertex -52.3033 16.6967 4.2
      vertex -52.3033 16.6967 3
    endloop
  endfacet
  facet normal 0 1 -0
    outer loop
      vertex 4.1 -7.1 0
      vertex 0.997035 -7.1 3
      vertex 4.1 -7.1 3
    endloop
  endfacet
  facet normal 0 1 0
    outer loop
      vertex 0.997035 -7.1 3
      vertex 4.1 -7.1 0
      vertex 0.997035 -7.1 0
    endloop
  endfacet
  facet normal 0 1 -0
    outer loop
      vertex 12.1 -7.1 0
      vertex 5.9 -7.1 3
      vertex 12.1 -7.1 3
    endloop
  endfacet
  facet normal 0 1 0
    outer loop
      vertex 5.9 -7.1 3
      vertex 12.1 -7.1 0
      vertex 5.9 -7.1 0
    endloop
  endfacet
  facet normal 0 1 -0
    outer loop
      vertex 20.1 -7.1 0
      vertex 13.9 -7.1 3
      vertex 20.1 -7.1 3
    endloop
  endfacet
  facet normal 0 1 0
    outer loop
      vertex 13.9 -7.1 3
      vertex 20.1 -7.1 0
      vertex 13.9 -7.1 0
    endloop
  endfacet
  facet normal 0 1 -0
    outer loop
      vertex 25.003 -7.1 0
      vertex 21.9 -7.1 3
      vertex 25.003 -7.1 3
    endloop
  endfacet
  facet normal 0 1 0
    outer loop
      vertex 21.9 -7.1 3
      vertex 25.003 -7.1 0
      vertex 21.9 -7.1 0
    endloop
  endfacet
  facet normal 0 -1 0
    outer loop
      vertex 2.28024 -8.9 0
      vertex 4.1 -8.9 3
      vertex 2.28024 -8.9 3
    endloop
  endfacet
  facet normal 0 -1 -0
    outer loop
      vertex 4.1 -8.9 3
      vertex 2.28024 -8.9 0
      vertex 4.1 -8.9 0
    endloop
  endfacet
  facet normal 0 -1 0
    outer loop
      vertex 5.9 -8.9 0
      vertex 12.1 -8.9 3
      vertex 5.9 -8.9 3
    endloop
  endfacet
  facet normal 0 -1 -0
    outer loop
      vertex 12.1 -8.9 3
      vertex 5.9 -8.9 0
      vertex 12.1 -8.9 0
    endloop
  endfacet
  facet normal 0 -1 0
    outer loop
      vertex 13.9 -8.9 0
      vertex 20.1 -8.9 3
      vertex 13.9 -8.9 3
    endloop
  endfacet
  facet normal 0 -1 -0
    outer loop
      vertex 20.1 -8.9 3
      vertex 13.9 -8.9 0
      vertex 20.1 -8.9 0
    endloop
  endfacet
  facet normal 0 -1 0
    outer loop
      vertex 21.9 -8.9 0
      vertex 23.7198 -8.9 3
      vertex 21.9 -8.9 3
    endloop
  endfacet
  facet normal 0 -1 -0
    outer loop
      vertex 23.7198 -8.9 3
      vertex 21.9 -8.9 0
      vertex 23.7198 -8.9 0
    endloop
  endfacet
  facet normal -1 0 0
    outer loop
      vertex 4.1 -10.7198 0
      vertex 4.1 -8.9 3
      vertex 4.1 -8.9 0
    endloop
  endfacet
  facet normal -1 -0 0
    outer loop
      vertex 4.1 -8.9 3
      vertex 4.1 -10.7198 0
      vertex 4.1 -10.7198 3
    endloop
  endfacet
  facet normal -1 0 0
    outer loop
      vertex 4.1 -7.1 0
      vertex 4.1 -0.9 3
      vertex 4.1 -0.9 0
    endloop
  endfacet
  facet normal -1 -0 0
    outer loop
      vertex 4.1 -0.9 3
      vertex 4.1 -7.1 0
      vertex 4.1 -7.1 3
    endloop
  endfacet
  facet normal -1 0 0
    outer loop
      vertex 4.1 0.9 0
      vertex 4.1 7.1 3
      vertex 4.1 7.1 0
    endloop
  endfacet
  facet normal -1 -0 0
    outer loop
      vertex 4.1 7.1 3
      vertex 4.1 0.9 0
      vertex 4.1 0.9 3
    endloop
  endfacet
  facet normal -1 0 0
    outer loop
      vertex 4.1 8.9 0
      vertex 4.1 10.7198 3
      vertex 4.1 10.7198 0
    endloop
  endfacet
  facet normal -1 -0 0
    outer loop
      vertex 4.1 10.7198 3
      vertex 4.1 8.9 0
      vertex 4.1 8.9 3
    endloop
  endfacet
  facet normal 1 -0 0
    outer loop
      vertex 5.9 -12.003 3
      vertex 5.9 -8.9 0
      vertex 5.9 -8.9 3
    endloop
  endfacet
  facet normal 1 0 0
    outer loop
      vertex 5.9 -8.9 0
      vertex 5.9 -12.003 3
      vertex 5.9 -12.003 0
    endloop
  endfacet
  facet normal 1 -0 0
    outer loop
      vertex 5.9 -7.1 3
      vertex 5.9 -0.9 0
      vertex 5.9 -0.9 3
    endloop
  endfacet
  facet normal 1 0 0
    outer loop
      vertex 5.9 -0.9 0
      vertex 5.9 -7.1 3
      vertex 5.9 -7.1 0
    endloop
  endfacet
  facet normal 1 -0 0
    outer loop
      vertex 5.9 0.9 3
      vertex 5.9 7.1 0
      vertex 5.9 7.1 3
    endloop
  endfacet
  facet normal 1 0 0
    outer loop
      vertex 5.9 7.1 0
      vertex 5.9 0.9 3
      vertex 5.9 0.9 0
    endloop
  endfacet
  facet normal 1 -0 0
    outer loop
      vertex 5.9 8.9 3
      vertex 5.9 12.003 0
      vertex 5.9 12.003 3
    endloop
  endfacet
  facet normal 1 0 0
    outer loop
      vertex 5.9 12.003 0
      vertex 5.9 8.9 3
      vertex 5.9 8.9 0
    endloop
  endfacet
  facet normal 0 1 -0
    outer loop
      vertex 4.1 0.9 0
      vertex -0.911358 0.9 3
      vertex 4.1 0.9 3
    endloop
  endfacet
  facet normal 0 1 0
    outer loop
      vertex -0.911358 0.9 3
      vertex 4.1 0.9 0
      vertex -0.911358 0.9 0
    endloop
  endfacet
  facet normal 0 1 -0
    outer loop
      vertex 12.1 0.9 0
      vertex 5.9 0.9 3
      vertex 12.1 0.9 3
    endloop
  endfacet
  facet normal 0 1 0
    outer loop
      vertex 5.9 0.9 3
      vertex 12.1 0.9 0
      vertex 5.9 0.9 0
    endloop
  endfacet
  facet normal 0 1 -0
    outer loop
      vertex 20.1 0.9 0
      vertex 13.9 0.9 3
      vertex 20.1 0.9 3
    endloop
  endfacet
  facet normal 0 1 0
    outer loop
      vertex 13.9 0.9 3
      vertex 20.1 0.9 0
      vertex 13.9 0.9 0
    endloop
  endfacet
  facet normal 0 1 -0
    outer loop
      vertex 26.9114 0.9 0
      vertex 21.9 0.9 3
      vertex 26.9114 0.9 3
    endloop
  endfacet
  facet normal 0 1 0
    outer loop
      vertex 21.9 0.9 3
      vertex 26.9114 0.9 0
      vertex 21.9 0.9 0
    endloop
  endfacet
  facet normal 0 -1 0
    outer loop
      vertex -0.911358 -0.9 0
      vertex 4.1 -0.9 3
      vertex -0.911358 -0.9 3
    endloop
  endfacet
  facet normal 0 -1 -0
    outer loop
      vertex 4.1 -0.9 3
      vertex -0.911358 -0.9 0
      vertex 4.1 -0.9 0
    endloop
  endfacet
  facet normal 0 -1 0
    outer loop
      vertex 5.9 -0.9 0
      vertex 12.1 -0.9 3
      vertex 5.9 -0.9 3
    endloop
  endfacet
  facet normal 0 -1 -0
    outer loop
      vertex 12.1 -0.9 3
      vertex 5.9 -0.9 0
      vertex 12.1 -0.9 0
    endloop
  endfacet
  facet normal 0 -1 0
    outer loop
      vertex 13.9 -0.9 0
      vertex 20.1 -0.9 3
      vertex 13.9 -0.9 3
    endloop
  endfacet
  facet normal 0 -1 -0
    outer loop
      vertex 20.1 -0.9 3
      vertex 13.9 -0.9 0
      vertex 20.1 -0.9 0
    endloop
  endfacet
  facet normal 0 -1 0
    outer loop
      vertex 21.9 -0.9 0
      vertex 26.9114 -0.9 3
      vertex 21.9 -0.9 3
    endloop
  endfacet
  facet normal 0 -1 -0
    outer loop
      vertex 26.9114 -0.9 3
      vertex 21.9 -0.9 0
      vertex 26.9114 -0.9 0
    endloop
  endfacet
  facet normal -1 0 0
    outer loop
      vertex 12.1 -13.9114 0
      vertex 12.1 -8.9 3
      vertex 12.1 -8.9 0
    endloop
  endfacet
  facet normal -1 -0 0
    outer loop
      vertex 12.1 -8.9 3
      vertex 12.1 -13.9114 0
      vertex 12.1 -13.9114 3
    endloop
  endfacet
  facet normal -1 0 0
    outer loop
      vertex 12.1 -7.1 0
      vertex 12.1 -0.9 3
      vertex 12.1 -0.9 0
    endloop
  endfacet
  facet normal -1 -0 0
    outer loop
      vertex 12.1 -0.9 3
      vertex 12.1 -7.1 0
      vertex 12.1 -7.1 3
    endloop
  endfacet
  facet normal -1 0 0
    outer loop
      vertex 12.1 0.9 0
      vertex 12.1 7.1 3
      vertex 12.1 7.1 0
    endloop
  endfacet
  facet normal -1 -0 0
    outer loop
      vertex 12.1 7.1 3
      vertex 12.1 0.9 0
      vertex 12.1 0.9 3
    endloop
  endfacet
  facet normal -1 0 0
    outer loop
      vertex 12.1 8.9 0
      vertex 12.1 13.9114 3
      vertex 12.1 13.9114 0
    endloop
  endfacet
  facet normal -1 -0 0
    outer loop
      vertex 12.1 13.9114 3
      vertex 12.1 8.9 0
      vertex 12.1 8.9 3
    endloop
  endfacet
  facet normal 1 -0 0
    outer loop
      vertex 13.9 -13.9114 3
      vertex 13.9 -8.9 0
      vertex 13.9 -8.9 3
    endloop
  endfacet
  facet normal 1 0 0
    outer loop
      vertex 13.9 -8.9 0
      vertex 13.9 -13.9114 3
      vertex 13.9 -13.9114 0
    endloop
  endfacet
  facet normal 1 -0 0
    outer loop
      vertex 13.9 -7.1 3
      vertex 13.9 -0.9 0
      vertex 13.9 -0.9 3
    endloop
  endfacet
  facet normal 1 0 0
    outer loop
      vertex 13.9 -0.9 0
      vertex 13.9 -7.1 3
      vertex 13.9 -7.1 0
    endloop
  endfacet
  facet normal 1 -0 0
    outer loop
      vertex 13.9 0.9 3
      vertex 13.9 7.1 0
      vertex 13.9 7.1 3
    endloop
  endfacet
  facet normal 1 0 0
    outer loop
      vertex 13.9 7.1 0
      vertex 13.9 0.9 3
      vertex 13.9 0.9 0
    endloop
  endfacet
  facet normal 1 -0 0
    outer loop
      vertex 13.9 8.9 3
      vertex 13.9 13.9114 0
      vertex 13.9 13.9114 3
    endloop
  endfacet
  facet normal 1 0 0
    outer loop
      vertex 13.9 13.9114 0
      vertex 13.9 8.9 3
      vertex 13.9 8.9 0
    endloop
  endfacet
  facet normal 0 -1 0
    outer loop
      vertex 13.9 7.1 0
      vertex 20.1 7.1 3
      vertex 13.9 7.1 3
    endloop
  endfacet
  facet normal 0 -1 -0
    outer loop
      vertex 20.1 7.1 3
      vertex 13.9 7.1 0
      vertex 20.1 7.1 0
    endloop
  endfacet
  facet normal 0 -1 0
    outer loop
      vertex 21.9 7.1 0
      vertex 25.003 7.1 3
      vertex 21.9 7.1 3
    endloop
  endfacet
  facet normal 0 -1 -0
    outer loop
      vertex 25.003 7.1 3
      vertex 21.9 7.1 0
      vertex 25.003 7.1 0
    endloop
  endfacet
  facet normal 0 -1 0
    outer loop
      vertex 0.997035 7.1 0
      vertex 4.1 7.1 3
      vertex 0.997035 7.1 3
    endloop
  endfacet
  facet normal 0 -1 -0
    outer loop
      vertex 4.1 7.1 3
      vertex 0.997035 7.1 0
      vertex 4.1 7.1 0
    endloop
  endfacet
  facet normal 0 -1 0
    outer loop
      vertex 5.9 7.1 0
      vertex 12.1 7.1 3
      vertex 5.9 7.1 3
    endloop
  endfacet
  facet normal 0 -1 -0
    outer loop
      vertex 12.1 7.1 3
      vertex 5.9 7.1 0
      vertex 12.1 7.1 0
    endloop
  endfacet
  facet normal 0 1 -0
    outer loop
      vertex 20.1 8.9 0
      vertex 13.9 8.9 3
      vertex 20.1 8.9 3
    endloop
  endfacet
  facet normal 0 1 0
    outer loop
      vertex 13.9 8.9 3
      vertex 20.1 8.9 0
      vertex 13.9 8.9 0
    endloop
  endfacet
  facet normal 0 1 -0
    outer loop
      vertex 23.7198 8.9 0
      vertex 21.9 8.9 3
      vertex 23.7198 8.9 3
    endloop
  endfacet
  facet normal 0 1 0
    outer loop
      vertex 21.9 8.9 3
      vertex 23.7198 8.9 0
      vertex 21.9 8.9 0
    endloop
  endfacet
  facet normal 0 1 -0
    outer loop
      vertex 4.1 8.9 0
      vertex 2.28024 8.9 3
      vertex 4.1 8.9 3
    endloop
  endfacet
  facet normal 0 1 0
    outer loop
      vertex 2.28024 8.9 3
      vertex 4.1 8.9 0
      vertex 2.28024 8.9 0
    endloop
  endfacet
  facet normal 0 1 -0
    outer loop
      vertex 12.1 8.9 0
      vertex 5.9 8.9 3
      vertex 12.1 8.9 3
    endloop
  endfacet
  facet normal 0 1 0
    outer loop
      vertex 5.9 8.9 3
      vertex 12.1 8.9 0
      vertex 5.9 8.9 0
    endloop
  endfacet
  facet normal -1 0 0
    outer loop
      vertex 20.1 0.9 0
      vertex 20.1 7.1 3
      vertex 20.1 7.1 0
    endloop
  endfacet
  facet normal -1 -0 0
    outer loop
      vertex 20.1 7.1 3
      vertex 20.1 0.9 0
      vertex 20.1 0.9 3
    endloop
  endfacet
  facet normal -1 0 0
    outer loop
      vertex 20.1 8.9 0
      vertex 20.1 12.003 3
      vertex 20.1 12.003 0
    endloop
  endfacet
  facet normal -1 -0 0
    outer loop
      vertex 20.1 12.003 3
      vertex 20.1 8.9 0
      vertex 20.1 8.9 3
    endloop
  endfacet
  facet normal -1 0 0
    outer loop
      vertex 20.1 -12.003 0
      vertex 20.1 -8.9 3
      vertex 20.1 -8.9 0
    endloop
  endfacet
  facet normal -1 -0 0
    outer loop
      vertex 20.1 -8.9 3
      vertex 20.1 -12.003 0
      vertex 20.1 -12.003 3
    endloop
  endfacet
  facet normal -1 0 0
    outer loop
      vertex 20.1 -7.1 0
      vertex 20.1 -0.9 3
      vertex 20.1 -0.9 0
    endloop
  endfacet
  facet normal -1 -0 0
    outer loop
      vertex 20.1 -0.9 3
      vertex 20.1 -7.1 0
      vertex 20.1 -7.1 3
    endloop
  endfacet
  facet normal 1 -0 0
    outer loop
      vertex 21.9 0.9 3
      vertex 21.9 7.1 0
      vertex 21.9 7.1 3
    endloop
  endfacet
  facet normal 1 0 0
    outer loop
      vertex 21.9 7.1 0
      vertex 21.9 0.9 3
      vertex 21.9 0.9 0
    endloop
  endfacet
  facet normal 1 -0 0
    outer loop
      vertex 21.9 8.9 3
      vertex 21.9 10.7198 0
      vertex 21.9 10.7198 3
    endloop
  endfacet
  facet normal 1 0 0
    outer loop
      vertex 21.9 10.7198 0
      vertex 21.9 8.9 3
      vertex 21.9 8.9 0
    endloop
  endfacet
  facet normal 1 -0 0
    outer loop
      vertex 21.9 -10.7198 3
      vertex 21.9 -8.9 0
      vertex 21.9 -8.9 3
    endloop
  endfacet
  facet normal 1 0 0
    outer loop
      vertex 21.9 -8.9 0
      vertex 21.9 -10.7198 3
      vertex 21.9 -10.7198 0
    endloop
  endfacet
  facet normal 1 -0 0
    outer loop
      vertex 21.9 -7.1 3
      vertex 21.9 -0.9 0
      vertex 21.9 -0.9 3
    endloop
  endfacet
  facet normal 1 0 0
    outer loop
      vertex 21.9 -0.9 0
      vertex 21.9 -7.1 3
      vertex 21.9 -7.1 0
    endloop
  endfacet
endsolid OpenSCAD_Model
